{
	"type" : "FeatureCollection",
	"name" : "Boating_Ramps",
	"features" : [
		{
			"type" : "Feature",
			"geometry" : {
				"type" : "Point",
				"coordinates" : [ 153.4652883272, -28.9546608446 ]
			},
			"properties" : {
				"ASSET_OWNER" : "Ballina Shire Council",
				"BOAT_RAMP_ID" : 158,
				"DESCRIPTION" : "East Wardell Boat Ramp",
				"CONTACT_NUMBER" : "1300 864 444",
				"STREET" : "River Street",
				"SUBURB" : "East Wardell",
				"WATERWAY" : "Richmond River",
				"STATE" : "NSW",
				"POSTCODE" : 2477,
				"NO_OF_RAMP_LANE" : "1",
				"CAR_TRAILER_SPACE" : "10",
				"WATERWAY_ACCESS" : "All Times",
				"CONDITION" : "Good",
				"CONSTRUCTION_MATERIAL" : "Concrete",
				"BBQ" : "No",
				"FEE_PAYABLE" : "No",
				"FISH_CLEAN_TABLE" : "Yes",
				"FUEL" : "No",
				"KIOSK" : "No",
				"LIGHTING" : "No",
				"TOILET" : "No",
				"WASTE_BIN" : "Yes",
				"RAMP_PONTOON" : "No",
				"PONTOON_JETTY_NEARBY" : "Yes"
			}
		},
		{
			"type" : "Feature",
			"geometry" : {
				"type" : "Point",
				"coordinates" : [ 153.5706570252, -28.8601650855 ]
			},
			"properties" : {
				"ASSET_OWNER" : "Ballina Shire Council",
				"BOAT_RAMP_ID" : 99,
				"DESCRIPTION" : "Cawarra Park Boat Ramp",
				"CONTACT_NUMBER" : "1300 864 444",
				"STREET" : "Cnr of Cawarra Street & Martin Steet",
				"SUBURB" : "Ballina",
				"WATERWAY" : "Richmond River (North Creek)",
				"STATE" : "NSW",
				"POSTCODE" : 2478,
				"NO_OF_RAMP_LANE" : "1",
				"CAR_TRAILER_SPACE" : "10",
				"WATERWAY_ACCESS" : "Shallow At Times",
				"CONDITION" : "Fair",
				"CONSTRUCTION_MATERIAL" : "Concrete",
				"BBQ" : "No",
				"FEE_PAYABLE" : "No",
				"FISH_CLEAN_TABLE" : "Yes",
				"FUEL" : "No",
				"KIOSK" : "No",
				"LIGHTING" : "Yes",
				"TOILET" : "Yes",
				"WASTE_BIN" : "Yes",
				"RAMP_PONTOON" : "No",
				"PONTOON_JETTY_NEARBY" : "No"
			}
		},
		{
			"type" : "Feature",
			"geometry" : {
				"type" : "Point",
				"coordinates" : [ 153.5228717934, -28.8645216727 ]
			},
			"properties" : {
				"ASSET_OWNER" : "Ballina Shire Council",
				"BOAT_RAMP_ID" : 163,
				"DESCRIPTION" : "Emigrant Creek Boat Ramp ",
				"CONTACT_NUMBER" : "1300 864 444",
				"STREET" : "River Street",
				"SUBURB" : "West Ballina",
				"WATERWAY" : "Emigrant Creek",
				"STATE" : "NSW",
				"POSTCODE" : 2478,
				"NO_OF_RAMP_LANE" : "2",
				"CAR_TRAILER_SPACE" : "20",
				"WATERWAY_ACCESS" : "All Times",
				"CONDITION" : "Good",
				"CONSTRUCTION_MATERIAL" : "Concrete",
				"BBQ" : "No",
				"FEE_PAYABLE" : "No",
				"FISH_CLEAN_TABLE" : "No",
				"FUEL" : "No",
				"KIOSK" : "No",
				"LIGHTING" : "No",
				"TOILET" : "No",
				"WASTE_BIN" : "Yes",
				"RAMP_PONTOON" : "Yes",
				"PONTOON_JETTY_NEARBY" : "Yes"
			}
		},
		{
			"type" : "Feature",
			"geometry" : {
				"type" : "Point",
				"coordinates" : [ 152.99483223, -30.6564786424 ]
			},
			"properties" : {
				"ASSET_OWNER" : "Nambucca Valley Council",
				"BOAT_RAMP_ID" : 206,
				"DESCRIPTION" : "Stuart Island - Nambucca Heads",
				"CONTACT_NUMBER" : "02 6568 2555",
				"STREET" : "Riverside Drive",
				"SUBURB" : "Nambucca Heads",
				"WATERWAY" : "Nambucca River",
				"STATE" : "NSW",
				"POSTCODE" : 2448,
				"NO_OF_RAMP_LANE" : "2",
				"CAR_TRAILER_SPACE" : "23",
				"WATERWAY_ACCESS" : "All Times",
				"CONDITION" : "Good",
				"CONSTRUCTION_MATERIAL" : "Concrete",
				"BBQ" : "Yes",
				"FEE_PAYABLE" : "No",
				"FISH_CLEAN_TABLE" : "Yes",
				"FUEL" : "No",
				"KIOSK" : "No",
				"LIGHTING" : "Yes",
				"TOILET" : "Yes",
				"WASTE_BIN" : "Yes",
				"RAMP_PONTOON" : "No",
				"PONTOON_JETTY_NEARBY" : "Yes"
			}
		},
		{
			"type" : "Feature",
			"geometry" : {
				"type" : "Point",
				"coordinates" : [ 153.5306082669, -28.8706894703 ]
			},
			"properties" : {
				"ASSET_OWNER" : "Ballina Shire Council",
				"BOAT_RAMP_ID" : 177,
				"DESCRIPTION" : "Faulks Reserve Boat Ramp",
				"CONTACT_NUMBER" : "1300 864 444",
				"STREET" : "Riverside Drive",
				"SUBURB" : "West Ballina",
				"WATERWAY" : "Richmond River",
				"STATE" : "NSW",
				"POSTCODE" : 2478,
				"NO_OF_RAMP_LANE" : "1",
				"CAR_TRAILER_SPACE" : "24",
				"WATERWAY_ACCESS" : "All Times",
				"CONDITION" : "Good",
				"CONSTRUCTION_MATERIAL" : "Concrete",
				"BBQ" : "No",
				"FEE_PAYABLE" : "No",
				"FISH_CLEAN_TABLE" : "No",
				"FUEL" : "No",
				"KIOSK" : "No",
				"LIGHTING" : "No",
				"TOILET" : "Yes",
				"WASTE_BIN" : "Yes",
				"RAMP_PONTOON" : "Yes",
				"PONTOON_JETTY_NEARBY" : "Yes"
			}
		},
		{
			"type" : "Feature",
			"geometry" : {
				"type" : "Point",
				"coordinates" : [ 153.5668487459, -28.8736751423 ]
			},
			"properties" : {
				"ASSET_OWNER" : "Ballina Shire Council",
				"BOAT_RAMP_ID" : 17,
				"DESCRIPTION" : "Ballina Yacht Club Boat Ramp",
				"CONTACT_NUMBER" : "1300 864 444",
				"STREET" : "River Street",
				"SUBURB" : "Ballina",
				"WATERWAY" : "Richmond River",
				"STATE" : "NSW",
				"POSTCODE" : 2478,
				"NO_OF_RAMP_LANE" : "2",
				"CAR_TRAILER_SPACE" : "25",
				"WATERWAY_ACCESS" : "All Times",
				"CONDITION" : "Good",
				"CONSTRUCTION_MATERIAL" : "Concrete",
				"BBQ" : "No",
				"FEE_PAYABLE" : "No",
				"FISH_CLEAN_TABLE" : "Yes",
				"FUEL" : "No",
				"KIOSK" : "No",
				"LIGHTING" : "Yes",
				"TOILET" : "No",
				"WASTE_BIN" : "Yes",
				"RAMP_PONTOON" : "No",
				"PONTOON_JETTY_NEARBY" : "No"
			}
		},
		{
			"type" : "Feature",
			"geometry" : {
				"type" : "Point",
				"coordinates" : [ 151.3075869525, -33.7388285295 ]
			},
			"properties" : {
				"ASSET_OWNER" : "Northern Beaches Council",
				"BOAT_RAMP_ID" : 185,
				"DESCRIPTION" : "Fishermans Beach Long Reef Boat Ramp",
				"CONTACT_NUMBER" : "1300 434 434",
				"STREET" : "Anzac Avenue",
				"SUBURB" : "Collaroy",
				"WATERWAY" : "Ocean",
				"STATE" : "NSW",
				"POSTCODE" : 2097,
				"NO_OF_RAMP_LANE" : "2",
				"CAR_TRAILER_SPACE" : "25",
				"WATERWAY_ACCESS" : "All Times",
				"CONDITION" : "Good",
				"CONSTRUCTION_MATERIAL" : "Concrete",
				"BBQ" : "No",
				"FEE_PAYABLE" : "No",
				"FISH_CLEAN_TABLE" : "Yes",
				"FUEL" : "No",
				"KIOSK" : "No",
				"LIGHTING" : "Yes",
				"TOILET" : "Yes",
				"WASTE_BIN" : "Yes",
				"RAMP_PONTOON" : "No",
				"PONTOON_JETTY_NEARBY" : "No"
			}
		},
		{
			"type" : "Feature",
			"geometry" : {
				"type" : "Point",
				"coordinates" : [ 151.1691764012, -33.8426773482 ]
			},
			"properties" : {
				"ASSET_OWNER" : "The Council Of The Municipality Of Hunters Hill",
				"BOAT_RAMP_ID" : 341,
				"DESCRIPTION" : "Margaret St, Woolwich",
				"CONTACT_NUMBER" : "02 9879 9400",
				"STREET" : "Margaret Street",
				"SUBURB" : "Woolwich",
				"WATERWAY" : "Parramatta River",
				"STATE" : "NSW",
				"POSTCODE" : 2110,
				"NO_OF_RAMP_LANE" : "2",
				"CAR_TRAILER_SPACE" : "27",
				"WATERWAY_ACCESS" : "Shallow At Times",
				"CONDITION" : "Good",
				"CONSTRUCTION_MATERIAL" : "Concrete",
				"BBQ" : "No",
				"FEE_PAYABLE" : "No",
				"FISH_CLEAN_TABLE" : "No",
				"FUEL" : "No",
				"KIOSK" : "No",
				"LIGHTING" : "No",
				"TOILET" : "No",
				"WASTE_BIN" : "No",
				"RAMP_PONTOON" : "Yes",
				"PONTOON_JETTY_NEARBY" : "Yes"
			}
		},
		{
			"type" : "Feature",
			"geometry" : {
				"type" : "Point",
				"coordinates" : [ 150.8328475926, -33.5996662043 ]
			},
			"properties" : {
				"ASSET_OWNER" : "Hawkesbury City Council",
				"BOAT_RAMP_ID" : 599,
				"DESCRIPTION" : "Governor Phillip Reserve Boat Ramp",
				"CONTACT_NUMBER" : "02 4560 4444",
				"STREET" : "George Street",
				"SUBURB" : "Windsor",
				"WATERWAY" : "Hawkesbury River",
				"STATE" : "NSW",
				"POSTCODE" : 2756,
				"NO_OF_RAMP_LANE" : "4",
				"CAR_TRAILER_SPACE" : "50",
				"WATERWAY_ACCESS" : "All Times",
				"CONDITION" : "Good",
				"CONSTRUCTION_MATERIAL" : "Concrete",
				"BBQ" : "Yes",
				"FEE_PAYABLE" : "No",
				"FISH_CLEAN_TABLE" : "Yes",
				"FUEL" : "No",
				"KIOSK" : "No",
				"LIGHTING" : "No",
				"TOILET" : "Yes",
				"WASTE_BIN" : "Yes",
				"RAMP_PONTOON" : "Yes",
				"PONTOON_JETTY_NEARBY" : "Yes"
			}
		},
		{
			"type" : "Feature",
			"geometry" : {
				"type" : "Point",
				"coordinates" : [ 153.5467373099, -28.8649754788 ]
			},
			"properties" : {
				"ASSET_OWNER" : "Ballina Shire Council",
				"BOAT_RAMP_ID" : 183,
				"DESCRIPTION" : "Fishery Creek Boat Ramp",
				"CONTACT_NUMBER" : "1300 864 444",
				"STREET" : "Johnson Drive",
				"SUBURB" : "West Ballina",
				"WATERWAY" : "North Creek / Fishery Creek",
				"STATE" : "NSW",
				"POSTCODE" : 2478,
				"NO_OF_RAMP_LANE" : "2",
				"CAR_TRAILER_SPACE" : "75",
				"WATERWAY_ACCESS" : "All Times",
				"CONDITION" : "Good",
				"CONSTRUCTION_MATERIAL" : "Concrete",
				"BBQ" : "No",
				"FEE_PAYABLE" : "No",
				"FISH_CLEAN_TABLE" : "Yes",
				"FUEL" : "No",
				"KIOSK" : "No",
				"LIGHTING" : "Yes",
				"TOILET" : "Yes",
				"WASTE_BIN" : "Yes",
				"RAMP_PONTOON" : "Yes",
				"PONTOON_JETTY_NEARBY" : "Yes"
			}
		},
		{
			"type" : "Feature",
			"geometry" : {
				"type" : "Point",
				"coordinates" : [ 152.98949239, -30.9914342 ]
			},
			"properties" : {
				"ASSET_OWNER" : "Kempsey Shire Council",
				"BOAT_RAMP_ID" : 267,
				"DESCRIPTION" : "Kinchela\r Boat Ramp",
				"CONTACT_NUMBER" : "02 6566 3200",
				"STREET" : "Riverside Drive\r",
				"SUBURB" : "Kinchela",
				"WATERWAY" : "Kinchela Creek / Macleay River",
				"STATE" : "NSW",
				"POSTCODE" : 2440,
				"NO_OF_RAMP_LANE" : "1",
				"CAR_TRAILER_SPACE" : "0",
				"WATERWAY_ACCESS" : "All Times",
				"CONDITION" : "Poor",
				"CONSTRUCTION_MATERIAL" : "Concrete",
				"BBQ" : "No",
				"FEE_PAYABLE" : "No",
				"FISH_CLEAN_TABLE" : "No",
				"FUEL" : "No",
				"KIOSK" : "No",
				"LIGHTING" : "No",
				"TOILET" : "No",
				"WASTE_BIN" : "No",
				"RAMP_PONTOON" : "No",
				"PONTOON_JETTY_NEARBY" : "No"
			}
		},
		{
			"type" : "Feature",
			"geometry" : {
				"type" : "Point",
				"coordinates" : [ 142.7447175628, -34.5803849127 ]
			},
			"properties" : {
				"ASSET_OWNER" : "Balranald Shire Council",
				"BOAT_RAMP_ID" : 172,
				"DESCRIPTION" : "Euston Boat Ramp (Euston Club) - Murray River",
				"CONTACT_NUMBER" : "03 5020 1300",
				"STREET" : "Murray Terrace",
				"SUBURB" : "Euston",
				"WATERWAY" : "Murray River",
				"STATE" : "NSW",
				"POSTCODE" : 2737,
				"NO_OF_RAMP_LANE" : "2",
				"CAR_TRAILER_SPACE" : "0-10",
				"WATERWAY_ACCESS" : "All Times",
				"CONDITION" : "Good",
				"CONSTRUCTION_MATERIAL" : "Concrete",
				"BBQ" : "No",
				"FEE_PAYABLE" : "No",
				"FISH_CLEAN_TABLE" : "No",
				"FUEL" : "No",
				"KIOSK" : "No",
				"LIGHTING" : "No",
				"TOILET" : "No",
				"WASTE_BIN" : "No",
				"RAMP_PONTOON" : "No",
				"PONTOON_JETTY_NEARBY" : "No"
			}
		},
		{
			"type" : "Feature",
			"geometry" : {
				"type" : "Point",
				"coordinates" : [ 143.5653617721, -34.6461952757 ]
			},
			"properties" : {
				"ASSET_OWNER" : "Balranald Shire Council",
				"BOAT_RAMP_ID" : 503,
				"DESCRIPTION" : "Sturt Highway Bridge Boat Ramp, Balranald (Caravan Park)",
				"CONTACT_NUMBER" : "03 5020 1300",
				"STREET" : "Sturt Highway",
				"SUBURB" : "Balranald",
				"WATERWAY" : "Murrumbidgee River",
				"STATE" : "NSW",
				"POSTCODE" : 2715,
				"NO_OF_RAMP_LANE" : "1",
				"CAR_TRAILER_SPACE" : "0-10",
				"WATERWAY_ACCESS" : "Shallow At Times",
				"CONDITION" : "Good",
				"CONSTRUCTION_MATERIAL" : "Concrete",
				"BBQ" : "No",
				"FEE_PAYABLE" : "No",
				"FISH_CLEAN_TABLE" : "No",
				"FUEL" : "No",
				"KIOSK" : "No",
				"LIGHTING" : "No",
				"TOILET" : "No",
				"WASTE_BIN" : "No",
				"RAMP_PONTOON" : "No",
				"PONTOON_JETTY_NEARBY" : "No"
			}
		},
		{
			"type" : "Feature",
			"geometry" : {
				"type" : "Point",
				"coordinates" : [ 143.4815724066, -34.9498573602 ]
			},
			"properties" : {
				"ASSET_OWNER" : "Balranald Shire Council",
				"BOAT_RAMP_ID" : 279,
				"DESCRIPTION" : "Kyalite Boat Ramp (Caravan Park)",
				"CONTACT_NUMBER" : "03 5020 1300",
				"STREET" : "Kyalite Road",
				"SUBURB" : "Kyalite",
				"WATERWAY" : "Wakool River",
				"STATE" : "NSW",
				"POSTCODE" : 2734,
				"NO_OF_RAMP_LANE" : "1",
				"CAR_TRAILER_SPACE" : "0-10",
				"WATERWAY_ACCESS" : "Shallow At Times",
				"CONDITION" : "Good",
				"CONSTRUCTION_MATERIAL" : "Concrete",
				"BBQ" : "Yes",
				"FEE_PAYABLE" : "No",
				"FISH_CLEAN_TABLE" : "No",
				"FUEL" : "No",
				"KIOSK" : "No",
				"LIGHTING" : "No",
				"TOILET" : "No",
				"WASTE_BIN" : "No",
				"RAMP_PONTOON" : "No",
				"PONTOON_JETTY_NEARBY" : "No"
			}
		},
		{
			"type" : "Feature",
			"geometry" : {
				"type" : "Point",
				"coordinates" : [ 150.9963579501, -33.9811778297 ]
			},
			"properties" : {
				"ASSET_OWNER" : "Canterbury-Bankstown Council",
				"BOAT_RAMP_ID" : 411,
				"DESCRIPTION" : "Picnic Point",
				"CONTACT_NUMBER" : "02 9707 9000",
				"STREET" : "Carinya Road",
				"SUBURB" : "Picnic Point",
				"WATERWAY" : "Georges River",
				"STATE" : "NSW",
				"POSTCODE" : 2213,
				"NO_OF_RAMP_LANE" : "1",
				"CAR_TRAILER_SPACE" : "0-10",
				"WATERWAY_ACCESS" : "All Times",
				"CONDITION" : "Fair",
				"CONSTRUCTION_MATERIAL" : "Concrete",
				"BBQ" : "No",
				"FEE_PAYABLE" : "No",
				"FISH_CLEAN_TABLE" : "No",
				"FUEL" : "No",
				"KIOSK" : "No",
				"LIGHTING" : "Yes",
				"TOILET" : "No",
				"WASTE_BIN" : "Yes",
				"RAMP_PONTOON" : "Yes",
				"PONTOON_JETTY_NEARBY" : "No"
			}
		},
		{
			"type" : "Feature",
			"geometry" : {
				"type" : "Point",
				"coordinates" : [ 149.9415121809, -36.7288758185 ]
			},
			"properties" : {
				"ASSET_OWNER" : "Bega Valley Shire Council",
				"BOAT_RAMP_ID" : 638,
				"DESCRIPTION" : "Blackfellows Lake Boat Ramp",
				"CONTACT_NUMBER" : "02 6499 2222",
				"STREET" : "Blackfellows Lake Road",
				"SUBURB" : "Kalaru",
				"WATERWAY" : "Blackfellows Lake (Bega River)",
				"STATE" : "NSW",
				"POSTCODE" : 2550,
				"NO_OF_RAMP_LANE" : "1",
				"CAR_TRAILER_SPACE" : "0-10",
				"WATERWAY_ACCESS" : "Shallow At Times",
				"CONDITION" : "Poor",
				"CONSTRUCTION_MATERIAL" : "Unsealed",
				"BBQ" : "No",
				"FEE_PAYABLE" : "No",
				"FISH_CLEAN_TABLE" : "No",
				"FUEL" : "No",
				"KIOSK" : "No",
				"LIGHTING" : "No",
				"TOILET" : "No",
				"WASTE_BIN" : "No",
				"RAMP_PONTOON" : "No",
				"PONTOON_JETTY_NEARBY" : "No"
			}
		},
		{
			"type" : "Feature",
			"geometry" : {
				"type" : "Point",
				"coordinates" : [ 142.3146200311, -32.2750692099 ]
			},
			"properties" : {
				"ASSET_OWNER" : "Central Darling Shire Council",
				"BOAT_RAMP_ID" : 295,
				"DESCRIPTION" : "Lake Menindee - Sunset Strip",
				"CONTACT_NUMBER" : "08 8083 8900",
				"STREET" : "Kingfisher Avenue",
				"SUBURB" : "Menindee",
				"WATERWAY" : "Lake Menindee",
				"STATE" : "NSW",
				"POSTCODE" : 2879,
				"NO_OF_RAMP_LANE" : "1",
				"CAR_TRAILER_SPACE" : "0-10",
				"WATERWAY_ACCESS" : "Shallow At Times",
				"CONDITION" : "Fair",
				"CONSTRUCTION_MATERIAL" : "Concrete",
				"BBQ" : "No",
				"FEE_PAYABLE" : "No",
				"FISH_CLEAN_TABLE" : "No",
				"FUEL" : "No",
				"KIOSK" : "No",
				"LIGHTING" : "No",
				"TOILET" : "No",
				"WASTE_BIN" : "No",
				"RAMP_PONTOON" : "No",
				"PONTOON_JETTY_NEARBY" : "No"
			}
		},
		{
			"type" : "Feature",
			"geometry" : {
				"type" : "Point",
				"coordinates" : [ 153.1011093629, -29.5007887279 ]
			},
			"properties" : {
				"ASSET_OWNER" : "Clarence Valley Council",
				"BOAT_RAMP_ID" : 311,
				"DESCRIPTION" : "Lawrence - Clarence River",
				"CONTACT_NUMBER" : "02 6643 0200",
				"STREET" : "Bridge Street",
				"SUBURB" : "Lawrence",
				"WATERWAY" : "Clarence River",
				"STATE" : "NSW",
				"POSTCODE" : 2460,
				"NO_OF_RAMP_LANE" : "2",
				"CAR_TRAILER_SPACE" : "0-10",
				"WATERWAY_ACCESS" : "All Times",
				"CONDITION" : "Good",
				"CONSTRUCTION_MATERIAL" : "Concrete",
				"BBQ" : "Yes",
				"FEE_PAYABLE" : "No",
				"FISH_CLEAN_TABLE" : "Yes",
				"FUEL" : "Yes",
				"KIOSK" : "Yes",
				"LIGHTING" : "Yes",
				"TOILET" : "Yes",
				"WASTE_BIN" : "Yes",
				"RAMP_PONTOON" : "No",
				"PONTOON_JETTY_NEARBY" : "Yes"
			}
		},
		{
			"type" : "Feature",
			"geometry" : {
				"type" : "Point",
				"coordinates" : [ 153.1960099069, -29.4578750956 ]
			},
			"properties" : {
				"ASSET_OWNER" : "Clarence Valley Council",
				"BOAT_RAMP_ID" : 333,
				"DESCRIPTION" : "Maclean Court House",
				"CONTACT_NUMBER" : "02 6643 0200",
				"STREET" : "McNaughton Place",
				"SUBURB" : "Maclean",
				"WATERWAY" : "Clarence River",
				"STATE" : "NSW",
				"POSTCODE" : 2463,
				"NO_OF_RAMP_LANE" : "2",
				"CAR_TRAILER_SPACE" : "0-10",
				"WATERWAY_ACCESS" : "All Times",
				"CONDITION" : "Good",
				"CONSTRUCTION_MATERIAL" : "Concrete",
				"BBQ" : "No",
				"FEE_PAYABLE" : "No",
				"FISH_CLEAN_TABLE" : "No",
				"FUEL" : "No",
				"KIOSK" : "No",
				"LIGHTING" : "Yes",
				"TOILET" : "No",
				"WASTE_BIN" : "Yes",
				"RAMP_PONTOON" : "Yes",
				"PONTOON_JETTY_NEARBY" : "No"
			}
		},
		{
			"type" : "Feature",
			"geometry" : {
				"type" : "Point",
				"coordinates" : [ 153.3547500939, -29.4129704538 ]
			},
			"properties" : {
				"ASSET_OWNER" : "Clarence Valley Council",
				"BOAT_RAMP_ID" : 244,
				"DESCRIPTION" : "Iluka Boat Ramp",
				"CONTACT_NUMBER" : "02 6643 0200",
				"STREET" : "Crown Street",
				"SUBURB" : "Iluka",
				"WATERWAY" : "Clarence River (Iluka Bay)",
				"STATE" : "NSW",
				"POSTCODE" : 2466,
				"NO_OF_RAMP_LANE" : "1",
				"CAR_TRAILER_SPACE" : "0-10",
				"WATERWAY_ACCESS" : "All Times",
				"CONDITION" : "Good",
				"CONSTRUCTION_MATERIAL" : "Concrete",
				"BBQ" : "Yes",
				"FEE_PAYABLE" : "No",
				"FISH_CLEAN_TABLE" : "Yes",
				"FUEL" : "No",
				"KIOSK" : "Yes",
				"LIGHTING" : "Yes",
				"TOILET" : "Yes",
				"WASTE_BIN" : "Yes",
				"RAMP_PONTOON" : "No",
				"PONTOON_JETTY_NEARBY" : "Yes"
			}
		},
		{
			"type" : "Feature",
			"geometry" : {
				"type" : "Point",
				"coordinates" : [ 153.2774350726, -29.3697144044 ]
			},
			"properties" : {
				"ASSET_OWNER" : "Clarence Valley Council",
				"BOAT_RAMP_ID" : 616,
				"DESCRIPTION" : "Woombah Boat Ramp",
				"CONTACT_NUMBER" : "02 6643 0200",
				"STREET" : "Whitby Lane",
				"SUBURB" : "Goodwood Island ",
				"WATERWAY" : "Clarence River (Middle Channel)",
				"STATE" : "NSW",
				"POSTCODE" : 2469,
				"NO_OF_RAMP_LANE" : "1",
				"CAR_TRAILER_SPACE" : "0-10",
				"WATERWAY_ACCESS" : "All Times",
				"CONDITION" : "Good",
				"CONSTRUCTION_MATERIAL" : "Concrete",
				"BBQ" : "No",
				"FEE_PAYABLE" : "No",
				"FISH_CLEAN_TABLE" : "No",
				"FUEL" : "No",
				"KIOSK" : "No",
				"LIGHTING" : "No",
				"TOILET" : "No",
				"WASTE_BIN" : "No",
				"RAMP_PONTOON" : "No",
				"PONTOON_JETTY_NEARBY" : "No"
			}
		},
		{
			"type" : "Feature",
			"geometry" : {
				"type" : "Point",
				"coordinates" : [ 153.2346601322, -29.3794047367 ]
			},
			"properties" : {
				"ASSET_OWNER" : "Clarence Valley Council",
				"BOAT_RAMP_ID" : 103,
				"DESCRIPTION" : "Chatsworth Island - Clarence River",
				"CONTACT_NUMBER" : "02 6643 0200",
				"STREET" : "Chatsworth Road",
				"SUBURB" : "Chatsworth Island",
				"WATERWAY" : "Clarence River (North Arm)",
				"STATE" : "NSW",
				"POSTCODE" : 2469,
				"NO_OF_RAMP_LANE" : "1",
				"CAR_TRAILER_SPACE" : "0-10",
				"WATERWAY_ACCESS" : "All Times",
				"CONDITION" : "Poor",
				"CONSTRUCTION_MATERIAL" : "Bitumen",
				"BBQ" : "No",
				"FEE_PAYABLE" : "No",
				"FISH_CLEAN_TABLE" : "No",
				"FUEL" : "No",
				"KIOSK" : "No",
				"LIGHTING" : "No",
				"TOILET" : "No",
				"WASTE_BIN" : "No",
				"RAMP_PONTOON" : "No",
				"PONTOON_JETTY_NEARBY" : "No"
			}
		},
		{
			"type" : "Feature",
			"geometry" : {
				"type" : "Point",
				"coordinates" : [ 153.273782201, -29.3699103873 ]
			},
			"properties" : {
				"ASSET_OWNER" : "Clarence Valley Council",
				"BOAT_RAMP_ID" : 350,
				"DESCRIPTION" : "Fischers Lane",
				"CONTACT_NUMBER" : "02 6643 0200",
				"STREET" : "Fischers Lane",
				"SUBURB" : "Chatsworth Island",
				"WATERWAY" : "Clarence River Middle Channel",
				"STATE" : "NSW",
				"POSTCODE" : 2465,
				"NO_OF_RAMP_LANE" : "1",
				"CAR_TRAILER_SPACE" : "0-10",
				"WATERWAY_ACCESS" : "Shallow At Times",
				"CONDITION" : "Poor",
				"CONSTRUCTION_MATERIAL" : "Concrete",
				"BBQ" : "No",
				"FEE_PAYABLE" : "No",
				"FISH_CLEAN_TABLE" : "No",
				"FUEL" : "No",
				"KIOSK" : "No",
				"LIGHTING" : "No",
				"TOILET" : "No",
				"WASTE_BIN" : "No",
				"RAMP_PONTOON" : "No",
				"PONTOON_JETTY_NEARBY" : "No"
			}
		},
		{
			"type" : "Feature",
			"geometry" : {
				"type" : "Point",
				"coordinates" : [ 152.9310857385, -29.6932404543 ]
			},
			"properties" : {
				"ASSET_OWNER" : "Clarence Valley Council",
				"BOAT_RAMP_ID" : 138,
				"DESCRIPTION" : "Crown Hotel Boat Ramp (alt. Junction Hill)",
				"CONTACT_NUMBER" : "02 6643 0200",
				"STREET" : "Prince Street",
				"SUBURB" : "Grafton",
				"WATERWAY" : "Clarence River",
				"STATE" : "NSW",
				"POSTCODE" : 2460,
				"NO_OF_RAMP_LANE" : "1",
				"CAR_TRAILER_SPACE" : "0-10",
				"WATERWAY_ACCESS" : "All Times",
				"CONDITION" : "Good",
				"CONSTRUCTION_MATERIAL" : "Concrete",
				"BBQ" : "No",
				"FEE_PAYABLE" : "No",
				"FISH_CLEAN_TABLE" : "No",
				"FUEL" : "No",
				"KIOSK" : "Yes",
				"LIGHTING" : "Yes",
				"TOILET" : "Yes",
				"WASTE_BIN" : "Yes",
				"RAMP_PONTOON" : "Yes",
				"PONTOON_JETTY_NEARBY" : "Yes"
			}
		},
		{
			"type" : "Feature",
			"geometry" : {
				"type" : "Point",
				"coordinates" : [ 152.950365948, -29.6920327063 ]
			},
			"properties" : {
				"ASSET_OWNER" : "Clarence Valley Council",
				"BOAT_RAMP_ID" : 197,
				"DESCRIPTION" : "Fry Street Boat Ramp, Grafton",
				"CONTACT_NUMBER" : "02 6643 0200",
				"STREET" : "Fry Street",
				"SUBURB" : "Grafton",
				"WATERWAY" : "Clarence River",
				"STATE" : "NSW",
				"POSTCODE" : 2460,
				"NO_OF_RAMP_LANE" : "1",
				"CAR_TRAILER_SPACE" : "0-10",
				"WATERWAY_ACCESS" : "All Times",
				"CONDITION" : "Good",
				"CONSTRUCTION_MATERIAL" : "Concrete",
				"BBQ" : "No",
				"FEE_PAYABLE" : "No",
				"FISH_CLEAN_TABLE" : "No",
				"FUEL" : "No",
				"KIOSK" : "No",
				"LIGHTING" : "No",
				"TOILET" : "No",
				"WASTE_BIN" : "Yes",
				"RAMP_PONTOON" : "No",
				"PONTOON_JETTY_NEARBY" : "No"
			}
		},
		{
			"type" : "Feature",
			"geometry" : {
				"type" : "Point",
				"coordinates" : [ 146.020862744, -34.2081634201 ]
			},
			"properties" : {
				"ASSET_OWNER" : "Griffith City Council",
				"BOAT_RAMP_ID" : 303,
				"DESCRIPTION" : "Lake Wyangan",
				"CONTACT_NUMBER" : "1300 176 077",
				"STREET" : "Lakes Road",
				"SUBURB" : "Griffith",
				"WATERWAY" : "Lake Wyangan",
				"STATE" : "NSW",
				"POSTCODE" : 2680,
				"NO_OF_RAMP_LANE" : "1",
				"CAR_TRAILER_SPACE" : "0-10",
				"WATERWAY_ACCESS" : "Low Dam Level",
				"CONDITION" : "Poor",
				"CONSTRUCTION_MATERIAL" : "Unsealed",
				"BBQ" : "Yes",
				"FEE_PAYABLE" : "No",
				"FISH_CLEAN_TABLE" : "No",
				"FUEL" : "No",
				"KIOSK" : "No",
				"LIGHTING" : "No",
				"TOILET" : "Yes",
				"WASTE_BIN" : "No",
				"RAMP_PONTOON" : "No",
				"PONTOON_JETTY_NEARBY" : "No"
			}
		},
		{
			"type" : "Feature",
			"geometry" : {
				"type" : "Point",
				"coordinates" : [ 153.3006345876, -29.7749597719 ]
			},
			"properties" : {
				"ASSET_OWNER" : "Clarence Valley Council",
				"BOAT_RAMP_ID" : 358,
				"DESCRIPTION" : "Minnie Waters",
				"CONTACT_NUMBER" : "02 6643 0200",
				"STREET" : "Beach Street",
				"SUBURB" : "Minnie Waters",
				"WATERWAY" : "Minnie Waters - Tasman Sea",
				"STATE" : "NSW",
				"POSTCODE" : 2462,
				"NO_OF_RAMP_LANE" : "1",
				"CAR_TRAILER_SPACE" : "0-10",
				"WATERWAY_ACCESS" : "Shallow At Times",
				"CONDITION" : "Poor",
				"CONSTRUCTION_MATERIAL" : "Sand",
				"BBQ" : "No",
				"FEE_PAYABLE" : "Yes",
				"FISH_CLEAN_TABLE" : "No",
				"FUEL" : "No",
				"KIOSK" : "No",
				"LIGHTING" : "No",
				"TOILET" : "No",
				"WASTE_BIN" : "No",
				"RAMP_PONTOON" : "No",
				"PONTOON_JETTY_NEARBY" : "No"
			}
		},
		{
			"type" : "Feature",
			"geometry" : {
				"type" : "Point",
				"coordinates" : [ 153.3270750544, -29.6753145824 ]
			},
			"properties" : {
				"ASSET_OWNER" : "National Parks and Wildlife Services",
				"BOAT_RAMP_ID" : 454,
				"DESCRIPTION" : "Sandon River",
				"CONTACT_NUMBER" : "1300 072 757",
				"STREET" : "Sandon Road",
				"SUBURB" : "Sandon",
				"WATERWAY" : "Sandon River",
				"STATE" : "NSW",
				"POSTCODE" : 2462,
				"NO_OF_RAMP_LANE" : "1",
				"CAR_TRAILER_SPACE" : "0-10",
				"WATERWAY_ACCESS" : "Shallow At Times",
				"CONDITION" : "Fair",
				"CONSTRUCTION_MATERIAL" : "Concrete",
				"BBQ" : "Yes",
				"FEE_PAYABLE" : "Yes",
				"FISH_CLEAN_TABLE" : "Yes",
				"FUEL" : "No",
				"KIOSK" : "No",
				"LIGHTING" : "No",
				"TOILET" : "Yes",
				"WASTE_BIN" : "Yes",
				"RAMP_PONTOON" : "No",
				"PONTOON_JETTY_NEARBY" : "No"
			}
		},
		{
			"type" : "Feature",
			"geometry" : {
				"type" : "Point",
				"coordinates" : [ 152.926775936, -29.6111622863 ]
			},
			"properties" : {
				"ASSET_OWNER" : "Clarence Valley Council",
				"BOAT_RAMP_ID" : 464,
				"DESCRIPTION" : "Seelands - Perring Lane",
				"CONTACT_NUMBER" : "02 6643 0200",
				"STREET" : "Perring Lane",
				"SUBURB" : "Seelands",
				"WATERWAY" : "Clarence River",
				"STATE" : "NSW",
				"POSTCODE" : 2460,
				"NO_OF_RAMP_LANE" : "1",
				"CAR_TRAILER_SPACE" : "0-10",
				"WATERWAY_ACCESS" : "All Times",
				"CONDITION" : "Poor",
				"CONSTRUCTION_MATERIAL" : "Concrete",
				"BBQ" : "No",
				"FEE_PAYABLE" : "No",
				"FISH_CLEAN_TABLE" : "No",
				"FUEL" : "No",
				"KIOSK" : "No",
				"LIGHTING" : "No",
				"TOILET" : "No",
				"WASTE_BIN" : "No",
				"RAMP_PONTOON" : "No",
				"PONTOON_JETTY_NEARBY" : "No"
			}
		},
		{
			"type" : "Feature",
			"geometry" : {
				"type" : "Point",
				"coordinates" : [ 152.9015469905, -29.6183233137 ]
			},
			"properties" : {
				"ASSET_OWNER" : "Clarence Valley Council",
				"BOAT_RAMP_ID" : 465,
				"DESCRIPTION" : "Seelands Boat Ramp\n(Eastern Bank)",
				"CONTACT_NUMBER" : "02 6643 0200",
				"STREET" : "Old Punt Road",
				"SUBURB" : "Seelands",
				"WATERWAY" : "Clarence River",
				"STATE" : "NSW",
				"POSTCODE" : 2460,
				"NO_OF_RAMP_LANE" : "1",
				"CAR_TRAILER_SPACE" : "0-10",
				"WATERWAY_ACCESS" : "All Times",
				"CONDITION" : "Poor",
				"CONSTRUCTION_MATERIAL" : "Concrete",
				"BBQ" : "No",
				"FEE_PAYABLE" : "No",
				"FISH_CLEAN_TABLE" : "No",
				"FUEL" : "No",
				"KIOSK" : "No",
				"LIGHTING" : "No",
				"TOILET" : "No",
				"WASTE_BIN" : "No",
				"RAMP_PONTOON" : "No",
				"PONTOON_JETTY_NEARBY" : "No"
			}
		},
		{
			"type" : "Feature",
			"geometry" : {
				"type" : "Point",
				"coordinates" : [ 152.8994583555, -29.6178812458 ]
			},
			"properties" : {
				"ASSET_OWNER" : "Clarence Valley Council",
				"BOAT_RAMP_ID" : 466,
				"DESCRIPTION" : "Seelands Boat Ramp\n(Western Bank)",
				"CONTACT_NUMBER" : "02 6643 0200",
				"STREET" : "Old Punt Lane",
				"SUBURB" : "The Whiteman",
				"WATERWAY" : "Clarence River",
				"STATE" : "NSW",
				"POSTCODE" : 2460,
				"NO_OF_RAMP_LANE" : "1",
				"CAR_TRAILER_SPACE" : "0-10",
				"WATERWAY_ACCESS" : "Shallow At Times",
				"CONDITION" : "Poor",
				"CONSTRUCTION_MATERIAL" : "Concrete",
				"BBQ" : "No",
				"FEE_PAYABLE" : "No",
				"FISH_CLEAN_TABLE" : "No",
				"FUEL" : "No",
				"KIOSK" : "No",
				"LIGHTING" : "No",
				"TOILET" : "No",
				"WASTE_BIN" : "No",
				"RAMP_PONTOON" : "No",
				"PONTOON_JETTY_NEARBY" : "No"
			}
		},
		{
			"type" : "Feature",
			"geometry" : {
				"type" : "Point",
				"coordinates" : [ 153.3386094322, -29.6088301129 ]
			},
			"properties" : {
				"ASSET_OWNER" : "Clarence Valley Council",
				"BOAT_RAMP_ID" : 71,
				"DESCRIPTION" : "Brooms Head Boat Ramp",
				"CONTACT_NUMBER" : "02 6643 0200",
				"STREET" : "Ocean Road",
				"SUBURB" : "Brooms Head",
				"WATERWAY" : "Ocean",
				"STATE" : "NSW",
				"POSTCODE" : 2463,
				"NO_OF_RAMP_LANE" : "1",
				"CAR_TRAILER_SPACE" : "0-10",
				"WATERWAY_ACCESS" : "Shallow At Times",
				"CONDITION" : "Good",
				"CONSTRUCTION_MATERIAL" : "Sand",
				"BBQ" : "Yes",
				"FEE_PAYABLE" : "Yes",
				"FISH_CLEAN_TABLE" : "Yes",
				"FUEL" : "No",
				"KIOSK" : "Yes",
				"LIGHTING" : "No",
				"TOILET" : "Yes",
				"WASTE_BIN" : "Yes",
				"RAMP_PONTOON" : "No",
				"PONTOON_JETTY_NEARBY" : "No"
			}
		},
		{
			"type" : "Feature",
			"geometry" : {
				"type" : "Point",
				"coordinates" : [ 151.7799487171, -32.5909210248 ]
			},
			"properties" : {
				"ASSET_OWNER" : "Dungog Shire Council",
				"BOAT_RAMP_ID" : 111,
				"DESCRIPTION" : "Wharf Reserve Boat Ramp (Williams River)",
				"CONTACT_NUMBER" : "02 4995 7777",
				"STREET" : "Rifle Street",
				"SUBURB" : "Clarence Town",
				"WATERWAY" : "Williams River",
				"STATE" : "NSW",
				"POSTCODE" : 2321,
				"NO_OF_RAMP_LANE" : "1",
				"CAR_TRAILER_SPACE" : "0-10",
				"WATERWAY_ACCESS" : "All Times",
				"CONDITION" : "Good",
				"CONSTRUCTION_MATERIAL" : "Concrete",
				"BBQ" : "No",
				"FEE_PAYABLE" : "No",
				"FISH_CLEAN_TABLE" : "No",
				"FUEL" : "No",
				"KIOSK" : "No",
				"LIGHTING" : "No",
				"TOILET" : "Yes",
				"WASTE_BIN" : "No",
				"RAMP_PONTOON" : "Yes",
				"PONTOON_JETTY_NEARBY" : "No"
			}
		},
		{
			"type" : "Feature",
			"geometry" : {
				"type" : "Point",
				"coordinates" : [ 150.1248611271, -36.2079789695 ]
			},
			"properties" : {
				"ASSET_OWNER" : "Eurobodalla Shire Council",
				"BOAT_RAMP_ID" : 352,
				"DESCRIPTION" : "Mill Bay, Narooma",
				"CONTACT_NUMBER" : "02 4474 1000",
				"STREET" : "Centenary Drive",
				"SUBURB" : "Narooma",
				"WATERWAY" : "Narooma (Wagonga Inlet)",
				"STATE" : "NSW",
				"POSTCODE" : 2546,
				"NO_OF_RAMP_LANE" : "1",
				"CAR_TRAILER_SPACE" : "0-10",
				"WATERWAY_ACCESS" : "All Times",
				"CONDITION" : "Good",
				"CONSTRUCTION_MATERIAL" : "Concrete",
				"BBQ" : "No",
				"FEE_PAYABLE" : "No",
				"FISH_CLEAN_TABLE" : "Yes",
				"FUEL" : "No",
				"KIOSK" : "No",
				"LIGHTING" : "No",
				"TOILET" : "No",
				"WASTE_BIN" : "No",
				"RAMP_PONTOON" : "No",
				"PONTOON_JETTY_NEARBY" : "Yes"
			}
		},
		{
			"type" : "Feature",
			"geometry" : {
				"type" : "Point",
				"coordinates" : [ 143.9525560003, -35.5038484957 ]
			},
			"properties" : {
				"ASSET_OWNER" : "Gannawarra Shire Council",
				"BOAT_RAMP_ID" : 371,
				"DESCRIPTION" : "Murrabit (Gonns Crossing)",
				"CONTACT_NUMBER" : "03 5450 9333",
				"STREET" : "Moulamein Road",
				"SUBURB" : "Murrabit",
				"WATERWAY" : "Murray River",
				"STATE" : "VIC",
				"POSTCODE" : 3579,
				"NO_OF_RAMP_LANE" : "1",
				"CAR_TRAILER_SPACE" : "0-10",
				"WATERWAY_ACCESS" : "Shallow At Times",
				"CONDITION" : "Good",
				"CONSTRUCTION_MATERIAL" : "Concrete",
				"BBQ" : "No",
				"FEE_PAYABLE" : "No",
				"FISH_CLEAN_TABLE" : "No",
				"FUEL" : "No",
				"KIOSK" : "No",
				"LIGHTING" : "No",
				"TOILET" : "No",
				"WASTE_BIN" : "No",
				"RAMP_PONTOON" : "No",
				"PONTOON_JETTY_NEARBY" : "No"
			}
		},
		{
			"type" : "Feature",
			"geometry" : {
				"type" : "Point",
				"coordinates" : [ 151.3462275135, -33.5115498105 ]
			},
			"properties" : {
				"ASSET_OWNER" : "Central Coast Council",
				"BOAT_RAMP_ID" : 58,
				"DESCRIPTION" : "Booker Bay Boat Ramp",
				"CONTACT_NUMBER" : "02 4306 7900",
				"STREET" : "Karu Avenue",
				"SUBURB" : "Booker Bay",
				"WATERWAY" : "Brisbane Water",
				"STATE" : "NSW",
				"POSTCODE" : 2257,
				"NO_OF_RAMP_LANE" : "1",
				"CAR_TRAILER_SPACE" : "0-10",
				"WATERWAY_ACCESS" : "All Times",
				"CONDITION" : "Fair",
				"CONSTRUCTION_MATERIAL" : "Concrete",
				"BBQ" : "No",
				"FEE_PAYABLE" : "No",
				"FISH_CLEAN_TABLE" : "No",
				"FUEL" : "Yes",
				"KIOSK" : "No",
				"LIGHTING" : "Yes",
				"TOILET" : "No",
				"WASTE_BIN" : "No",
				"RAMP_PONTOON" : "No",
				"PONTOON_JETTY_NEARBY" : "Yes"
			}
		},
		{
			"type" : "Feature",
			"geometry" : {
				"type" : "Point",
				"coordinates" : [ 151.3638303735, -33.4933058981 ]
			},
			"properties" : {
				"ASSET_OWNER" : "Central Coast Council",
				"BOAT_RAMP_ID" : 164,
				"DESCRIPTION" : "Empire Bay Boat Ramp",
				"CONTACT_NUMBER" : "02 4306 7900",
				"STREET" : "Kendall Road",
				"SUBURB" : "Empire Bay",
				"WATERWAY" : "Brisbane Water",
				"STATE" : "NSW",
				"POSTCODE" : 2257,
				"NO_OF_RAMP_LANE" : "1",
				"CAR_TRAILER_SPACE" : "0-10",
				"WATERWAY_ACCESS" : "All Times",
				"CONDITION" : "Good",
				"CONSTRUCTION_MATERIAL" : "Concrete",
				"BBQ" : "No",
				"FEE_PAYABLE" : "No",
				"FISH_CLEAN_TABLE" : "Yes",
				"FUEL" : "Yes",
				"KIOSK" : "No",
				"LIGHTING" : "Yes",
				"TOILET" : "No",
				"WASTE_BIN" : "No",
				"RAMP_PONTOON" : "No",
				"PONTOON_JETTY_NEARBY" : "Yes"
			}
		},
		{
			"type" : "Feature",
			"geometry" : {
				"type" : "Point",
				"coordinates" : [ 151.3609626809, -33.4375455933 ]
			},
			"properties" : {
				"ASSET_OWNER" : "Central Coast Council",
				"BOAT_RAMP_ID" : 166,
				"DESCRIPTION" : "Erina Creek Boat Ramp",
				"CONTACT_NUMBER" : "02 4306 7900",
				"STREET" : "Central Coast Highway",
				"SUBURB" : "Erina",
				"WATERWAY" : "Brisbane Water",
				"STATE" : "NSW",
				"POSTCODE" : 2250,
				"NO_OF_RAMP_LANE" : "2",
				"CAR_TRAILER_SPACE" : "0-10",
				"WATERWAY_ACCESS" : "All Times",
				"CONDITION" : "Good",
				"CONSTRUCTION_MATERIAL" : "Concrete",
				"BBQ" : "No",
				"FEE_PAYABLE" : "No",
				"FISH_CLEAN_TABLE" : "No",
				"FUEL" : "No",
				"KIOSK" : "No",
				"LIGHTING" : "No",
				"TOILET" : "No",
				"WASTE_BIN" : "No",
				"RAMP_PONTOON" : "No",
				"PONTOON_JETTY_NEARBY" : "Yes"
			}
		},
		{
			"type" : "Feature",
			"geometry" : {
				"type" : "Point",
				"coordinates" : [ 151.3318552719, -33.5208770351 ]
			},
			"properties" : {
				"ASSET_OWNER" : "Central Coast Council",
				"BOAT_RAMP_ID" : 168,
				"DESCRIPTION" : "Ettalong Beach South Boat Ramp",
				"CONTACT_NUMBER" : "02 4306 7900",
				"STREET" : "The Esplanade ",
				"SUBURB" : "Ettalong Beach",
				"WATERWAY" : "Brisbane Water",
				"STATE" : "NSW",
				"POSTCODE" : 2257,
				"NO_OF_RAMP_LANE" : "1",
				"CAR_TRAILER_SPACE" : "0-10",
				"WATERWAY_ACCESS" : "All Times",
				"CONDITION" : "Poor",
				"CONSTRUCTION_MATERIAL" : "Sand",
				"BBQ" : "No",
				"FEE_PAYABLE" : "No",
				"FISH_CLEAN_TABLE" : "No",
				"FUEL" : "No",
				"KIOSK" : "Yes",
				"LIGHTING" : "Yes",
				"TOILET" : "No",
				"WASTE_BIN" : "No",
				"RAMP_PONTOON" : "No",
				"PONTOON_JETTY_NEARBY" : "No"
			}
		},
		{
			"type" : "Feature",
			"geometry" : {
				"type" : "Point",
				"coordinates" : [ 151.3718448605, -33.4877232757 ]
			},
			"properties" : {
				"ASSET_OWNER" : "Central Coast Council",
				"BOAT_RAMP_ID" : 170,
				"DESCRIPTION" : "Illoura Reserve Boat Ramp",
				"CONTACT_NUMBER" : "02 4306 7900",
				"STREET" : "Amy Street",
				"SUBURB" : "Davistown",
				"WATERWAY" : "Brisbane Water",
				"STATE" : "NSW",
				"POSTCODE" : 2251,
				"NO_OF_RAMP_LANE" : "1",
				"CAR_TRAILER_SPACE" : "0-10",
				"WATERWAY_ACCESS" : "All Times",
				"CONDITION" : "Good",
				"CONSTRUCTION_MATERIAL" : "Concrete",
				"BBQ" : "No",
				"FEE_PAYABLE" : "No",
				"FISH_CLEAN_TABLE" : "No",
				"FUEL" : "No",
				"KIOSK" : "No",
				"LIGHTING" : "Yes",
				"TOILET" : "No",
				"WASTE_BIN" : "No",
				"RAMP_PONTOON" : "Yes",
				"PONTOON_JETTY_NEARBY" : "Yes"
			}
		},
		{
			"type" : "Feature",
			"geometry" : {
				"type" : "Point",
				"coordinates" : [ 151.3571095005, -33.4514857808 ]
			},
			"properties" : {
				"ASSET_OWNER" : "Central Coast Council",
				"BOAT_RAMP_ID" : 212,
				"DESCRIPTION" : "Green Point Boat Ramp",
				"CONTACT_NUMBER" : "02 4306 7900",
				"STREET" : "Orana Street",
				"SUBURB" : "Green Point",
				"WATERWAY" : "Brisbane Water",
				"STATE" : "NSW",
				"POSTCODE" : 2251,
				"NO_OF_RAMP_LANE" : "1",
				"CAR_TRAILER_SPACE" : "0-10",
				"WATERWAY_ACCESS" : "High Tide Only",
				"CONDITION" : "Fair",
				"CONSTRUCTION_MATERIAL" : "Concrete",
				"BBQ" : "No",
				"FEE_PAYABLE" : "No",
				"FISH_CLEAN_TABLE" : "Yes",
				"FUEL" : "Yes",
				"KIOSK" : "No",
				"LIGHTING" : "Yes",
				"TOILET" : "No",
				"WASTE_BIN" : "No",
				"RAMP_PONTOON" : "No",
				"PONTOON_JETTY_NEARBY" : "Yes"
			}
		},
		{
			"type" : "Feature",
			"geometry" : {
				"type" : "Point",
				"coordinates" : [ 151.3501333211, -33.5255821053 ]
			},
			"properties" : {
				"ASSET_OWNER" : "Central Coast Council",
				"BOAT_RAMP_ID" : 422,
				"DESCRIPTION" : "Pretty Beach Boat Ramp ",
				"CONTACT_NUMBER" : "02 4306 7900",
				"STREET" : "Araluen Drive",
				"SUBURB" : "Pretty Beach",
				"WATERWAY" : "Brisbane Water",
				"STATE" : "NSW",
				"POSTCODE" : 2257,
				"NO_OF_RAMP_LANE" : "1",
				"CAR_TRAILER_SPACE" : "0-10",
				"WATERWAY_ACCESS" : "All Times",
				"CONDITION" : "Good",
				"CONSTRUCTION_MATERIAL" : "Concrete",
				"BBQ" : "No",
				"FEE_PAYABLE" : "No",
				"FISH_CLEAN_TABLE" : "Yes",
				"FUEL" : "No",
				"KIOSK" : "No",
				"LIGHTING" : "Yes",
				"TOILET" : "No",
				"WASTE_BIN" : "No",
				"RAMP_PONTOON" : "Yes",
				"PONTOON_JETTY_NEARBY" : "Yes"
			}
		},
		{
			"type" : "Feature",
			"geometry" : {
				"type" : "Point",
				"coordinates" : [ 151.3550245795, -33.4733235127 ]
			},
			"properties" : {
				"ASSET_OWNER" : "Central Coast Council",
				"BOAT_RAMP_ID" : 458,
				"DESCRIPTION" : "Saratoga Boat Ramp ",
				"CONTACT_NUMBER" : "02 4306 7900",
				"STREET" : "Centennial Avenue",
				"SUBURB" : "Saratoga",
				"WATERWAY" : "Brisbane Water",
				"STATE" : "NSW",
				"POSTCODE" : 2251,
				"NO_OF_RAMP_LANE" : "1",
				"CAR_TRAILER_SPACE" : "0-10",
				"WATERWAY_ACCESS" : "All Times",
				"CONDITION" : "Good",
				"CONSTRUCTION_MATERIAL" : "Concrete",
				"BBQ" : "No",
				"FEE_PAYABLE" : "No",
				"FISH_CLEAN_TABLE" : "No",
				"FUEL" : "No",
				"KIOSK" : "No",
				"LIGHTING" : "Yes",
				"TOILET" : "No",
				"WASTE_BIN" : "No",
				"RAMP_PONTOON" : "No",
				"PONTOON_JETTY_NEARBY" : "Yes"
			}
		},
		{
			"type" : "Feature",
			"geometry" : {
				"type" : "Point",
				"coordinates" : [ 151.3481855798, -33.4934743897 ]
			},
			"properties" : {
				"ASSET_OWNER" : "Central Coast Council",
				"BOAT_RAMP_ID" : 496,
				"DESCRIPTION" : "St Huberts Island (Luderick Avenue) Boat Ramp",
				"CONTACT_NUMBER" : "02 4306 7900",
				"STREET" : "Luderick Avenue",
				"SUBURB" : "St Huberts Island",
				"WATERWAY" : "Brisbane Water",
				"STATE" : "NSW",
				"POSTCODE" : 2257,
				"NO_OF_RAMP_LANE" : "1",
				"CAR_TRAILER_SPACE" : "0-10",
				"WATERWAY_ACCESS" : "Shallow At Times",
				"CONDITION" : "Fair",
				"CONSTRUCTION_MATERIAL" : "Concrete",
				"BBQ" : "No",
				"FEE_PAYABLE" : "No",
				"FISH_CLEAN_TABLE" : "No",
				"FUEL" : "No",
				"KIOSK" : "No",
				"LIGHTING" : "No",
				"TOILET" : "No",
				"WASTE_BIN" : "No",
				"RAMP_PONTOON" : "No",
				"PONTOON_JETTY_NEARBY" : "No"
			}
		},
		{
			"type" : "Feature",
			"geometry" : {
				"type" : "Point",
				"coordinates" : [ 151.3035074462, -33.4968817252 ]
			},
			"properties" : {
				"ASSET_OWNER" : "Central Coast Council",
				"BOAT_RAMP_ID" : 669,
				"DESCRIPTION" : "Woy Woy South Boat Ramp ",
				"CONTACT_NUMBER" : "02 4306 7900",
				"STREET" : "Woy Woy Road",
				"SUBURB" : "Woy Woy",
				"WATERWAY" : "Brisbane Water",
				"STATE" : "NSW",
				"POSTCODE" : 2256,
				"NO_OF_RAMP_LANE" : "1",
				"CAR_TRAILER_SPACE" : "0-10",
				"WATERWAY_ACCESS" : "All Times",
				"CONDITION" : "Poor",
				"CONSTRUCTION_MATERIAL" : "Concrete",
				"BBQ" : "No",
				"FEE_PAYABLE" : "No",
				"FISH_CLEAN_TABLE" : "Yes",
				"FUEL" : "No",
				"KIOSK" : "No",
				"LIGHTING" : "No",
				"TOILET" : "Yes",
				"WASTE_BIN" : "Yes",
				"RAMP_PONTOON" : "No",
				"PONTOON_JETTY_NEARBY" : "No"
			}
		},
		{
			"type" : "Feature",
			"geometry" : {
				"type" : "Point",
				"coordinates" : [ 151.3910956641, -33.472837935 ]
			},
			"properties" : {
				"ASSET_OWNER" : "Central Coast Council",
				"BOAT_RAMP_ID" : 268,
				"DESCRIPTION" : "Kincumber Boat Ramp",
				"CONTACT_NUMBER" : "02 4306 7900",
				"STREET" : "Hawke Street",
				"SUBURB" : "Kincumber",
				"WATERWAY" : "Kincumber Broadwater",
				"STATE" : "NSW",
				"POSTCODE" : 2251,
				"NO_OF_RAMP_LANE" : "2",
				"CAR_TRAILER_SPACE" : "0-10",
				"WATERWAY_ACCESS" : "Shallow At Times",
				"CONDITION" : "Fair",
				"CONSTRUCTION_MATERIAL" : "Concrete",
				"BBQ" : "No",
				"FEE_PAYABLE" : "No",
				"FISH_CLEAN_TABLE" : "No",
				"FUEL" : "No",
				"KIOSK" : "No",
				"LIGHTING" : "No",
				"TOILET" : "No",
				"WASTE_BIN" : "No",
				"RAMP_PONTOON" : "No",
				"PONTOON_JETTY_NEARBY" : "No"
			}
		},
		{
			"type" : "Feature",
			"geometry" : {
				"type" : "Point",
				"coordinates" : [ 151.382121739, -33.4708181077 ]
			},
			"properties" : {
				"ASSET_OWNER" : "Central Coast Council",
				"BOAT_RAMP_ID" : 269,
				"DESCRIPTION" : "Kincumber Boat Ramp - Carrack Road (Kincumber Hotel)",
				"CONTACT_NUMBER" : "02 4306 7900",
				"STREET" : "Carrack Road",
				"SUBURB" : "Kincumber",
				"WATERWAY" : "Kincumber Broadwater",
				"STATE" : "NSW",
				"POSTCODE" : 2251,
				"NO_OF_RAMP_LANE" : "1",
				"CAR_TRAILER_SPACE" : "0-10",
				"WATERWAY_ACCESS" : "Shallow At Times",
				"CONDITION" : "Good",
				"CONSTRUCTION_MATERIAL" : "Concrete",
				"BBQ" : "No",
				"FEE_PAYABLE" : "No",
				"FISH_CLEAN_TABLE" : "No",
				"FUEL" : "No",
				"KIOSK" : "No",
				"LIGHTING" : "No",
				"TOILET" : "No",
				"WASTE_BIN" : "No",
				"RAMP_PONTOON" : "Yes",
				"PONTOON_JETTY_NEARBY" : "Yes"
			}
		},
		{
			"type" : "Feature",
			"geometry" : {
				"type" : "Point",
				"coordinates" : [ 151.1471812305, -33.4579524118 ]
			},
			"properties" : {
				"ASSET_OWNER" : "Central Coast Council",
				"BOAT_RAMP_ID" : 491,
				"DESCRIPTION" : "Spencer",
				"CONTACT_NUMBER" : "02 4306 7900",
				"STREET" : "Wisemans Ferry Road",
				"SUBURB" : "Spencer",
				"WATERWAY" : "Mangrove Creek",
				"STATE" : "NSW",
				"POSTCODE" : 2775,
				"NO_OF_RAMP_LANE" : "1",
				"CAR_TRAILER_SPACE" : "0-10",
				"WATERWAY_ACCESS" : "All Times",
				"CONDITION" : "Fair",
				"CONSTRUCTION_MATERIAL" : "Concrete",
				"BBQ" : "No",
				"FEE_PAYABLE" : "No",
				"FISH_CLEAN_TABLE" : "No",
				"FUEL" : "No",
				"KIOSK" : "Yes",
				"LIGHTING" : "No",
				"TOILET" : "Yes",
				"WASTE_BIN" : "Yes",
				"RAMP_PONTOON" : "No",
				"PONTOON_JETTY_NEARBY" : "Yes"
			}
		},
		{
			"type" : "Feature",
			"geometry" : {
				"type" : "Point",
				"coordinates" : [ 151.3395758164, -33.4317975484 ]
			},
			"properties" : {
				"ASSET_OWNER" : "Central Coast Council",
				"BOAT_RAMP_ID" : 211,
				"DESCRIPTION" : "Gosford Breakwall (Iguana Joes) Boat Ramp",
				"CONTACT_NUMBER" : "02 4306 7900",
				"STREET" : "Dane Drive",
				"SUBURB" : "Gosford",
				"WATERWAY" : "The Broad Water (Brisbane Water)",
				"STATE" : "NSW",
				"POSTCODE" : 2250,
				"NO_OF_RAMP_LANE" : "1",
				"CAR_TRAILER_SPACE" : "0-10",
				"WATERWAY_ACCESS" : "All Times",
				"CONDITION" : "Fair",
				"CONSTRUCTION_MATERIAL" : "Concrete",
				"BBQ" : "No",
				"FEE_PAYABLE" : "No",
				"FISH_CLEAN_TABLE" : "No",
				"FUEL" : "No",
				"KIOSK" : "No",
				"LIGHTING" : "Yes",
				"TOILET" : "Yes",
				"WASTE_BIN" : "No",
				"RAMP_PONTOON" : "No",
				"PONTOON_JETTY_NEARBY" : "Yes"
			}
		},
		{
			"type" : "Feature",
			"geometry" : {
				"type" : "Point",
				"coordinates" : [ 152.2149917263, -32.5096548875 ]
			},
			"properties" : {
				"ASSET_OWNER" : "Mid-Coast Council",
				"BOAT_RAMP_ID" : 382,
				"DESCRIPTION" : "Nerong - Waterhen Park Boat Ramp",
				"CONTACT_NUMBER" : "02 7955 7777",
				"STREET" : "Egret Street",
				"SUBURB" : "Nerong",
				"WATERWAY" : "Bombah Broadwater",
				"STATE" : "NSW",
				"POSTCODE" : 2423,
				"NO_OF_RAMP_LANE" : "1",
				"CAR_TRAILER_SPACE" : "0-10",
				"WATERWAY_ACCESS" : "All Times",
				"CONDITION" : "Fair",
				"CONSTRUCTION_MATERIAL" : "Concrete",
				"BBQ" : "Yes",
				"FEE_PAYABLE" : "No",
				"FISH_CLEAN_TABLE" : "No",
				"FUEL" : "No",
				"KIOSK" : "No",
				"LIGHTING" : "No",
				"TOILET" : "Yes",
				"WASTE_BIN" : "Yes",
				"RAMP_PONTOON" : "Yes",
				"PONTOON_JETTY_NEARBY" : "Yes"
			}
		},
		{
			"type" : "Feature",
			"geometry" : {
				"type" : "Point",
				"coordinates" : [ 152.3304797387, -32.213513255 ]
			},
			"properties" : {
				"ASSET_OWNER" : "Mid-Coast Council",
				"BOAT_RAMP_ID" : 125,
				"DESCRIPTION" : "Cooloongolook Cedar Wharf - Cooloongolook River",
				"CONTACT_NUMBER" : "02 7955 7777",
				"STREET" : "Mimi Street ",
				"SUBURB" : "Cooloongolook",
				"WATERWAY" : "Cooloongolook River",
				"STATE" : "NSW",
				"POSTCODE" : 2423,
				"NO_OF_RAMP_LANE" : "1",
				"CAR_TRAILER_SPACE" : "0-10",
				"WATERWAY_ACCESS" : "All Times",
				"CONDITION" : "Fair",
				"CONSTRUCTION_MATERIAL" : "Unsealed",
				"BBQ" : "No",
				"FEE_PAYABLE" : "No",
				"FISH_CLEAN_TABLE" : "No",
				"FUEL" : "No",
				"KIOSK" : "No",
				"LIGHTING" : "No",
				"TOILET" : "No",
				"WASTE_BIN" : "Yes",
				"RAMP_PONTOON" : "No",
				"PONTOON_JETTY_NEARBY" : "Yes"
			}
		},
		{
			"type" : "Feature",
			"geometry" : {
				"type" : "Point",
				"coordinates" : [ 152.1620613002, -32.6782936283 ]
			},
			"properties" : {
				"ASSET_OWNER" : "Mid-Coast Council",
				"BOAT_RAMP_ID" : 597,
				"DESCRIPTION" : "Winda Woppa Boat Ramp",
				"CONTACT_NUMBER" : "02 7955 7777",
				"STREET" : "The Anchorage ",
				"SUBURB" : "Winda Woppa",
				"WATERWAY" : "Myall River",
				"STATE" : "NSW",
				"POSTCODE" : 2324,
				"NO_OF_RAMP_LANE" : "1",
				"CAR_TRAILER_SPACE" : "0-10",
				"WATERWAY_ACCESS" : "Shallow At Times",
				"CONDITION" : "Fair",
				"CONSTRUCTION_MATERIAL" : "Concrete",
				"BBQ" : "No",
				"FEE_PAYABLE" : "No",
				"FISH_CLEAN_TABLE" : "No",
				"FUEL" : "No",
				"KIOSK" : "No",
				"LIGHTING" : "No",
				"TOILET" : "No",
				"WASTE_BIN" : "No",
				"RAMP_PONTOON" : "No",
				"PONTOON_JETTY_NEARBY" : "No"
			}
		},
		{
			"type" : "Feature",
			"geometry" : {
				"type" : "Point",
				"coordinates" : [ 152.5447245807, -32.0705287604 ]
			},
			"properties" : {
				"ASSET_OWNER" : "Mid-Coast Council",
				"BOAT_RAMP_ID" : 43,
				"DESCRIPTION" : "Blackhead Beach Boat Ramp",
				"CONTACT_NUMBER" : "02 7955 7777",
				"STREET" : "Main Street",
				"SUBURB" : "Black Head",
				"WATERWAY" : "Ocean",
				"STATE" : "NSW",
				"POSTCODE" : 2430,
				"NO_OF_RAMP_LANE" : "1",
				"CAR_TRAILER_SPACE" : "0-10",
				"WATERWAY_ACCESS" : "All Times",
				"CONDITION" : "Fair",
				"CONSTRUCTION_MATERIAL" : "Concrete",
				"BBQ" : "No",
				"FEE_PAYABLE" : "No",
				"FISH_CLEAN_TABLE" : "No",
				"FUEL" : "No",
				"KIOSK" : "Yes",
				"LIGHTING" : "Yes",
				"TOILET" : "Yes",
				"WASTE_BIN" : "No",
				"RAMP_PONTOON" : "No",
				"PONTOON_JETTY_NEARBY" : "No"
			}
		},
		{
			"type" : "Feature",
			"geometry" : {
				"type" : "Point",
				"coordinates" : [ 152.5166788704, -32.2142942974 ]
			},
			"properties" : {
				"ASSET_OWNER" : "Mid-Coast Council",
				"BOAT_RAMP_ID" : 193,
				"DESCRIPTION" : "Elizabeth Parade Boat Ramp",
				"CONTACT_NUMBER" : "02 7955 7777",
				"STREET" : "Elizabeth Parade",
				"SUBURB" : "Forster",
				"WATERWAY" : "Pipers Creek / Wallis Lake",
				"STATE" : "NSW",
				"POSTCODE" : 2428,
				"NO_OF_RAMP_LANE" : "2",
				"CAR_TRAILER_SPACE" : "0-10",
				"WATERWAY_ACCESS" : "All Times",
				"CONDITION" : "Good",
				"CONSTRUCTION_MATERIAL" : "Concrete",
				"BBQ" : "Yes",
				"FEE_PAYABLE" : "No",
				"FISH_CLEAN_TABLE" : "Yes",
				"FUEL" : "No",
				"KIOSK" : "No",
				"LIGHTING" : "No",
				"TOILET" : "Yes",
				"WASTE_BIN" : "Yes",
				"RAMP_PONTOON" : "No",
				"PONTOON_JETTY_NEARBY" : "No"
			}
		},
		{
			"type" : "Feature",
			"geometry" : {
				"type" : "Point",
				"coordinates" : [ 152.481582065, -32.3747033254 ]
			},
			"properties" : {
				"ASSET_OWNER" : "Mid-Coast Council",
				"BOAT_RAMP_ID" : 479,
				"DESCRIPTION" : "Smiths Lake - Brambles Reserve Boat Ramp",
				"CONTACT_NUMBER" : "02 7955 7777",
				"STREET" : "The Lakes Way",
				"SUBURB" : "Tarbuck Bay",
				"WATERWAY" : "Smiths Lake",
				"STATE" : "NSW",
				"POSTCODE" : 2428,
				"NO_OF_RAMP_LANE" : "1",
				"CAR_TRAILER_SPACE" : "0-10",
				"WATERWAY_ACCESS" : "Shallow At Times",
				"CONDITION" : "Good",
				"CONSTRUCTION_MATERIAL" : "Concrete",
				"BBQ" : "No",
				"FEE_PAYABLE" : "No",
				"FISH_CLEAN_TABLE" : "No",
				"FUEL" : "No",
				"KIOSK" : "No",
				"LIGHTING" : "No",
				"TOILET" : "Yes",
				"WASTE_BIN" : "No",
				"RAMP_PONTOON" : "No",
				"PONTOON_JETTY_NEARBY" : "No"
			}
		},
		{
			"type" : "Feature",
			"geometry" : {
				"type" : "Point",
				"coordinates" : [ 152.5020108068, -32.3903061678 ]
			},
			"properties" : {
				"ASSET_OWNER" : "Mid-Coast Council",
				"BOAT_RAMP_ID" : 480,
				"DESCRIPTION" : "Smiths Lake - De Bert Reserve Boat Ramp",
				"CONTACT_NUMBER" : "02 7955 7777",
				"STREET" : "Amaroo Drive",
				"SUBURB" : "Smiths Lake",
				"WATERWAY" : "Smiths Lake",
				"STATE" : "NSW",
				"POSTCODE" : 2428,
				"NO_OF_RAMP_LANE" : "1",
				"CAR_TRAILER_SPACE" : "0-10",
				"WATERWAY_ACCESS" : "Shallow At Times",
				"CONDITION" : "Poor",
				"CONSTRUCTION_MATERIAL" : "Concrete",
				"BBQ" : "Yes",
				"FEE_PAYABLE" : "No",
				"FISH_CLEAN_TABLE" : "No",
				"FUEL" : "No",
				"KIOSK" : "Yes",
				"LIGHTING" : "No",
				"TOILET" : "Yes",
				"WASTE_BIN" : "Yes",
				"RAMP_PONTOON" : "No",
				"PONTOON_JETTY_NEARBY" : "No"
			}
		},
		{
			"type" : "Feature",
			"geometry" : {
				"type" : "Point",
				"coordinates" : [ 152.5077299968, -32.3804670184 ]
			},
			"properties" : {
				"ASSET_OWNER" : "Mid-Coast Council",
				"BOAT_RAMP_ID" : 481,
				"DESCRIPTION" : "Patsys Flat Road Boat Ramp",
				"CONTACT_NUMBER" : "02 7955 7777",
				"STREET" : "Patsy'S Flat Road",
				"SUBURB" : "Smiths Lake",
				"WATERWAY" : "Smiths Lake",
				"STATE" : "NSW",
				"POSTCODE" : 2428,
				"NO_OF_RAMP_LANE" : "1",
				"CAR_TRAILER_SPACE" : "0-10",
				"WATERWAY_ACCESS" : "Shallow At Times",
				"CONDITION" : "Poor",
				"CONSTRUCTION_MATERIAL" : "Unsealed",
				"BBQ" : "No",
				"FEE_PAYABLE" : "No",
				"FISH_CLEAN_TABLE" : "No",
				"FUEL" : "No",
				"KIOSK" : "No",
				"LIGHTING" : "No",
				"TOILET" : "No",
				"WASTE_BIN" : "No",
				"RAMP_PONTOON" : "No",
				"PONTOON_JETTY_NEARBY" : "No"
			}
		},
		{
			"type" : "Feature",
			"geometry" : {
				"type" : "Point",
				"coordinates" : [ 152.5264591559, -32.3332257546 ]
			},
			"properties" : {
				"ASSET_OWNER" : "Mid-Coast Council",
				"BOAT_RAMP_ID" : 102,
				"DESCRIPTION" : "Pacific Palms Boat Ramp - Wallis Lake",
				"CONTACT_NUMBER" : "02 7955 7777",
				"STREET" : "Lakes Way Way",
				"SUBURB" : "Pacific Palms",
				"WATERWAY" : "Wallis Lake",
				"STATE" : "NSW",
				"POSTCODE" : 2428,
				"NO_OF_RAMP_LANE" : "2",
				"CAR_TRAILER_SPACE" : "0-10",
				"WATERWAY_ACCESS" : "All Times",
				"CONDITION" : "Good",
				"CONSTRUCTION_MATERIAL" : "Concrete",
				"BBQ" : "No",
				"FEE_PAYABLE" : "No",
				"FISH_CLEAN_TABLE" : "No",
				"FUEL" : "No",
				"KIOSK" : "No",
				"LIGHTING" : "No",
				"TOILET" : "No",
				"WASTE_BIN" : "No",
				"RAMP_PONTOON" : "No",
				"PONTOON_JETTY_NEARBY" : "Yes"
			}
		},
		{
			"type" : "Feature",
			"geometry" : {
				"type" : "Point",
				"coordinates" : [ 152.4734401856, -32.2349985149 ]
			},
			"properties" : {
				"ASSET_OWNER" : "Mid-Coast Council",
				"BOAT_RAMP_ID" : 126,
				"DESCRIPTION" : "Coomba Park Boat Ramp",
				"CONTACT_NUMBER" : "02 7955 7777",
				"STREET" : "Coomba Road",
				"SUBURB" : "Coomba Park",
				"WATERWAY" : "Wallis Lake",
				"STATE" : "NSW",
				"POSTCODE" : 2428,
				"NO_OF_RAMP_LANE" : "1",
				"CAR_TRAILER_SPACE" : "0-10",
				"WATERWAY_ACCESS" : "All Times",
				"CONDITION" : "Fair",
				"CONSTRUCTION_MATERIAL" : "Concrete",
				"BBQ" : "Yes",
				"FEE_PAYABLE" : "No",
				"FISH_CLEAN_TABLE" : "Yes",
				"FUEL" : "No",
				"KIOSK" : "No",
				"LIGHTING" : "Yes",
				"TOILET" : "Yes",
				"WASTE_BIN" : "Yes",
				"RAMP_PONTOON" : "No",
				"PONTOON_JETTY_NEARBY" : "Yes"
			}
		},
		{
			"type" : "Feature",
			"geometry" : {
				"type" : "Point",
				"coordinates" : [ 152.511034091, -32.1865588782 ]
			},
			"properties" : {
				"ASSET_OWNER" : "Mid-Coast Council",
				"BOAT_RAMP_ID" : 191,
				"DESCRIPTION" : "Little Street Boat Ramp",
				"CONTACT_NUMBER" : "02 7955 7777",
				"STREET" : "Little Street",
				"SUBURB" : "Forster",
				"WATERWAY" : "Wallis Lake",
				"STATE" : "NSW",
				"POSTCODE" : 2428,
				"NO_OF_RAMP_LANE" : "1",
				"CAR_TRAILER_SPACE" : "0-10",
				"WATERWAY_ACCESS" : "Shallow At Times",
				"CONDITION" : "Fair",
				"CONSTRUCTION_MATERIAL" : "Concrete",
				"BBQ" : "No",
				"FEE_PAYABLE" : "No",
				"FISH_CLEAN_TABLE" : "No",
				"FUEL" : "No",
				"KIOSK" : "Yes",
				"LIGHTING" : "Yes",
				"TOILET" : "Yes",
				"WASTE_BIN" : "Yes",
				"RAMP_PONTOON" : "No",
				"PONTOON_JETTY_NEARBY" : "Yes"
			}
		},
		{
			"type" : "Feature",
			"geometry" : {
				"type" : "Point",
				"coordinates" : [ 152.5407236476, -32.331056637 ]
			},
			"properties" : {
				"ASSET_OWNER" : "Mid-Coast Council",
				"BOAT_RAMP_ID" : 161,
				"DESCRIPTION" : "Elizabeth Beach ",
				"CONTACT_NUMBER" : "02 7955 7777",
				"STREET" : "Lakeside Crescent",
				"SUBURB" : "Elizabeth Beach",
				"WATERWAY" : "Ocean",
				"STATE" : "NSW",
				"POSTCODE" : 2428,
				"NO_OF_RAMP_LANE" : "1",
				"CAR_TRAILER_SPACE" : "0-10",
				"WATERWAY_ACCESS" : "Shallow At Times",
				"CONDITION" : "Poor",
				"CONSTRUCTION_MATERIAL" : "Concrete",
				"BBQ" : "No",
				"FEE_PAYABLE" : "No",
				"FISH_CLEAN_TABLE" : "No",
				"FUEL" : "No",
				"KIOSK" : "No",
				"LIGHTING" : "No",
				"TOILET" : "No",
				"WASTE_BIN" : "Yes",
				"RAMP_PONTOON" : "No",
				"PONTOON_JETTY_NEARBY" : "No"
			}
		},
		{
			"type" : "Feature",
			"geometry" : {
				"type" : "Point",
				"coordinates" : [ 152.4770224519, -32.1458837504 ]
			},
			"properties" : {
				"ASSET_OWNER" : "Mid-Coast Council",
				"BOAT_RAMP_ID" : 340,
				"DESCRIPTION" : "Manns Rd - Riverview Place Reserve Boat Ramp",
				"CONTACT_NUMBER" : "02 7955 7777",
				"STREET" : "Manns Road",
				"SUBURB" : "Tuncurry",
				"WATERWAY" : "Wallis Lake",
				"STATE" : "NSW",
				"POSTCODE" : 2428,
				"NO_OF_RAMP_LANE" : "1",
				"CAR_TRAILER_SPACE" : "0-10",
				"WATERWAY_ACCESS" : "All Times",
				"CONDITION" : "Poor",
				"CONSTRUCTION_MATERIAL" : "Unsealed",
				"BBQ" : "No",
				"FEE_PAYABLE" : "No",
				"FISH_CLEAN_TABLE" : "No",
				"FUEL" : "No",
				"KIOSK" : "No",
				"LIGHTING" : "No",
				"TOILET" : "No",
				"WASTE_BIN" : "No",
				"RAMP_PONTOON" : "No",
				"PONTOON_JETTY_NEARBY" : "No"
			}
		},
		{
			"type" : "Feature",
			"geometry" : {
				"type" : "Point",
				"coordinates" : [ 152.3961815178, -32.1013943398 ]
			},
			"properties" : {
				"ASSET_OWNER" : "Mid-Coast Council",
				"BOAT_RAMP_ID" : 570,
				"DESCRIPTION" : "Wallamba River - Bullocky Wharf Boat Ramp",
				"CONTACT_NUMBER" : "02 7955 7777",
				"STREET" : "Wharf Street",
				"SUBURB" : "Nabiac",
				"WATERWAY" : "Wallamba River",
				"STATE" : "NSW",
				"POSTCODE" : 2312,
				"NO_OF_RAMP_LANE" : "1",
				"CAR_TRAILER_SPACE" : "0-10",
				"WATERWAY_ACCESS" : "All Times",
				"CONDITION" : "Good",
				"CONSTRUCTION_MATERIAL" : "Concrete",
				"BBQ" : "No",
				"FEE_PAYABLE" : "No",
				"FISH_CLEAN_TABLE" : "No",
				"FUEL" : "No",
				"KIOSK" : "No",
				"LIGHTING" : "No",
				"TOILET" : "No",
				"WASTE_BIN" : "No",
				"RAMP_PONTOON" : "No",
				"PONTOON_JETTY_NEARBY" : "No"
			}
		},
		{
			"type" : "Feature",
			"geometry" : {
				"type" : "Point",
				"coordinates" : [ 152.4561236657, -32.1216216567 ]
			},
			"properties" : {
				"ASSET_OWNER" : "Mid-Coast Council",
				"BOAT_RAMP_ID" : 571,
				"DESCRIPTION" : "Wallamba River - Shalimar Boat Ramp, Darawank",
				"CONTACT_NUMBER" : "02 7955 7777",
				"STREET" : "Aquatic Road",
				"SUBURB" : "Darawank",
				"WATERWAY" : "Wallamba River",
				"STATE" : "NSW",
				"POSTCODE" : 2428,
				"NO_OF_RAMP_LANE" : "1",
				"CAR_TRAILER_SPACE" : "0-10",
				"WATERWAY_ACCESS" : "All Times",
				"CONDITION" : "Good",
				"CONSTRUCTION_MATERIAL" : "Concrete",
				"BBQ" : "No",
				"FEE_PAYABLE" : "No",
				"FISH_CLEAN_TABLE" : "No",
				"FUEL" : "No",
				"KIOSK" : "No",
				"LIGHTING" : "No",
				"TOILET" : "No",
				"WASTE_BIN" : "No",
				"RAMP_PONTOON" : "No",
				"PONTOON_JETTY_NEARBY" : "No"
			}
		},
		{
			"type" : "Feature",
			"geometry" : {
				"type" : "Point",
				"coordinates" : [ 152.4401355961, -32.094217929 ]
			},
			"properties" : {
				"ASSET_OWNER" : "Mid-Coast Council",
				"BOAT_RAMP_ID" : 572,
				"DESCRIPTION" : "Wallamba River - Willow Point Road, Failford",
				"CONTACT_NUMBER" : "02 7955 7777",
				"STREET" : "Willow Point Road",
				"SUBURB" : "Failford",
				"WATERWAY" : "Wallamba River",
				"STATE" : "NSW",
				"POSTCODE" : 2430,
				"NO_OF_RAMP_LANE" : "1",
				"CAR_TRAILER_SPACE" : "0-10",
				"WATERWAY_ACCESS" : "All Times",
				"CONDITION" : "Poor",
				"CONSTRUCTION_MATERIAL" : "Unsealed",
				"BBQ" : "No",
				"FEE_PAYABLE" : "No",
				"FISH_CLEAN_TABLE" : "No",
				"FUEL" : "No",
				"KIOSK" : "No",
				"LIGHTING" : "No",
				"TOILET" : "No",
				"WASTE_BIN" : "No",
				"RAMP_PONTOON" : "No",
				"PONTOON_JETTY_NEARBY" : "No"
			}
		},
		{
			"type" : "Feature",
			"geometry" : {
				"type" : "Point",
				"coordinates" : [ 152.6059851982, -31.8332478396 ]
			},
			"properties" : {
				"ASSET_OWNER" : "Mid-Coast Council",
				"BOAT_RAMP_ID" : 128,
				"DESCRIPTION" : "Coopernook Boat Ramp ",
				"CONTACT_NUMBER" : "02 7955 7777",
				"STREET" : "George Gibson Drive",
				"SUBURB" : "Coopernook ",
				"WATERWAY" : "Landsdowne River",
				"STATE" : "NSW",
				"POSTCODE" : 2426,
				"NO_OF_RAMP_LANE" : "2",
				"CAR_TRAILER_SPACE" : "0-10",
				"WATERWAY_ACCESS" : "All Times",
				"CONDITION" : "Good",
				"CONSTRUCTION_MATERIAL" : "Concrete",
				"BBQ" : "Yes",
				"FEE_PAYABLE" : "No",
				"FISH_CLEAN_TABLE" : "Yes",
				"FUEL" : "No",
				"KIOSK" : "No",
				"LIGHTING" : "No",
				"TOILET" : "No",
				"WASTE_BIN" : "Yes",
				"RAMP_PONTOON" : "No",
				"PONTOON_JETTY_NEARBY" : "Yes"
			}
		},
		{
			"type" : "Feature",
			"geometry" : {
				"type" : "Point",
				"coordinates" : [ 152.4174282271, -31.9315456272 ]
			},
			"properties" : {
				"ASSET_OWNER" : "Mid-Coast Council",
				"BOAT_RAMP_ID" : 4,
				"DESCRIPTION" : "Andrews Reserve Boat Ramp, Taree",
				"CONTACT_NUMBER" : "02 7955 7777",
				"STREET" : "Edinburgh Drive",
				"SUBURB" : "Taree",
				"WATERWAY" : "Manning River",
				"STATE" : "NSW",
				"POSTCODE" : 2430,
				"NO_OF_RAMP_LANE" : "2",
				"CAR_TRAILER_SPACE" : "0-10",
				"WATERWAY_ACCESS" : "All Times",
				"CONDITION" : "Good",
				"CONSTRUCTION_MATERIAL" : "Concrete",
				"BBQ" : "Yes",
				"FEE_PAYABLE" : "No",
				"FISH_CLEAN_TABLE" : "No",
				"FUEL" : "No",
				"KIOSK" : "No",
				"LIGHTING" : "No",
				"TOILET" : "Yes",
				"WASTE_BIN" : "Yes",
				"RAMP_PONTOON" : "No",
				"PONTOON_JETTY_NEARBY" : "No"
			}
		},
		{
			"type" : "Feature",
			"geometry" : {
				"type" : "Point",
				"coordinates" : [ 152.5979783705, -31.8753456468 ]
			},
			"properties" : {
				"ASSET_OWNER" : "Mid-Coast Council",
				"BOAT_RAMP_ID" : 135,
				"DESCRIPTION" : "Croki Boat Ramp",
				"CONTACT_NUMBER" : "02 7955 7777",
				"STREET" : "Ferry Road",
				"SUBURB" : "Croki",
				"WATERWAY" : "Manning River",
				"STATE" : "NSW",
				"POSTCODE" : 2430,
				"NO_OF_RAMP_LANE" : "1",
				"CAR_TRAILER_SPACE" : "0-10",
				"WATERWAY_ACCESS" : "Shallow At Times",
				"CONDITION" : "Poor",
				"CONSTRUCTION_MATERIAL" : "Concrete",
				"BBQ" : "No",
				"FEE_PAYABLE" : "No",
				"FISH_CLEAN_TABLE" : "No",
				"FUEL" : "No",
				"KIOSK" : "No",
				"LIGHTING" : "No",
				"TOILET" : "No",
				"WASTE_BIN" : "No",
				"RAMP_PONTOON" : "No",
				"PONTOON_JETTY_NEARBY" : "Yes"
			}
		},
		{
			"type" : "Feature",
			"geometry" : {
				"type" : "Point",
				"coordinates" : [ 152.6658201936, -31.8932630754 ]
			},
			"properties" : {
				"ASSET_OWNER" : "Mid-Coast Council",
				"BOAT_RAMP_ID" : 338,
				"DESCRIPTION" : "Manning Point",
				"CONTACT_NUMBER" : "02 7955 7777",
				"STREET" : "Main Road",
				"SUBURB" : "Manning Point",
				"WATERWAY" : "Manning River",
				"STATE" : "NSW",
				"POSTCODE" : 2430,
				"NO_OF_RAMP_LANE" : "1",
				"CAR_TRAILER_SPACE" : "20-40",
				"WATERWAY_ACCESS" : "All Times",
				"CONDITION" : "Poor",
				"CONSTRUCTION_MATERIAL" : "Concrete",
				"BBQ" : "Yes",
				"FEE_PAYABLE" : "No",
				"FISH_CLEAN_TABLE" : "Yes",
				"FUEL" : "Yes",
				"KIOSK" : "Yes",
				"LIGHTING" : "Yes",
				"TOILET" : "Yes",
				"WASTE_BIN" : "Yes",
				"RAMP_PONTOON" : "Yes",
				"PONTOON_JETTY_NEARBY" : "Yes"
			}
		},
		{
			"type" : "Feature",
			"geometry" : {
				"type" : "Point",
				"coordinates" : [ 152.4535050221, -31.9180910086 ]
			},
			"properties" : {
				"ASSET_OWNER" : "Mid-Coast Council",
				"BOAT_RAMP_ID" : 520,
				"DESCRIPTION" : "Taree - West End Avenue",
				"CONTACT_NUMBER" : "02 7955 7777",
				"STREET" : "West End Avenue",
				"SUBURB" : "Taree",
				"WATERWAY" : "Manning River",
				"STATE" : "NSW",
				"POSTCODE" : 2430,
				"NO_OF_RAMP_LANE" : "1",
				"CAR_TRAILER_SPACE" : "0-10",
				"WATERWAY_ACCESS" : "All Times",
				"CONDITION" : "Fair",
				"CONSTRUCTION_MATERIAL" : "Concrete",
				"BBQ" : "No",
				"FEE_PAYABLE" : "No",
				"FISH_CLEAN_TABLE" : "No",
				"FUEL" : "No",
				"KIOSK" : "No",
				"LIGHTING" : "No",
				"TOILET" : "No",
				"WASTE_BIN" : "Yes",
				"RAMP_PONTOON" : "No",
				"PONTOON_JETTY_NEARBY" : "No"
			}
		},
		{
			"type" : "Feature",
			"geometry" : {
				"type" : "Point",
				"coordinates" : [ 152.4341106835, -31.9162934323 ]
			},
			"properties" : {
				"ASSET_OWNER" : "Mid-Coast Council",
				"BOAT_RAMP_ID" : 521,
				"DESCRIPTION" : "Taree West - Manning Waters Estate",
				"CONTACT_NUMBER" : "02 7955 7777",
				"STREET" : "Petken Drive",
				"SUBURB" : "Taree",
				"WATERWAY" : "Manning River",
				"STATE" : "NSW",
				"POSTCODE" : 2430,
				"NO_OF_RAMP_LANE" : "1",
				"CAR_TRAILER_SPACE" : "0-10",
				"WATERWAY_ACCESS" : "All Times",
				"CONDITION" : "Poor",
				"CONSTRUCTION_MATERIAL" : "Unsealed",
				"BBQ" : "No",
				"FEE_PAYABLE" : "No",
				"FISH_CLEAN_TABLE" : "No",
				"FUEL" : "No",
				"KIOSK" : "No",
				"LIGHTING" : "No",
				"TOILET" : "No",
				"WASTE_BIN" : "No",
				"RAMP_PONTOON" : "No",
				"PONTOON_JETTY_NEARBY" : "Yes"
			}
		},
		{
			"type" : "Feature",
			"geometry" : {
				"type" : "Point",
				"coordinates" : [ 152.4154176397, -31.9325602695 ]
			},
			"properties" : {
				"ASSET_OWNER" : "Mid-Coast Council",
				"BOAT_RAMP_ID" : 539,
				"DESCRIPTION" : "Tinonee - Manning River",
				"CONTACT_NUMBER" : "02 7955 7777",
				"STREET" : "Hutchinson Street",
				"SUBURB" : "Tinonee",
				"WATERWAY" : "Manning River",
				"STATE" : "NSW",
				"POSTCODE" : 2430,
				"NO_OF_RAMP_LANE" : "1",
				"CAR_TRAILER_SPACE" : "0-10",
				"WATERWAY_ACCESS" : "All Times",
				"CONDITION" : "Poor",
				"CONSTRUCTION_MATERIAL" : "Concrete",
				"BBQ" : "No",
				"FEE_PAYABLE" : "No",
				"FISH_CLEAN_TABLE" : "No",
				"FUEL" : "No",
				"KIOSK" : "No",
				"LIGHTING" : "Yes",
				"TOILET" : "No",
				"WASTE_BIN" : "No",
				"RAMP_PONTOON" : "No",
				"PONTOON_JETTY_NEARBY" : "No"
			}
		},
		{
			"type" : "Feature",
			"geometry" : {
				"type" : "Point",
				"coordinates" : [ 152.5659739385, -31.9433252596 ]
			},
			"properties" : {
				"ASSET_OWNER" : "Mid-Coast Council",
				"BOAT_RAMP_ID" : 639,
				"DESCRIPTION" : "Bohnock Boat Ramp",
				"CONTACT_NUMBER" : "02 7955 7777",
				"STREET" : "Manning Point Road",
				"SUBURB" : "Bohnock",
				"WATERWAY" : "Manning River",
				"STATE" : "NSW",
				"POSTCODE" : 2430,
				"NO_OF_RAMP_LANE" : "2",
				"CAR_TRAILER_SPACE" : "0-10",
				"WATERWAY_ACCESS" : "All Times",
				"CONDITION" : "Fair",
				"CONSTRUCTION_MATERIAL" : "Concrete",
				"BBQ" : "No",
				"FEE_PAYABLE" : "No",
				"FISH_CLEAN_TABLE" : "Yes",
				"FUEL" : "No",
				"KIOSK" : "No",
				"LIGHTING" : "Yes",
				"TOILET" : "No",
				"WASTE_BIN" : "Yes",
				"RAMP_PONTOON" : "Yes",
				"PONTOON_JETTY_NEARBY" : "Yes"
			}
		},
		{
			"type" : "Feature",
			"geometry" : {
				"type" : "Point",
				"coordinates" : [ 144.8347743021, -34.5158543453 ]
			},
			"properties" : {
				"ASSET_OWNER" : "Hay Shire Council",
				"BOAT_RAMP_ID" : 457,
				"DESCRIPTION" : "Sandy Point Rd Hay",
				"CONTACT_NUMBER" : "02 6990 1100",
				"STREET" : "Sandy Road",
				"SUBURB" : "Hay",
				"WATERWAY" : "Murrumbidgee River",
				"STATE" : "NSW",
				"POSTCODE" : 2711,
				"NO_OF_RAMP_LANE" : "1",
				"CAR_TRAILER_SPACE" : "0-10",
				"WATERWAY_ACCESS" : "Shallow At Times",
				"CONDITION" : "Good",
				"CONSTRUCTION_MATERIAL" : "Concrete",
				"BBQ" : "Yes",
				"FEE_PAYABLE" : "No",
				"FISH_CLEAN_TABLE" : "No",
				"FUEL" : "No",
				"KIOSK" : "No",
				"LIGHTING" : "No",
				"TOILET" : "Yes",
				"WASTE_BIN" : "No",
				"RAMP_PONTOON" : "No",
				"PONTOON_JETTY_NEARBY" : "No"
			}
		},
		{
			"type" : "Feature",
			"geometry" : {
				"type" : "Point",
				"coordinates" : [ 144.8187338209, -34.5081028469 ]
			},
			"properties" : {
				"ASSET_OWNER" : "Hay Shire Council",
				"BOAT_RAMP_ID" : 484,
				"DESCRIPTION" : "Soapworks Bend Boat Ramp",
				"CONTACT_NUMBER" : "02 6990 1100",
				"STREET" : "Jackson Street",
				"SUBURB" : "Hay",
				"WATERWAY" : "Murrumbidgee River",
				"STATE" : "NSW",
				"POSTCODE" : 2711,
				"NO_OF_RAMP_LANE" : "1",
				"CAR_TRAILER_SPACE" : "0-10",
				"WATERWAY_ACCESS" : "Shallow At Times",
				"CONDITION" : "Good",
				"CONSTRUCTION_MATERIAL" : "Concrete",
				"BBQ" : "No",
				"FEE_PAYABLE" : "No",
				"FISH_CLEAN_TABLE" : "No",
				"FUEL" : "No",
				"KIOSK" : "No",
				"LIGHTING" : "No",
				"TOILET" : "No",
				"WASTE_BIN" : "No",
				"RAMP_PONTOON" : "No",
				"PONTOON_JETTY_NEARBY" : "No"
			}
		},
		{
			"type" : "Feature",
			"geometry" : {
				"type" : "Point",
				"coordinates" : [ 152.993628184, -30.8660269932 ]
			},
			"properties" : {
				"ASSET_OWNER" : "Kempsey Shire Council",
				"BOAT_RAMP_ID" : 187,
				"DESCRIPTION" : "Fishermans Reach\r Boat Ramp",
				"CONTACT_NUMBER" : "02 6566 3200",
				"STREET" : "Fishermans Reach Road\r",
				"SUBURB" : "Fishermans Reach\r\n",
				"WATERWAY" : "Macleay River",
				"STATE" : "NSW",
				"POSTCODE" : 2441,
				"NO_OF_RAMP_LANE" : "1",
				"CAR_TRAILER_SPACE" : "0-10",
				"WATERWAY_ACCESS" : "Shallow At Times",
				"CONDITION" : "Fair",
				"CONSTRUCTION_MATERIAL" : "Concrete",
				"BBQ" : "No",
				"FEE_PAYABLE" : "No",
				"FISH_CLEAN_TABLE" : "No",
				"FUEL" : "No",
				"KIOSK" : "No",
				"LIGHTING" : "No",
				"TOILET" : "No",
				"WASTE_BIN" : "No",
				"RAMP_PONTOON" : "No",
				"PONTOON_JETTY_NEARBY" : "No"
			}
		},
		{
			"type" : "Feature",
			"geometry" : {
				"type" : "Point",
				"coordinates" : [ 152.879381301, -31.038243426 ]
			},
			"properties" : {
				"ASSET_OWNER" : "Kempsey Shire Council",
				"BOAT_RAMP_ID" : 196,
				"DESCRIPTION" : "Frederickton Boat Ramp",
				"CONTACT_NUMBER" : "02 6566 3200",
				"STREET" : "Macleay Valley Way\r",
				"SUBURB" : "Frederickton\r\n",
				"WATERWAY" : "Macleay River",
				"STATE" : "NSW",
				"POSTCODE" : 2440,
				"NO_OF_RAMP_LANE" : "1",
				"CAR_TRAILER_SPACE" : "0-10",
				"WATERWAY_ACCESS" : "All Times",
				"CONDITION" : "Good",
				"CONSTRUCTION_MATERIAL" : "Concrete",
				"BBQ" : "No",
				"FEE_PAYABLE" : "No",
				"FISH_CLEAN_TABLE" : "No",
				"FUEL" : "No",
				"KIOSK" : "No",
				"LIGHTING" : "Yes",
				"TOILET" : "No",
				"WASTE_BIN" : "Yes",
				"RAMP_PONTOON" : "No",
				"PONTOON_JETTY_NEARBY" : "No"
			}
		},
		{
			"type" : "Feature",
			"geometry" : {
				"type" : "Point",
				"coordinates" : [ 152.79997629, -31.0605850481 ]
			},
			"properties" : {
				"ASSET_OWNER" : "Kempsey Shire Council",
				"BOAT_RAMP_ID" : 213,
				"DESCRIPTION" : "Greenhill \rBoat Ramp",
				"CONTACT_NUMBER" : "02 6566 3200",
				"STREET" : "Greenhill Ferry Road\r\n",
				"SUBURB" : "Greenhill\r\n",
				"WATERWAY" : "Macleay River",
				"STATE" : "NSW",
				"POSTCODE" : 2440,
				"NO_OF_RAMP_LANE" : "1",
				"CAR_TRAILER_SPACE" : "0-10",
				"WATERWAY_ACCESS" : "All Times",
				"CONDITION" : "Poor",
				"CONSTRUCTION_MATERIAL" : "Concrete",
				"BBQ" : "No",
				"FEE_PAYABLE" : "No",
				"FISH_CLEAN_TABLE" : "No",
				"FUEL" : "No",
				"KIOSK" : "No",
				"LIGHTING" : "No",
				"TOILET" : "No",
				"WASTE_BIN" : "No",
				"RAMP_PONTOON" : "No",
				"PONTOON_JETTY_NEARBY" : "No"
			}
		},
		{
			"type" : "Feature",
			"geometry" : {
				"type" : "Point",
				"coordinates" : [ 153.0309490344, -30.9261963047 ]
			},
			"properties" : {
				"ASSET_OWNER" : "Kempsey Shire Council",
				"BOAT_RAMP_ID" : 250,
				"DESCRIPTION" : "Jerseyville\r Boat Ramp",
				"CONTACT_NUMBER" : "02 6566 3200",
				"STREET" : "Plummers Lane\r",
				"SUBURB" : "Jerseyville\r\n",
				"WATERWAY" : "Macleay River",
				"STATE" : "NSW",
				"POSTCODE" : 2431,
				"NO_OF_RAMP_LANE" : "1",
				"CAR_TRAILER_SPACE" : "0-10",
				"WATERWAY_ACCESS" : "All Times",
				"CONDITION" : "Good",
				"CONSTRUCTION_MATERIAL" : "Concrete",
				"BBQ" : "No",
				"FEE_PAYABLE" : "No",
				"FISH_CLEAN_TABLE" : "No",
				"FUEL" : "No",
				"KIOSK" : "No",
				"LIGHTING" : "No",
				"TOILET" : "Yes",
				"WASTE_BIN" : "Yes",
				"RAMP_PONTOON" : "No",
				"PONTOON_JETTY_NEARBY" : "No"
			}
		},
		{
			"type" : "Feature",
			"geometry" : {
				"type" : "Point",
				"coordinates" : [ 152.9952209608, -30.8209736251 ]
			},
			"properties" : {
				"ASSET_OWNER" : "Kempsey Shire Council",
				"BOAT_RAMP_ID" : 502,
				"DESCRIPTION" : "Stuarts Point\r Boat Ramp",
				"CONTACT_NUMBER" : "02 6566 3200",
				"STREET" : "Ocean Avenue\r",
				"SUBURB" : "Stuarts Point",
				"WATERWAY" : "Macleay River",
				"STATE" : "NSW",
				"POSTCODE" : 2441,
				"NO_OF_RAMP_LANE" : "2",
				"CAR_TRAILER_SPACE" : "0-10",
				"WATERWAY_ACCESS" : "High Tide Only",
				"CONDITION" : "Poor",
				"CONSTRUCTION_MATERIAL" : "Concrete",
				"BBQ" : "No",
				"FEE_PAYABLE" : "No",
				"FISH_CLEAN_TABLE" : "No",
				"FUEL" : "No",
				"KIOSK" : "No",
				"LIGHTING" : "No",
				"TOILET" : "Yes",
				"WASTE_BIN" : "No",
				"RAMP_PONTOON" : "No",
				"PONTOON_JETTY_NEARBY" : "No"
			}
		},
		{
			"type" : "Feature",
			"geometry" : {
				"type" : "Point",
				"coordinates" : [ 152.8382417257, -31.2175972338 ]
			},
			"properties" : {
				"ASSET_OWNER" : "Kempsey Shire Council",
				"BOAT_RAMP_ID" : 278,
				"DESCRIPTION" : "Kundabung \rBoat Ramp",
				"CONTACT_NUMBER" : "02 6566 3200",
				"STREET" : "River Road",
				"SUBURB" : "Kundabung",
				"WATERWAY" : "Pipers Creek",
				"STATE" : "NSW",
				"POSTCODE" : 2441,
				"NO_OF_RAMP_LANE" : "1",
				"CAR_TRAILER_SPACE" : "0-10",
				"WATERWAY_ACCESS" : "All Times",
				"CONDITION" : "Poor",
				"CONSTRUCTION_MATERIAL" : "Concrete",
				"BBQ" : "No",
				"FEE_PAYABLE" : "No",
				"FISH_CLEAN_TABLE" : "No",
				"FUEL" : "No",
				"KIOSK" : "No",
				"LIGHTING" : "No",
				"TOILET" : "Yes",
				"WASTE_BIN" : "No",
				"RAMP_PONTOON" : "No",
				"PONTOON_JETTY_NEARBY" : "No"
			}
		},
		{
			"type" : "Feature",
			"geometry" : {
				"type" : "Point",
				"coordinates" : [ 151.5373275615, -33.1174765063 ]
			},
			"properties" : {
				"ASSET_OWNER" : "Lake Macquarie City Council",
				"BOAT_RAMP_ID" : 19,
				"DESCRIPTION" : "Bardens Bay Boat Ramp",
				"CONTACT_NUMBER" : "02 4921 0333",
				"STREET" : "Lakeview Road",
				"SUBURB" : "Morisset Park",
				"WATERWAY" : "Lake Macquarie",
				"STATE" : "NSW",
				"POSTCODE" : 2264,
				"NO_OF_RAMP_LANE" : "1",
				"CAR_TRAILER_SPACE" : "0-10",
				"WATERWAY_ACCESS" : "Shallow At Times",
				"CONDITION" : "Fair",
				"CONSTRUCTION_MATERIAL" : "Concrete",
				"BBQ" : "No",
				"FEE_PAYABLE" : "No",
				"FISH_CLEAN_TABLE" : "No",
				"FUEL" : "No",
				"KIOSK" : "No",
				"LIGHTING" : "No",
				"TOILET" : "No",
				"WASTE_BIN" : "Yes",
				"RAMP_PONTOON" : "No",
				"PONTOON_JETTY_NEARBY" : "No"
			}
		},
		{
			"type" : "Feature",
			"geometry" : {
				"type" : "Point",
				"coordinates" : [ 151.60322482, -33.1429679097 ]
			},
			"properties" : {
				"ASSET_OWNER" : "Lake Macquarie City Council",
				"BOAT_RAMP_ID" : 73,
				"DESCRIPTION" : "Browns Bay Boat Ramp (Nords Wharf)",
				"CONTACT_NUMBER" : "02 4921 0333",
				"STREET" : "Branter Road",
				"SUBURB" : "Nords Wharf",
				"WATERWAY" : "Lake Macquarie",
				"STATE" : "NSW",
				"POSTCODE" : 2281,
				"NO_OF_RAMP_LANE" : "1",
				"CAR_TRAILER_SPACE" : "0-10",
				"WATERWAY_ACCESS" : "Shallow At Times",
				"CONDITION" : "Fair",
				"CONSTRUCTION_MATERIAL" : "Concrete",
				"BBQ" : "No",
				"FEE_PAYABLE" : "No",
				"FISH_CLEAN_TABLE" : "No",
				"FUEL" : "No",
				"KIOSK" : "No",
				"LIGHTING" : "No",
				"TOILET" : "No",
				"WASTE_BIN" : "No",
				"RAMP_PONTOON" : "No",
				"PONTOON_JETTY_NEARBY" : "No"
			}
		},
		{
			"type" : "Feature",
			"geometry" : {
				"type" : "Point",
				"coordinates" : [ 151.588713629, -33.0505550888 ]
			},
			"properties" : {
				"ASSET_OWNER" : "Lake Macquarie City Council",
				"BOAT_RAMP_ID" : 463,
				"DESCRIPTION" : "Secret Bay - Balmoral",
				"CONTACT_NUMBER" : "02 4921 0333",
				"STREET" : "Balmoral Place",
				"SUBURB" : "Balmoral",
				"WATERWAY" : "Lake Macquarie",
				"STATE" : "NSW",
				"POSTCODE" : 2283,
				"NO_OF_RAMP_LANE" : "1",
				"CAR_TRAILER_SPACE" : "10-20",
				"WATERWAY_ACCESS" : "All Times",
				"CONDITION" : "Good",
				"CONSTRUCTION_MATERIAL" : "Concrete",
				"BBQ" : "No",
				"FEE_PAYABLE" : "No",
				"FISH_CLEAN_TABLE" : "Yes",
				"FUEL" : "No",
				"KIOSK" : "No",
				"LIGHTING" : "Yes",
				"TOILET" : "No",
				"WASTE_BIN" : "Yes",
				"RAMP_PONTOON" : "Yes",
				"PONTOON_JETTY_NEARBY" : "Yes"
			}
		},
		{
			"type" : "Feature",
			"geometry" : {
				"type" : "Point",
				"coordinates" : [ 151.6166119398, -33.049007705 ]
			},
			"properties" : {
				"ASSET_OWNER" : "Lake Macquarie City Council",
				"BOAT_RAMP_ID" : 477,
				"DESCRIPTION" : "Skye Point",
				"CONTACT_NUMBER" : "02 4921 0333",
				"STREET" : "Skye Point Road",
				"SUBURB" : "Coal Point",
				"WATERWAY" : "Lake Macquarie",
				"STATE" : "NSW",
				"POSTCODE" : 2283,
				"NO_OF_RAMP_LANE" : "1",
				"CAR_TRAILER_SPACE" : "0-10",
				"WATERWAY_ACCESS" : "All Times",
				"CONDITION" : "Good",
				"CONSTRUCTION_MATERIAL" : "Concrete",
				"BBQ" : "No",
				"FEE_PAYABLE" : "No",
				"FISH_CLEAN_TABLE" : "Yes",
				"FUEL" : "No",
				"KIOSK" : "No",
				"LIGHTING" : "Yes",
				"TOILET" : "Yes",
				"WASTE_BIN" : "Yes",
				"RAMP_PONTOON" : "No",
				"PONTOON_JETTY_NEARBY" : "No"
			}
		},
		{
			"type" : "Feature",
			"geometry" : {
				"type" : "Point",
				"coordinates" : [ 151.5991550764, -33.014802064 ]
			},
			"properties" : {
				"ASSET_OWNER" : "Lake Macquarie City Council",
				"BOAT_RAMP_ID" : 547,
				"DESCRIPTION" : "Toronto Marina",
				"CONTACT_NUMBER" : "02 4921 0333",
				"STREET" : "Wharf Street",
				"SUBURB" : "Toronto",
				"WATERWAY" : "Lake Macquarie",
				"STATE" : "NSW",
				"POSTCODE" : 2283,
				"NO_OF_RAMP_LANE" : "2",
				"CAR_TRAILER_SPACE" : "0-10",
				"WATERWAY_ACCESS" : "All Times",
				"CONDITION" : "Good",
				"CONSTRUCTION_MATERIAL" : "Concrete",
				"BBQ" : "Yes",
				"FEE_PAYABLE" : "No",
				"FISH_CLEAN_TABLE" : "No",
				"FUEL" : "No",
				"KIOSK" : "Yes",
				"LIGHTING" : "Yes",
				"TOILET" : "Yes",
				"WASTE_BIN" : "Yes",
				"RAMP_PONTOON" : "No",
				"PONTOON_JETTY_NEARBY" : "Yes"
			}
		},
		{
			"type" : "Feature",
			"geometry" : {
				"type" : "Point",
				"coordinates" : [ 151.5873540116, -33.0696810053 ]
			},
			"properties" : {
				"ASSET_OWNER" : "Lake Macquarie City Council",
				"BOAT_RAMP_ID" : 574,
				"DESCRIPTION" : "Wangi Wangi foreshore Boat Ramp",
				"CONTACT_NUMBER" : "02 4921 0333",
				"STREET" : "Kent Place",
				"SUBURB" : "Wangi Wangi",
				"WATERWAY" : "Lake Macquarie",
				"STATE" : "NSW",
				"POSTCODE" : 2267,
				"NO_OF_RAMP_LANE" : "1",
				"CAR_TRAILER_SPACE" : "0-10",
				"WATERWAY_ACCESS" : "All Times",
				"CONDITION" : "Good",
				"CONSTRUCTION_MATERIAL" : "Concrete",
				"BBQ" : "No",
				"FEE_PAYABLE" : "No",
				"FISH_CLEAN_TABLE" : "No",
				"FUEL" : "No",
				"KIOSK" : "No",
				"LIGHTING" : "Yes",
				"TOILET" : "Yes",
				"WASTE_BIN" : "Yes",
				"RAMP_PONTOON" : "No",
				"PONTOON_JETTY_NEARBY" : "Yes"
			}
		},
		{
			"type" : "Feature",
			"geometry" : {
				"type" : "Point",
				"coordinates" : [ 153.3988251825, -28.9990098837 ]
			},
			"properties" : {
				"ASSET_OWNER" : "Lismore City Council",
				"BOAT_RAMP_ID" : 154,
				"DESCRIPTION" : "Dungarubba Boat Ramp",
				"CONTACT_NUMBER" : "02 6625 0500",
				"STREET" : "Coraki-Broadwater Road",
				"SUBURB" : "Dungarubba",
				"WATERWAY" : "Richmond River",
				"STATE" : "NSW",
				"POSTCODE" : 2480,
				"NO_OF_RAMP_LANE" : "1",
				"CAR_TRAILER_SPACE" : "0-10",
				"WATERWAY_ACCESS" : "All Times",
				"CONDITION" : "Good",
				"CONSTRUCTION_MATERIAL" : "Concrete",
				"BBQ" : "No",
				"FEE_PAYABLE" : "No",
				"FISH_CLEAN_TABLE" : "No",
				"FUEL" : "No",
				"KIOSK" : "No",
				"LIGHTING" : "No",
				"TOILET" : "Yes",
				"WASTE_BIN" : "Yes",
				"RAMP_PONTOON" : "No",
				"PONTOON_JETTY_NEARBY" : "No"
			}
		},
		{
			"type" : "Feature",
			"geometry" : {
				"type" : "Point",
				"coordinates" : [ 153.3936676422, -29.0117155927 ]
			},
			"properties" : {
				"ASSET_OWNER" : "Richmond Valley Council",
				"BOAT_RAMP_ID" : 437,
				"DESCRIPTION" : "Rileys Hill (Broadwater)",
				"CONTACT_NUMBER" : "02 6660 0300",
				"STREET" : "Rileys Hill Dock Road",
				"SUBURB" : "Rileys Hill",
				"WATERWAY" : "Richmond River",
				"STATE" : "NSW",
				"POSTCODE" : 2472,
				"NO_OF_RAMP_LANE" : "1",
				"CAR_TRAILER_SPACE" : "Informal",
				"WATERWAY_ACCESS" : "All Times",
				"CONDITION" : "Poor",
				"CONSTRUCTION_MATERIAL" : "Concrete",
				"BBQ" : "No",
				"FEE_PAYABLE" : "No",
				"FISH_CLEAN_TABLE" : "No",
				"FUEL" : "No",
				"KIOSK" : "No",
				"LIGHTING" : "No",
				"TOILET" : "No",
				"WASTE_BIN" : "No",
				"RAMP_PONTOON" : "No",
				"PONTOON_JETTY_NEARBY" : "No"
			}
		},
		{
			"type" : "Feature",
			"geometry" : {
				"type" : "Point",
				"coordinates" : [ 153.3428136182, -29.069404616 ]
			},
			"properties" : {
				"ASSET_OWNER" : "Lismore City Council",
				"BOAT_RAMP_ID" : 605,
				"DESCRIPTION" : "Woodburn",
				"CONTACT_NUMBER" : "02 6625 0500",
				"STREET" : "Bank Street",
				"SUBURB" : "North Woodburn",
				"WATERWAY" : "Richmond River",
				"STATE" : "NSW",
				"POSTCODE" : 2471,
				"NO_OF_RAMP_LANE" : "1",
				"CAR_TRAILER_SPACE" : "0-10",
				"WATERWAY_ACCESS" : "All Times",
				"CONDITION" : "Fair",
				"CONSTRUCTION_MATERIAL" : "Concrete",
				"BBQ" : "No",
				"FEE_PAYABLE" : "No",
				"FISH_CLEAN_TABLE" : "No",
				"FUEL" : "Yes",
				"KIOSK" : "No",
				"LIGHTING" : "Yes",
				"TOILET" : "No",
				"WASTE_BIN" : "No",
				"RAMP_PONTOON" : "No",
				"PONTOON_JETTY_NEARBY" : "No"
			}
		},
		{
			"type" : "Feature",
			"geometry" : {
				"type" : "Point",
				"coordinates" : [ 153.4281151992, -29.0135871516 ]
			},
			"properties" : {
				"ASSET_OWNER" : "Lismore City Council",
				"BOAT_RAMP_ID" : 641,
				"DESCRIPTION" : "Broadwater",
				"CONTACT_NUMBER" : "02 6625 0500",
				"STREET" : "Coraki-Broadwater Road",
				"SUBURB" : "Broadwater",
				"WATERWAY" : "Richmond River",
				"STATE" : "NSW",
				"POSTCODE" : 2472,
				"NO_OF_RAMP_LANE" : "1",
				"CAR_TRAILER_SPACE" : "0-10",
				"WATERWAY_ACCESS" : "All Times",
				"CONDITION" : "Poor",
				"CONSTRUCTION_MATERIAL" : "Bitumen",
				"BBQ" : "No",
				"FEE_PAYABLE" : "No",
				"FISH_CLEAN_TABLE" : "No",
				"FUEL" : "No",
				"KIOSK" : "No",
				"LIGHTING" : "No",
				"TOILET" : "No",
				"WASTE_BIN" : "No",
				"RAMP_PONTOON" : "No",
				"PONTOON_JETTY_NEARBY" : "No"
			}
		},
		{
			"type" : "Feature",
			"geometry" : {
				"type" : "Point",
				"coordinates" : [ 153.2698862202, -28.8133097398 ]
			},
			"properties" : {
				"ASSET_OWNER" : "Lismore City Council",
				"BOAT_RAMP_ID" : 320,
				"DESCRIPTION" : "Victoria Street Boat Ramp",
				"CONTACT_NUMBER" : "02 6625 0500",
				"STREET" : "Victoria Street",
				"SUBURB" : "Lismore",
				"WATERWAY" : "Wilsons River",
				"STATE" : "NSW",
				"POSTCODE" : 2480,
				"NO_OF_RAMP_LANE" : "2",
				"CAR_TRAILER_SPACE" : "0-10",
				"WATERWAY_ACCESS" : "All Times",
				"CONDITION" : "Good",
				"CONSTRUCTION_MATERIAL" : "Not Provided",
				"BBQ" : "Yes",
				"FEE_PAYABLE" : "No",
				"FISH_CLEAN_TABLE" : "No",
				"FUEL" : "No",
				"KIOSK" : "No",
				"LIGHTING" : "No",
				"TOILET" : "No",
				"WASTE_BIN" : "No",
				"RAMP_PONTOON" : "Yes",
				"PONTOON_JETTY_NEARBY" : "No"
			}
		},
		{
			"type" : "Feature",
			"geometry" : {
				"type" : "Point",
				"coordinates" : [ 153.2968701078, -28.8924355991 ]
			},
			"properties" : {
				"ASSET_OWNER" : "Lismore City Council",
				"BOAT_RAMP_ID" : 321,
				"DESCRIPTION" : "Wyrallah Road Boat Ramp",
				"CONTACT_NUMBER" : "02 6625 0500",
				"STREET" : "Wyrallah Road",
				"SUBURB" : "Wyrallah",
				"WATERWAY" : "Wilsons River",
				"STATE" : "NSW",
				"POSTCODE" : 2480,
				"NO_OF_RAMP_LANE" : "2",
				"CAR_TRAILER_SPACE" : "0-10",
				"WATERWAY_ACCESS" : "All Times",
				"CONDITION" : "Fair",
				"CONSTRUCTION_MATERIAL" : "Not Provided",
				"BBQ" : "No",
				"FEE_PAYABLE" : "No",
				"FISH_CLEAN_TABLE" : "No",
				"FUEL" : "No",
				"KIOSK" : "No",
				"LIGHTING" : "No",
				"TOILET" : "No",
				"WASTE_BIN" : "No",
				"RAMP_PONTOON" : "No",
				"PONTOON_JETTY_NEARBY" : "No"
			}
		},
		{
			"type" : "Feature",
			"geometry" : {
				"type" : "Point",
				"coordinates" : [ 151.1595554009, -33.9274440278 ]
			},
			"properties" : {
				"ASSET_OWNER" : "Inner West Council",
				"BOAT_RAMP_ID" : 529,
				"DESCRIPTION" : "Tempe Basin",
				"CONTACT_NUMBER" : "02 9392 5000",
				"STREET" : "Holbeach Avenue",
				"SUBURB" : "Tempe",
				"WATERWAY" : "Cooks River",
				"STATE" : "NSW",
				"POSTCODE" : 2044,
				"NO_OF_RAMP_LANE" : "1",
				"CAR_TRAILER_SPACE" : "0-10",
				"WATERWAY_ACCESS" : "Shallow At Times",
				"CONDITION" : "Poor",
				"CONSTRUCTION_MATERIAL" : "Concrete",
				"BBQ" : "No",
				"FEE_PAYABLE" : "No",
				"FISH_CLEAN_TABLE" : "No",
				"FUEL" : "No",
				"KIOSK" : "No",
				"LIGHTING" : "No",
				"TOILET" : "No",
				"WASTE_BIN" : "No",
				"RAMP_PONTOON" : "No",
				"PONTOON_JETTY_NEARBY" : "Yes"
			}
		},
		{
			"type" : "Feature",
			"geometry" : {
				"type" : "Point",
				"coordinates" : [ 152.883804891, -30.6653169858 ]
			},
			"properties" : {
				"ASSET_OWNER" : "Nambucca Valley Council",
				"BOAT_RAMP_ID" : 64,
				"DESCRIPTION" : "Bowraville South Boat Ramp",
				"CONTACT_NUMBER" : "02 6568 2555",
				"STREET" : "Wilson Road",
				"SUBURB" : "Congarinni North",
				"WATERWAY" : "Nambucca River",
				"STATE" : "NSW",
				"POSTCODE" : 2447,
				"NO_OF_RAMP_LANE" : "1",
				"CAR_TRAILER_SPACE" : "0-10",
				"WATERWAY_ACCESS" : "All Times",
				"CONDITION" : "Fair",
				"CONSTRUCTION_MATERIAL" : "Concrete",
				"BBQ" : "No",
				"FEE_PAYABLE" : "No",
				"FISH_CLEAN_TABLE" : "No",
				"FUEL" : "No",
				"KIOSK" : "No",
				"LIGHTING" : "No",
				"TOILET" : "No",
				"WASTE_BIN" : "No",
				"RAMP_PONTOON" : "No",
				"PONTOON_JETTY_NEARBY" : "No"
			}
		},
		{
			"type" : "Feature",
			"geometry" : {
				"type" : "Point",
				"coordinates" : [ 153.0041401645, -30.6454680604 ]
			},
			"properties" : {
				"ASSET_OWNER" : "Nambucca Valley Council",
				"BOAT_RAMP_ID" : 209,
				"DESCRIPTION" : "Gordon Park Nambucca Heads",
				"CONTACT_NUMBER" : "02 6568 2555",
				"STREET" : "Wellington Drive",
				"SUBURB" : "Nambucca Heads",
				"WATERWAY" : "Nambucca River",
				"STATE" : "NSW",
				"POSTCODE" : 2448,
				"NO_OF_RAMP_LANE" : "2",
				"CAR_TRAILER_SPACE" : "0-10",
				"WATERWAY_ACCESS" : "Shallow At Times",
				"CONDITION" : "Good",
				"CONSTRUCTION_MATERIAL" : "Concrete",
				"BBQ" : "Yes",
				"FEE_PAYABLE" : "No",
				"FISH_CLEAN_TABLE" : "Yes",
				"FUEL" : "No",
				"KIOSK" : "No",
				"LIGHTING" : "Yes",
				"TOILET" : "Yes",
				"WASTE_BIN" : "Yes",
				"RAMP_PONTOON" : "No",
				"PONTOON_JETTY_NEARBY" : "No"
			}
		},
		{
			"type" : "Feature",
			"geometry" : {
				"type" : "Point",
				"coordinates" : [ 152.9205520089, -30.7040495419 ]
			},
			"properties" : {
				"ASSET_OWNER" : "Nambucca Valley Council",
				"BOAT_RAMP_ID" : 316,
				"DESCRIPTION" : "North Macksville Lions Park",
				"CONTACT_NUMBER" : "02 6568 2555",
				"STREET" : "Ferry Street",
				"SUBURB" : "Macksville",
				"WATERWAY" : "Nambucca River",
				"STATE" : "NSW",
				"POSTCODE" : 2447,
				"NO_OF_RAMP_LANE" : "2",
				"CAR_TRAILER_SPACE" : "0-10",
				"WATERWAY_ACCESS" : "All Times",
				"CONDITION" : "Good",
				"CONSTRUCTION_MATERIAL" : "Concrete",
				"BBQ" : "Yes",
				"FEE_PAYABLE" : "No",
				"FISH_CLEAN_TABLE" : "Yes",
				"FUEL" : "No",
				"KIOSK" : "No",
				"LIGHTING" : "Yes",
				"TOILET" : "Yes",
				"WASTE_BIN" : "Yes",
				"RAMP_PONTOON" : "Yes",
				"PONTOON_JETTY_NEARBY" : "Yes"
			}
		},
		{
			"type" : "Feature",
			"geometry" : {
				"type" : "Point",
				"coordinates" : [ 153.0021546076, -30.6458318317 ]
			},
			"properties" : {
				"ASSET_OWNER" : "Nambucca Valley Council",
				"BOAT_RAMP_ID" : 445,
				"DESCRIPTION" : "RSL Club Car Park, Nambucca Heads",
				"CONTACT_NUMBER" : "02 6568 2555",
				"STREET" : "Riverside Drive",
				"SUBURB" : "Nambucca Heads",
				"WATERWAY" : "Nambucca River",
				"STATE" : "NSW",
				"POSTCODE" : 2448,
				"NO_OF_RAMP_LANE" : "2",
				"CAR_TRAILER_SPACE" : "0-10",
				"WATERWAY_ACCESS" : "All Times",
				"CONDITION" : "Poor",
				"CONSTRUCTION_MATERIAL" : "Concrete",
				"BBQ" : "Yes",
				"FEE_PAYABLE" : "No",
				"FISH_CLEAN_TABLE" : "Yes",
				"FUEL" : "No",
				"KIOSK" : "Yes",
				"LIGHTING" : "No",
				"TOILET" : "No",
				"WASTE_BIN" : "Yes",
				"RAMP_PONTOON" : "No",
				"PONTOON_JETTY_NEARBY" : "No"
			}
		},
		{
			"type" : "Feature",
			"geometry" : {
				"type" : "Point",
				"coordinates" : [ 153.0078047948, -30.6446990976 ]
			},
			"properties" : {
				"ASSET_OWNER" : "Nambucca Valley Council",
				"BOAT_RAMP_ID" : 585,
				"DESCRIPTION" : "Wellington Drive. Nambucca Heads",
				"CONTACT_NUMBER" : "02 6568 2555",
				"STREET" : "Wellington Drive",
				"SUBURB" : "Nambucca Heads",
				"WATERWAY" : "Nambucca River",
				"STATE" : "NSW",
				"POSTCODE" : 2448,
				"NO_OF_RAMP_LANE" : "1",
				"CAR_TRAILER_SPACE" : "0-10",
				"WATERWAY_ACCESS" : "High Tide Only",
				"CONDITION" : "Poor",
				"CONSTRUCTION_MATERIAL" : "Concrete",
				"BBQ" : "No",
				"FEE_PAYABLE" : "No",
				"FISH_CLEAN_TABLE" : "No",
				"FUEL" : "No",
				"KIOSK" : "No",
				"LIGHTING" : "No",
				"TOILET" : "No",
				"WASTE_BIN" : "No",
				"RAMP_PONTOON" : "No",
				"PONTOON_JETTY_NEARBY" : "No"
			}
		},
		{
			"type" : "Feature",
			"geometry" : {
				"type" : "Point",
				"coordinates" : [ 152.9969724231, -30.744500027 ]
			},
			"properties" : {
				"ASSET_OWNER" : "Nambucca Valley Council",
				"BOAT_RAMP_ID" : 460,
				"DESCRIPTION" : "Scotts Head Boat Ramp",
				"CONTACT_NUMBER" : "02 6568 2555",
				"STREET" : "Short Street",
				"SUBURB" : "Scotts Head",
				"WATERWAY" : "Ocean",
				"STATE" : "NSW",
				"POSTCODE" : 2447,
				"NO_OF_RAMP_LANE" : "2",
				"CAR_TRAILER_SPACE" : "0-10",
				"WATERWAY_ACCESS" : "Shallow At Times",
				"CONDITION" : "Fair",
				"CONSTRUCTION_MATERIAL" : "Concrete",
				"BBQ" : "Yes",
				"FEE_PAYABLE" : "No",
				"FISH_CLEAN_TABLE" : "No",
				"FUEL" : "No",
				"KIOSK" : "No",
				"LIGHTING" : "No",
				"TOILET" : "Yes",
				"WASTE_BIN" : "Yes",
				"RAMP_PONTOON" : "No",
				"PONTOON_JETTY_NEARBY" : "No"
			}
		},
		{
			"type" : "Feature",
			"geometry" : {
				"type" : "Point",
				"coordinates" : [ 153.0188450184, -30.6471268366 ]
			},
			"properties" : {
				"ASSET_OWNER" : "Nambucca Valley Council",
				"BOAT_RAMP_ID" : 469,
				"DESCRIPTION" : "Shelly Beach Ocean Ramp",
				"CONTACT_NUMBER" : "02 6568 2555",
				"STREET" : "Shelley Beach Road",
				"SUBURB" : "Nambucca Heads",
				"WATERWAY" : "Tasman Sea",
				"STATE" : "NSW",
				"POSTCODE" : 2448,
				"NO_OF_RAMP_LANE" : "2",
				"CAR_TRAILER_SPACE" : "0-10",
				"WATERWAY_ACCESS" : "All Times",
				"CONDITION" : "Poor",
				"CONSTRUCTION_MATERIAL" : "Concrete",
				"BBQ" : "Yes",
				"FEE_PAYABLE" : "No",
				"FISH_CLEAN_TABLE" : "Yes",
				"FUEL" : "No",
				"KIOSK" : "No",
				"LIGHTING" : "No",
				"TOILET" : "Yes",
				"WASTE_BIN" : "Yes",
				"RAMP_PONTOON" : "No",
				"PONTOON_JETTY_NEARBY" : "No"
			}
		},
		{
			"type" : "Feature",
			"geometry" : {
				"type" : "Point",
				"coordinates" : [ 152.8850629622, -30.719571731 ]
			},
			"properties" : {
				"ASSET_OWNER" : "Nambucca Valley Council",
				"BOAT_RAMP_ID" : 523,
				"DESCRIPTION" : "Congarinni Bridge",
				"CONTACT_NUMBER" : "02 6568 2555",
				"STREET" : "Congarinni Road",
				"SUBURB" : "Macksville",
				"WATERWAY" : "Taylors Arm",
				"STATE" : "NSW",
				"POSTCODE" : 2447,
				"NO_OF_RAMP_LANE" : "1",
				"CAR_TRAILER_SPACE" : "0-10",
				"WATERWAY_ACCESS" : "All Times",
				"CONDITION" : "Poor",
				"CONSTRUCTION_MATERIAL" : "Concrete",
				"BBQ" : "No",
				"FEE_PAYABLE" : "No",
				"FISH_CLEAN_TABLE" : "No",
				"FUEL" : "No",
				"KIOSK" : "No",
				"LIGHTING" : "No",
				"TOILET" : "No",
				"WASTE_BIN" : "No",
				"RAMP_PONTOON" : "No",
				"PONTOON_JETTY_NEARBY" : "No"
			}
		},
		{
			"type" : "Feature",
			"geometry" : {
				"type" : "Point",
				"coordinates" : [ 152.9159972916, -30.7060654677 ]
			},
			"properties" : {
				"ASSET_OWNER" : "Nambucca Valley Council",
				"BOAT_RAMP_ID" : 538,
				"DESCRIPTION" : "Tilly Willy Creek. Macksville",
				"CONTACT_NUMBER" : "02 6568 2555",
				"STREET" : "Mckay Street",
				"SUBURB" : "Macksville",
				"WATERWAY" : "Tilly Willy Creek",
				"STATE" : "NSW",
				"POSTCODE" : 2447,
				"NO_OF_RAMP_LANE" : "1",
				"CAR_TRAILER_SPACE" : "0-10",
				"WATERWAY_ACCESS" : "All Times",
				"CONDITION" : "Fair",
				"CONSTRUCTION_MATERIAL" : "Concrete",
				"BBQ" : "No",
				"FEE_PAYABLE" : "No",
				"FISH_CLEAN_TABLE" : "No",
				"FUEL" : "No",
				"KIOSK" : "No",
				"LIGHTING" : "No",
				"TOILET" : "No",
				"WASTE_BIN" : "Yes",
				"RAMP_PONTOON" : "No",
				"PONTOON_JETTY_NEARBY" : "No"
			}
		},
		{
			"type" : "Feature",
			"geometry" : {
				"type" : "Point",
				"coordinates" : [ 152.9836213854, -30.7062219093 ]
			},
			"properties" : {
				"ASSET_OWNER" : "Nambucca Valley Council",
				"BOAT_RAMP_ID" : 219,
				"DESCRIPTION" : "Boultons Crossing Reserve",
				"CONTACT_NUMBER" : "02 6568 2555",
				"STREET" : "Gumma Road",
				"SUBURB" : "Macksville",
				"WATERWAY" : "Warrell Creek",
				"STATE" : "NSW",
				"POSTCODE" : 2447,
				"NO_OF_RAMP_LANE" : "1",
				"CAR_TRAILER_SPACE" : "0-10",
				"WATERWAY_ACCESS" : "Shallow At Times",
				"CONDITION" : "Fair",
				"CONSTRUCTION_MATERIAL" : "Concrete",
				"BBQ" : "Yes",
				"FEE_PAYABLE" : "Yes",
				"FISH_CLEAN_TABLE" : "No",
				"FUEL" : "No",
				"KIOSK" : "No",
				"LIGHTING" : "No",
				"TOILET" : "Yes",
				"WASTE_BIN" : "Yes",
				"RAMP_PONTOON" : "No",
				"PONTOON_JETTY_NEARBY" : "No"
			}
		},
		{
			"type" : "Feature",
			"geometry" : {
				"type" : "Point",
				"coordinates" : [ 152.9851298526, -30.7444717322 ]
			},
			"properties" : {
				"ASSET_OWNER" : "Nambucca Valley Council",
				"BOAT_RAMP_ID" : 668,
				"DESCRIPTION" : "Weir Reserve",
				"CONTACT_NUMBER" : "02 6568 2555",
				"STREET" : "South Pacific Drive",
				"SUBURB" : "Scotts Head",
				"WATERWAY" : "Warrell Creek",
				"STATE" : "NSW",
				"POSTCODE" : 2447,
				"NO_OF_RAMP_LANE" : "1",
				"CAR_TRAILER_SPACE" : "0-10",
				"WATERWAY_ACCESS" : "All Times",
				"CONDITION" : "Poor",
				"CONSTRUCTION_MATERIAL" : "Concrete",
				"BBQ" : "Yes",
				"FEE_PAYABLE" : "No",
				"FISH_CLEAN_TABLE" : "Yes",
				"FUEL" : "No",
				"KIOSK" : "No",
				"LIGHTING" : "No",
				"TOILET" : "Yes",
				"WASTE_BIN" : "Yes",
				"RAMP_PONTOON" : "No",
				"PONTOON_JETTY_NEARBY" : "No"
			}
		},
		{
			"type" : "Feature",
			"geometry" : {
				"type" : "Point",
				"coordinates" : [ 148.2764335696, -35.4713069834 ]
			},
			"properties" : {
				"ASSET_OWNER" : "National Parks And Wildlife Services",
				"BOAT_RAMP_ID" : 241,
				"DESCRIPTION" : "Hume's Crossing Boat Ramp",
				"CONTACT_NUMBER" : "1300 072 757",
				"STREET" : "Snowy Mountains Highway",
				"SUBURB" : "Blowering",
				"WATERWAY" : "Blowering Dam",
				"STATE" : "NSW",
				"POSTCODE" : 2720,
				"NO_OF_RAMP_LANE" : "2",
				"CAR_TRAILER_SPACE" : "0-10",
				"WATERWAY_ACCESS" : "All Times",
				"CONDITION" : "Good",
				"CONSTRUCTION_MATERIAL" : "Concrete",
				"BBQ" : "Yes",
				"FEE_PAYABLE" : "No",
				"FISH_CLEAN_TABLE" : "No",
				"FUEL" : "No",
				"KIOSK" : "No",
				"LIGHTING" : "No",
				"TOILET" : "Yes",
				"WASTE_BIN" : "No",
				"RAMP_PONTOON" : "No",
				"PONTOON_JETTY_NEARBY" : "No"
			}
		},
		{
			"type" : "Feature",
			"geometry" : {
				"type" : "Point",
				"coordinates" : [ 148.2954289855, -35.5396572012 ]
			},
			"properties" : {
				"ASSET_OWNER" : "National Parks And Wildlife Services",
				"BOAT_RAMP_ID" : 631,
				"DESCRIPTION" : "Rest Area Boat Ramp",
				"CONTACT_NUMBER" : "1300 072 757",
				"STREET" : "Snowy Mountains Highway",
				"SUBURB" : "Blowering",
				"WATERWAY" : "Blowering Dam",
				"STATE" : "NSW",
				"POSTCODE" : 2720,
				"NO_OF_RAMP_LANE" : "1",
				"CAR_TRAILER_SPACE" : "0-10",
				"WATERWAY_ACCESS" : "All Times",
				"CONDITION" : "Fair",
				"CONSTRUCTION_MATERIAL" : "Unsealed",
				"BBQ" : "Yes",
				"FEE_PAYABLE" : "No",
				"FISH_CLEAN_TABLE" : "No",
				"FUEL" : "No",
				"KIOSK" : "No",
				"LIGHTING" : "No",
				"TOILET" : "Yes",
				"WASTE_BIN" : "No",
				"RAMP_PONTOON" : "No",
				"PONTOON_JETTY_NEARBY" : "No"
			}
		},
		{
			"type" : "Feature",
			"geometry" : {
				"type" : "Point",
				"coordinates" : [ 148.2662781855, -35.510495481 ]
			},
			"properties" : {
				"ASSET_OWNER" : "National Parks And Wildlife Services",
				"BOAT_RAMP_ID" : 50,
				"DESCRIPTION" : "Yachting Point Boat Ramp",
				"CONTACT_NUMBER" : "1300 072 757",
				"STREET" : "Snowy Mountains Highway",
				"SUBURB" : "Kosciuszko National Park",
				"WATERWAY" : "Blowering Reservoir",
				"STATE" : "NSW",
				"POSTCODE" : 2720,
				"NO_OF_RAMP_LANE" : "1",
				"CAR_TRAILER_SPACE" : "0-10",
				"WATERWAY_ACCESS" : "All Times",
				"CONDITION" : "Fair",
				"CONSTRUCTION_MATERIAL" : "Unsealed",
				"BBQ" : "Yes",
				"FEE_PAYABLE" : "No",
				"FISH_CLEAN_TABLE" : "No",
				"FUEL" : "No",
				"KIOSK" : "No",
				"LIGHTING" : "No",
				"TOILET" : "Yes",
				"WASTE_BIN" : "No",
				"RAMP_PONTOON" : "No",
				"PONTOON_JETTY_NEARBY" : "No"
			}
		},
		{
			"type" : "Feature",
			"geometry" : {
				"type" : "Point",
				"coordinates" : [ 152.3088993197, -32.5426577397 ]
			},
			"properties" : {
				"ASSET_OWNER" : "National Parks And Wildlife Services",
				"BOAT_RAMP_ID" : 370,
				"DESCRIPTION" : "Mungo Brush",
				"CONTACT_NUMBER" : "1300 072 757",
				"STREET" : "Tuloa Avenue",
				"SUBURB" : "Mungo Brush",
				"WATERWAY" : "Bombah Broadwater",
				"STATE" : "NSW",
				"POSTCODE" : 2324,
				"NO_OF_RAMP_LANE" : "2",
				"CAR_TRAILER_SPACE" : "0-10",
				"WATERWAY_ACCESS" : "All Times",
				"CONDITION" : "Good",
				"CONSTRUCTION_MATERIAL" : "Concrete",
				"BBQ" : "Yes",
				"FEE_PAYABLE" : "Yes",
				"FISH_CLEAN_TABLE" : "No",
				"FUEL" : "No",
				"KIOSK" : "No",
				"LIGHTING" : "No",
				"TOILET" : "Yes",
				"WASTE_BIN" : "Yes",
				"RAMP_PONTOON" : "No",
				"PONTOON_JETTY_NEARBY" : "No"
			}
		},
		{
			"type" : "Feature",
			"geometry" : {
				"type" : "Point",
				"coordinates" : [ 152.3270659054, -32.4715088693 ]
			},
			"properties" : {
				"ASSET_OWNER" : "National Parks And Wildlife Services",
				"BOAT_RAMP_ID" : 568,
				"DESCRIPTION" : "Violet Hill",
				"CONTACT_NUMBER" : "1300 072 757",
				"STREET" : "Violet Hill Road",
				"SUBURB" : "Buladelah",
				"WATERWAY" : "Boolambayte Lake",
				"STATE" : "NSW",
				"POSTCODE" : 2423,
				"NO_OF_RAMP_LANE" : "2",
				"CAR_TRAILER_SPACE" : "0-10",
				"WATERWAY_ACCESS" : "All Times",
				"CONDITION" : "Good",
				"CONSTRUCTION_MATERIAL" : "Concrete",
				"BBQ" : "No",
				"FEE_PAYABLE" : "Yes",
				"FISH_CLEAN_TABLE" : "No",
				"FUEL" : "No",
				"KIOSK" : "No",
				"LIGHTING" : "No",
				"TOILET" : "Yes",
				"WASTE_BIN" : "Yes",
				"RAMP_PONTOON" : "No",
				"PONTOON_JETTY_NEARBY" : "No"
			}
		},
		{
			"type" : "Feature",
			"geometry" : {
				"type" : "Point",
				"coordinates" : [ 150.1581577881, -35.9545439274 ]
			},
			"properties" : {
				"ASSET_OWNER" : "National Parks And Wildlife Services",
				"BOAT_RAMP_ID" : 91,
				"DESCRIPTION" : "Congo Campground, Congo Creek (Eurobodalla National Park)",
				"CONTACT_NUMBER" : "1300 072 757",
				"STREET" : "Congo Road",
				"SUBURB" : "Congo",
				"WATERWAY" : "Congo Creek",
				"STATE" : "NSW",
				"POSTCODE" : 2537,
				"NO_OF_RAMP_LANE" : "1",
				"CAR_TRAILER_SPACE" : "0-10",
				"WATERWAY_ACCESS" : "Shallow At Times",
				"CONDITION" : "Poor",
				"CONSTRUCTION_MATERIAL" : "Sand",
				"BBQ" : "No",
				"FEE_PAYABLE" : "No",
				"FISH_CLEAN_TABLE" : "No",
				"FUEL" : "No",
				"KIOSK" : "No",
				"LIGHTING" : "No",
				"TOILET" : "No",
				"WASTE_BIN" : "No",
				"RAMP_PONTOON" : "No",
				"PONTOON_JETTY_NEARBY" : "No"
			}
		},
		{
			"type" : "Feature",
			"geometry" : {
				"type" : "Point",
				"coordinates" : [ 150.1281513306, -36.266706227 ]
			},
			"properties" : {
				"ASSET_OWNER" : "National Parks And Wildlife Services",
				"BOAT_RAMP_ID" : 132,
				"DESCRIPTION" : "Corunna Lake Boat Ramp",
				"CONTACT_NUMBER" : "1300 072 757",
				"STREET" : "Princes Highway",
				"SUBURB" : "Narooma",
				"WATERWAY" : "Corunna Lake",
				"STATE" : "NSW",
				"POSTCODE" : 2546,
				"NO_OF_RAMP_LANE" : "2",
				"CAR_TRAILER_SPACE" : "0-10",
				"WATERWAY_ACCESS" : "Shallow At Times",
				"CONDITION" : "Good",
				"CONSTRUCTION_MATERIAL" : "Concrete",
				"BBQ" : "Yes",
				"FEE_PAYABLE" : "No",
				"FISH_CLEAN_TABLE" : "No",
				"FUEL" : "No",
				"KIOSK" : "No",
				"LIGHTING" : "No",
				"TOILET" : "Yes",
				"WASTE_BIN" : "No",
				"RAMP_PONTOON" : "No",
				"PONTOON_JETTY_NEARBY" : "No"
			}
		},
		{
			"type" : "Feature",
			"geometry" : {
				"type" : "Point",
				"coordinates" : [ 152.5616658124, -32.0091692672 ]
			},
			"properties" : {
				"ASSET_OWNER" : "National Parks And Wildlife Services",
				"BOAT_RAMP_ID" : 449,
				"DESCRIPTION" : "Saltwater Road, Khappinghat Ck Lagoon",
				"CONTACT_NUMBER" : "1300 072 757",
				"STREET" : "Saltwater Road",
				"SUBURB" : "Wallabi Point",
				"WATERWAY" : "Khappinghat Creek",
				"STATE" : "NSW",
				"POSTCODE" : 2430,
				"NO_OF_RAMP_LANE" : "1",
				"CAR_TRAILER_SPACE" : "0-10",
				"WATERWAY_ACCESS" : "Shallow At Times",
				"CONDITION" : "Good",
				"CONSTRUCTION_MATERIAL" : "Concrete",
				"BBQ" : "Yes",
				"FEE_PAYABLE" : "No",
				"FISH_CLEAN_TABLE" : "No",
				"FUEL" : "No",
				"KIOSK" : "No",
				"LIGHTING" : "No",
				"TOILET" : "Yes",
				"WASTE_BIN" : "Yes",
				"RAMP_PONTOON" : "No",
				"PONTOON_JETTY_NEARBY" : "No"
			}
		},
		{
			"type" : "Feature",
			"geometry" : {
				"type" : "Point",
				"coordinates" : [ 148.604128299, -36.3510472139 ]
			},
			"properties" : {
				"ASSET_OWNER" : "National Parks And Wildlife Services",
				"BOAT_RAMP_ID" : 581,
				"DESCRIPTION" : "Waste Point Road Boat Ramp",
				"CONTACT_NUMBER" : "1300 072 757",
				"STREET" : "Waste Point Road",
				"SUBURB" : "Jindabyne",
				"WATERWAY" : "Lake Jindabyne",
				"STATE" : "NSW",
				"POSTCODE" : 2627,
				"NO_OF_RAMP_LANE" : "1",
				"CAR_TRAILER_SPACE" : "0-10",
				"WATERWAY_ACCESS" : "All Times",
				"CONDITION" : "Good",
				"CONSTRUCTION_MATERIAL" : "Unsealed",
				"BBQ" : "No",
				"FEE_PAYABLE" : "No",
				"FISH_CLEAN_TABLE" : "No",
				"FUEL" : "No",
				"KIOSK" : "No",
				"LIGHTING" : "No",
				"TOILET" : "Yes",
				"WASTE_BIN" : "No",
				"RAMP_PONTOON" : "No",
				"PONTOON_JETTY_NEARBY" : "No"
			}
		},
		{
			"type" : "Feature",
			"geometry" : {
				"type" : "Point",
				"coordinates" : [ 151.6102566033, -33.0729029407 ]
			},
			"properties" : {
				"ASSET_OWNER" : "National Parks And Wildlife Services",
				"BOAT_RAMP_ID" : 576,
				"DESCRIPTION" : "Wangi Wangi Caravan Park Boat Ramp",
				"CONTACT_NUMBER" : "1300 072 757",
				"STREET" : "Watkins Road",
				"SUBURB" : "Wangi Wangi",
				"WATERWAY" : "Lake Macaquarie",
				"STATE" : "NSW",
				"POSTCODE" : 2267,
				"NO_OF_RAMP_LANE" : "2",
				"CAR_TRAILER_SPACE" : "0-10",
				"WATERWAY_ACCESS" : "All Times",
				"CONDITION" : "Fair",
				"CONSTRUCTION_MATERIAL" : "Unsealed",
				"BBQ" : "No",
				"FEE_PAYABLE" : "No",
				"FISH_CLEAN_TABLE" : "Yes",
				"FUEL" : "No",
				"KIOSK" : "Yes",
				"LIGHTING" : "Yes",
				"TOILET" : "Yes",
				"WASTE_BIN" : "Yes",
				"RAMP_PONTOON" : "No",
				"PONTOON_JETTY_NEARBY" : "Yes"
			}
		},
		{
			"type" : "Feature",
			"geometry" : {
				"type" : "Point",
				"coordinates" : [ 152.5439052462, -31.7883743047 ]
			},
			"properties" : {
				"ASSET_OWNER" : "National Parks And Wildlife Services",
				"BOAT_RAMP_ID" : 309,
				"DESCRIPTION" : "Lansdowne - Lansdowne River",
				"CONTACT_NUMBER" : "1300 072 757",
				"STREET" : "Mill Street",
				"SUBURB" : "Lansdowne",
				"WATERWAY" : "Lansdowne River",
				"STATE" : "NSW",
				"POSTCODE" : 2163,
				"NO_OF_RAMP_LANE" : "1",
				"CAR_TRAILER_SPACE" : "0-10",
				"WATERWAY_ACCESS" : "All Times",
				"CONDITION" : "Poor",
				"CONSTRUCTION_MATERIAL" : "Concrete",
				"BBQ" : "No",
				"FEE_PAYABLE" : "No",
				"FISH_CLEAN_TABLE" : "No",
				"FUEL" : "No",
				"KIOSK" : "No",
				"LIGHTING" : "No",
				"TOILET" : "No",
				"WASTE_BIN" : "No",
				"RAMP_PONTOON" : "No",
				"PONTOON_JETTY_NEARBY" : "No"
			}
		},
		{
			"type" : "Feature",
			"geometry" : {
				"type" : "Point",
				"coordinates" : [ 152.450195739, -32.4050506881 ]
			},
			"properties" : {
				"ASSET_OWNER" : "National Parks And Wildlife Services",
				"BOAT_RAMP_ID" : 381,
				"DESCRIPTION" : "Neranie Bay",
				"CONTACT_NUMBER" : "1300 072 757",
				"STREET" : "Seal Rocks Road",
				"SUBURB" : "Bungwahl",
				"WATERWAY" : "Myall Lakes",
				"STATE" : "NSW",
				"POSTCODE" : 2423,
				"NO_OF_RAMP_LANE" : "1",
				"CAR_TRAILER_SPACE" : "0-10",
				"WATERWAY_ACCESS" : "All Times",
				"CONDITION" : "Poor",
				"CONSTRUCTION_MATERIAL" : "Sand",
				"BBQ" : "Yes",
				"FEE_PAYABLE" : "Yes",
				"FISH_CLEAN_TABLE" : "No",
				"FUEL" : "No",
				"KIOSK" : "No",
				"LIGHTING" : "No",
				"TOILET" : "Yes",
				"WASTE_BIN" : "Yes",
				"RAMP_PONTOON" : "No",
				"PONTOON_JETTY_NEARBY" : "No"
			}
		},
		{
			"type" : "Feature",
			"geometry" : {
				"type" : "Point",
				"coordinates" : [ 152.5405523283, -32.3309891473 ]
			},
			"properties" : {
				"ASSET_OWNER" : "National Parks And Wildlife Services",
				"BOAT_RAMP_ID" : 161,
				"DESCRIPTION" : "Elizabeth Beach Boat Ramp",
				"CONTACT_NUMBER" : "1300 072 757",
				"STREET" : "Lakeside Crescent",
				"SUBURB" : "Elizabeth Beach",
				"WATERWAY" : "Ocean",
				"STATE" : "NSW",
				"POSTCODE" : 2428,
				"NO_OF_RAMP_LANE" : "1",
				"CAR_TRAILER_SPACE" : "0-10",
				"WATERWAY_ACCESS" : "Shallow At Times",
				"CONDITION" : "Poor",
				"CONSTRUCTION_MATERIAL" : "Concrete",
				"BBQ" : "No",
				"FEE_PAYABLE" : "No",
				"FISH_CLEAN_TABLE" : "No",
				"FUEL" : "No",
				"KIOSK" : "No",
				"LIGHTING" : "No",
				"TOILET" : "No",
				"WASTE_BIN" : "Yes",
				"RAMP_PONTOON" : "No",
				"PONTOON_JETTY_NEARBY" : "No"
			}
		},
		{
			"type" : "Feature",
			"geometry" : {
				"type" : "Point",
				"coordinates" : [ 152.09165817, -32.7886934198 ]
			},
			"properties" : {
				"ASSET_OWNER" : "National Parks And Wildlife Services",
				"BOAT_RAMP_ID" : 184,
				"DESCRIPTION" : "Fishermans Bay Boat Ramp",
				"CONTACT_NUMBER" : "1300 072 757",
				"STREET" : "Pacific Street",
				"SUBURB" : "Fishermans Bay",
				"WATERWAY" : "Ocean",
				"STATE" : "NSW",
				"POSTCODE" : 2316,
				"NO_OF_RAMP_LANE" : "1",
				"CAR_TRAILER_SPACE" : "0-10",
				"WATERWAY_ACCESS" : "All Times",
				"CONDITION" : "Poor",
				"CONSTRUCTION_MATERIAL" : "Sand",
				"BBQ" : "No",
				"FEE_PAYABLE" : "No",
				"FISH_CLEAN_TABLE" : "No",
				"FUEL" : "No",
				"KIOSK" : "No",
				"LIGHTING" : "No",
				"TOILET" : "Yes",
				"WASTE_BIN" : "No",
				"RAMP_PONTOON" : "No",
				"PONTOON_JETTY_NEARBY" : "No"
			}
		},
		{
			"type" : "Feature",
			"geometry" : {
				"type" : "Point",
				"coordinates" : [ 153.3717798261, -29.3651556725 ]
			},
			"properties" : {
				"ASSET_OWNER" : "National Parks And Wildlife Services",
				"BOAT_RAMP_ID" : 608,
				"DESCRIPTION" : "Woody Head, Ocean Ramp",
				"CONTACT_NUMBER" : "1300 072 757",
				"STREET" : "Woody Head Road",
				"SUBURB" : "Iluka",
				"WATERWAY" : "Shark Bay Tasman Sea",
				"STATE" : "NSW",
				"POSTCODE" : 2466,
				"NO_OF_RAMP_LANE" : "1",
				"CAR_TRAILER_SPACE" : "0-10",
				"WATERWAY_ACCESS" : "Shallow At Times",
				"CONDITION" : "Poor",
				"CONSTRUCTION_MATERIAL" : "Sand",
				"BBQ" : "Yes",
				"FEE_PAYABLE" : "Yes",
				"FISH_CLEAN_TABLE" : "No",
				"FUEL" : "No",
				"KIOSK" : "Yes",
				"LIGHTING" : "No",
				"TOILET" : "Yes",
				"WASTE_BIN" : "Yes",
				"RAMP_PONTOON" : "No",
				"PONTOON_JETTY_NEARBY" : "No"
			}
		},
		{
			"type" : "Feature",
			"geometry" : {
				"type" : "Point",
				"coordinates" : [ 152.971068651, -31.3129053131 ]
			},
			"properties" : {
				"ASSET_OWNER" : "National Parks And Wildlife Services",
				"BOAT_RAMP_ID" : 416,
				"DESCRIPTION" : "Point Plomer (Offshore)",
				"CONTACT_NUMBER" : "1300 072 757",
				"STREET" : "Point Plomer Road",
				"SUBURB" : "Limeburners Creek",
				"WATERWAY" : "South Pacific Ocean",
				"STATE" : "NSW",
				"POSTCODE" : 2324,
				"NO_OF_RAMP_LANE" : "1",
				"CAR_TRAILER_SPACE" : "0-10",
				"WATERWAY_ACCESS" : "All Times",
				"CONDITION" : "Good",
				"CONSTRUCTION_MATERIAL" : "Concrete",
				"BBQ" : "Yes",
				"FEE_PAYABLE" : "No",
				"FISH_CLEAN_TABLE" : "Yes",
				"FUEL" : "No",
				"KIOSK" : "No",
				"LIGHTING" : "No",
				"TOILET" : "Yes",
				"WASTE_BIN" : "No",
				"RAMP_PONTOON" : "No",
				"PONTOON_JETTY_NEARBY" : "No"
			}
		},
		{
			"type" : "Feature",
			"geometry" : {
				"type" : "Point",
				"coordinates" : [ 152.2863504374, -32.4765642627 ]
			},
			"properties" : {
				"ASSET_OWNER" : "National Parks And Wildlife Services",
				"BOAT_RAMP_ID" : 276,
				"DESCRIPTION" : "Korsemans",
				"CONTACT_NUMBER" : "1300 072 757",
				"STREET" : "Korsmans Camproad",
				"SUBURB" : "Bulahdelah",
				"WATERWAY" : "Two Mile Lake",
				"STATE" : "NSW",
				"POSTCODE" : 2423,
				"NO_OF_RAMP_LANE" : "1",
				"CAR_TRAILER_SPACE" : "0-10",
				"WATERWAY_ACCESS" : "Shallow At Times",
				"CONDITION" : "Poor",
				"CONSTRUCTION_MATERIAL" : "Unsealed",
				"BBQ" : "Yes",
				"FEE_PAYABLE" : "Yes",
				"FISH_CLEAN_TABLE" : "No",
				"FUEL" : "No",
				"KIOSK" : "No",
				"LIGHTING" : "No",
				"TOILET" : "Yes",
				"WASTE_BIN" : "Yes",
				"RAMP_PONTOON" : "Yes",
				"PONTOON_JETTY_NEARBY" : "Yes"
			}
		},
		{
			"type" : "Feature",
			"geometry" : {
				"type" : "Point",
				"coordinates" : [ 143.5819522062, -34.7244551866 ]
			},
			"properties" : {
				"ASSET_OWNER" : "National Parks And Wildlife Services",
				"BOAT_RAMP_ID" : 436,
				"DESCRIPTION" : "Regatta Beach Boat Ramp",
				"CONTACT_NUMBER" : "1300 072 757",
				"STREET" : "Regatta Beach Road",
				"SUBURB" : "Yanga",
				"WATERWAY" : "Yanga Lake",
				"STATE" : "NSW",
				"POSTCODE" : 2711,
				"NO_OF_RAMP_LANE" : "1",
				"CAR_TRAILER_SPACE" : "0-10",
				"WATERWAY_ACCESS" : "All Times",
				"CONDITION" : "Good",
				"CONSTRUCTION_MATERIAL" : "Concrete",
				"BBQ" : "Yes",
				"FEE_PAYABLE" : "Yes",
				"FISH_CLEAN_TABLE" : "No",
				"FUEL" : "No",
				"KIOSK" : "No",
				"LIGHTING" : "No",
				"TOILET" : "Yes",
				"WASTE_BIN" : "No",
				"RAMP_PONTOON" : "No",
				"PONTOON_JETTY_NEARBY" : "No"
			}
		},
		{
			"type" : "Feature",
			"geometry" : {
				"type" : "Point",
				"coordinates" : [ 151.7141337988, -32.8716114999 ]
			},
			"properties" : {
				"ASSET_OWNER" : "Newcastle City Council",
				"BOAT_RAMP_ID" : 453,
				"DESCRIPTION" : "Sandgate - Hunter Rv South Arm",
				"CONTACT_NUMBER" : "02 4974 2000",
				"STREET" : "Ferry Road",
				"SUBURB" : "Sandgate",
				"WATERWAY" : "Hunter River",
				"STATE" : "NSW",
				"POSTCODE" : 2304,
				"NO_OF_RAMP_LANE" : "1",
				"CAR_TRAILER_SPACE" : "0-10",
				"WATERWAY_ACCESS" : "Shallow At Times",
				"CONDITION" : "Poor",
				"CONSTRUCTION_MATERIAL" : "Bitumen",
				"BBQ" : "No",
				"FEE_PAYABLE" : "No",
				"FISH_CLEAN_TABLE" : "No",
				"FUEL" : "No",
				"KIOSK" : "No",
				"LIGHTING" : "Yes",
				"TOILET" : "No",
				"WASTE_BIN" : "No",
				"RAMP_PONTOON" : "No",
				"PONTOON_JETTY_NEARBY" : "No"
			}
		},
		{
			"type" : "Feature",
			"geometry" : {
				"type" : "Point",
				"coordinates" : [ 152.7997855566, -31.652491906 ]
			},
			"properties" : {
				"ASSET_OWNER" : "Port Macquarie-Hastings Council",
				"BOAT_RAMP_ID" : 310,
				"DESCRIPTION" : "Laurie St Wharf, Laurieton",
				"CONTACT_NUMBER" : "02 6581 8111",
				"STREET" : "Laurie Street",
				"SUBURB" : "Laurieton",
				"WATERWAY" : "Camden Haven River",
				"STATE" : "NSW",
				"POSTCODE" : 2443,
				"NO_OF_RAMP_LANE" : "1",
				"CAR_TRAILER_SPACE" : "0-10",
				"WATERWAY_ACCESS" : "All Times",
				"CONDITION" : "Fair",
				"CONSTRUCTION_MATERIAL" : "Concrete",
				"BBQ" : "No",
				"FEE_PAYABLE" : "No",
				"FISH_CLEAN_TABLE" : "Yes",
				"FUEL" : "No",
				"KIOSK" : "No",
				"LIGHTING" : "Yes",
				"TOILET" : "No",
				"WASTE_BIN" : "Yes",
				"RAMP_PONTOON" : "No",
				"PONTOON_JETTY_NEARBY" : "Yes"
			}
		},
		{
			"type" : "Feature",
			"geometry" : {
				"type" : "Point",
				"coordinates" : [ 152.8350128549, -31.4055504414 ]
			},
			"properties" : {
				"ASSET_OWNER" : "Port Macquarie-Hastings Council",
				"BOAT_RAMP_ID" : 396,
				"DESCRIPTION" : "Oakes Crescent Boat Ramp",
				"CONTACT_NUMBER" : "02 6581 8111",
				"STREET" : "Oakes Cresent",
				"SUBURB" : "Fernbank Creek",
				"WATERWAY" : "Hastings River",
				"STATE" : "NSW",
				"POSTCODE" : 2444,
				"NO_OF_RAMP_LANE" : "1",
				"CAR_TRAILER_SPACE" : "0-10",
				"WATERWAY_ACCESS" : "Shallow At Times",
				"CONDITION" : "Fair",
				"CONSTRUCTION_MATERIAL" : "Concrete",
				"BBQ" : "No",
				"FEE_PAYABLE" : "No",
				"FISH_CLEAN_TABLE" : "No",
				"FUEL" : "No",
				"KIOSK" : "No",
				"LIGHTING" : "No",
				"TOILET" : "No",
				"WASTE_BIN" : "No",
				"RAMP_PONTOON" : "No",
				"PONTOON_JETTY_NEARBY" : "No"
			}
		},
		{
			"type" : "Feature",
			"geometry" : {
				"type" : "Point",
				"coordinates" : [ 152.9034995528, -31.4303340864 ]
			},
			"properties" : {
				"ASSET_OWNER" : "Port Macquarie-Hastings Council",
				"BOAT_RAMP_ID" : 461,
				"DESCRIPTION" : "Buller Street Boat Ramp, Port Macquarie",
				"CONTACT_NUMBER" : "02 6581 8111",
				"STREET" : "Buller Street",
				"SUBURB" : "Port Macquarie",
				"WATERWAY" : "Hastings River Back Channel",
				"STATE" : "NSW",
				"POSTCODE" : 2444,
				"NO_OF_RAMP_LANE" : "2",
				"CAR_TRAILER_SPACE" : "0-10",
				"WATERWAY_ACCESS" : "All Times",
				"CONDITION" : "Good",
				"CONSTRUCTION_MATERIAL" : "Concrete",
				"BBQ" : "No",
				"FEE_PAYABLE" : "No",
				"FISH_CLEAN_TABLE" : "No",
				"FUEL" : "No",
				"KIOSK" : "No",
				"LIGHTING" : "Yes",
				"TOILET" : "No",
				"WASTE_BIN" : "Yes",
				"RAMP_PONTOON" : "No",
				"PONTOON_JETTY_NEARBY" : "Yes"
			}
		},
		{
			"type" : "Feature",
			"geometry" : {
				"type" : "Point",
				"coordinates" : [ 152.8069366864, -31.6418943424 ]
			},
			"properties" : {
				"ASSET_OWNER" : "Port Macquarie-Hastings Council",
				"BOAT_RAMP_ID" : 498,
				"DESCRIPTION" : "Stingray Creek, North Haven",
				"CONTACT_NUMBER" : "02 6581 8111",
				"STREET" : "River Street",
				"SUBURB" : "North Haven",
				"WATERWAY" : "Stingray Creek",
				"STATE" : "NSW",
				"POSTCODE" : 2443,
				"NO_OF_RAMP_LANE" : "1",
				"CAR_TRAILER_SPACE" : "0-10",
				"WATERWAY_ACCESS" : "All Times",
				"CONDITION" : "Good",
				"CONSTRUCTION_MATERIAL" : "Concrete",
				"BBQ" : "No",
				"FEE_PAYABLE" : "No",
				"FISH_CLEAN_TABLE" : "Yes",
				"FUEL" : "No",
				"KIOSK" : "No",
				"LIGHTING" : "Yes",
				"TOILET" : "Yes",
				"WASTE_BIN" : "Yes",
				"RAMP_PONTOON" : "No",
				"PONTOON_JETTY_NEARBY" : "No"
			}
		},
		{
			"type" : "Feature",
			"geometry" : {
				"type" : "Point",
				"coordinates" : [ 152.8162087844, -31.6456255462 ]
			},
			"properties" : {
				"ASSET_OWNER" : "Port Macquarie-Hastings Council",
				"BOAT_RAMP_ID" : 153,
				"DESCRIPTION" : "Dunbogan Reserve Boat Ramp",
				"CONTACT_NUMBER" : "02 6581 8111",
				"STREET" : "The Boulevard (Off Camden Head Road)",
				"SUBURB" : "Dunbogan",
				"WATERWAY" : "Camden Haven Inlet",
				"STATE" : "NSW",
				"POSTCODE" : 2443,
				"NO_OF_RAMP_LANE" : "2",
				"CAR_TRAILER_SPACE" : "0-10",
				"WATERWAY_ACCESS" : "All Times",
				"CONDITION" : "Good",
				"CONSTRUCTION_MATERIAL" : "Concrete",
				"BBQ" : "Yes",
				"FEE_PAYABLE" : "No",
				"FISH_CLEAN_TABLE" : "Yes",
				"FUEL" : "No",
				"KIOSK" : "No",
				"LIGHTING" : "Yes",
				"TOILET" : "Yes",
				"WASTE_BIN" : "Yes",
				"RAMP_PONTOON" : "No",
				"PONTOON_JETTY_NEARBY" : "No"
			}
		},
		{
			"type" : "Feature",
			"geometry" : {
				"type" : "Point",
				"coordinates" : [ 152.708716376, -31.6320193965 ]
			},
			"properties" : {
				"ASSET_OWNER" : "Port Macquarie-Hastings Council",
				"BOAT_RAMP_ID" : 261,
				"DESCRIPTION" : "Kendall Boat Ramp",
				"CONTACT_NUMBER" : "02 6581 8111",
				"STREET" : "Laurieton-Comboyneroad",
				"SUBURB" : "Kendall",
				"WATERWAY" : "Camden Haven River",
				"STATE" : "NSW",
				"POSTCODE" : 2439,
				"NO_OF_RAMP_LANE" : "1",
				"CAR_TRAILER_SPACE" : "0-10",
				"WATERWAY_ACCESS" : "Shallow At Times",
				"CONDITION" : "Fair",
				"CONSTRUCTION_MATERIAL" : "Concrete",
				"BBQ" : "No",
				"FEE_PAYABLE" : "No",
				"FISH_CLEAN_TABLE" : "Yes",
				"FUEL" : "No",
				"KIOSK" : "No",
				"LIGHTING" : "No",
				"TOILET" : "No",
				"WASTE_BIN" : "Yes",
				"RAMP_PONTOON" : "No",
				"PONTOON_JETTY_NEARBY" : "No"
			}
		},
		{
			"type" : "Feature",
			"geometry" : {
				"type" : "Point",
				"coordinates" : [ 152.8544148965, -31.5461217176 ]
			},
			"properties" : {
				"ASSET_OWNER" : "Port Macquarie-Hastings Council",
				"BOAT_RAMP_ID" : 173,
				"DESCRIPTION" : "Jabiru Reserve Boat Ramp",
				"CONTACT_NUMBER" : "02 6581 8111",
				"STREET" : "Evans Street",
				"SUBURB" : "Lake Cathie",
				"WATERWAY" : "Cathie Creek",
				"STATE" : "NSW",
				"POSTCODE" : 2445,
				"NO_OF_RAMP_LANE" : "1",
				"CAR_TRAILER_SPACE" : "0-10",
				"WATERWAY_ACCESS" : "All Times",
				"CONDITION" : "Good",
				"CONSTRUCTION_MATERIAL" : "Concrete",
				"BBQ" : "Yes",
				"FEE_PAYABLE" : "No",
				"FISH_CLEAN_TABLE" : "No",
				"FUEL" : "No",
				"KIOSK" : "No",
				"LIGHTING" : "Yes",
				"TOILET" : "No",
				"WASTE_BIN" : "Yes",
				"RAMP_PONTOON" : "No",
				"PONTOON_JETTY_NEARBY" : "No"
			}
		},
		{
			"type" : "Feature",
			"geometry" : {
				"type" : "Point",
				"coordinates" : [ 152.8523512259, -31.4057667441 ]
			},
			"properties" : {
				"ASSET_OWNER" : "Port Macquarie-Hastings Council",
				"BOAT_RAMP_ID" : 179,
				"DESCRIPTION" : "Fernbank Creek Boat Ramp",
				"CONTACT_NUMBER" : "02 6581 8111",
				"STREET" : "Fernbank Creek Road",
				"SUBURB" : "Port Macquarie",
				"WATERWAY" : "Hastings River",
				"STATE" : "NSW",
				"POSTCODE" : 2444,
				"NO_OF_RAMP_LANE" : "2",
				"CAR_TRAILER_SPACE" : "0-10",
				"WATERWAY_ACCESS" : "Shallow At Times",
				"CONDITION" : "Poor",
				"CONSTRUCTION_MATERIAL" : "Concrete",
				"BBQ" : "No",
				"FEE_PAYABLE" : "No",
				"FISH_CLEAN_TABLE" : "No",
				"FUEL" : "No",
				"KIOSK" : "No",
				"LIGHTING" : "No",
				"TOILET" : "No",
				"WASTE_BIN" : "No",
				"RAMP_PONTOON" : "No",
				"PONTOON_JETTY_NEARBY" : "No"
			}
		},
		{
			"type" : "Feature",
			"geometry" : {
				"type" : "Point",
				"coordinates" : [ 152.8012407816, -31.6531669966 ]
			},
			"properties" : {
				"ASSET_OWNER" : "Port Macquarie-Hastings Council",
				"BOAT_RAMP_ID" : 24,
				"DESCRIPTION" : "Bay Street Boat Ramp\n(Camden Haven Inlet)",
				"CONTACT_NUMBER" : "02 6581 8111",
				"STREET" : "Bay Street",
				"SUBURB" : "Dunbogan",
				"WATERWAY" : "Camden Haven Inlet",
				"STATE" : "NSW",
				"POSTCODE" : 2443,
				"NO_OF_RAMP_LANE" : "1",
				"CAR_TRAILER_SPACE" : "0-10",
				"WATERWAY_ACCESS" : "All Times",
				"CONDITION" : "Poor",
				"CONSTRUCTION_MATERIAL" : "Concrete",
				"BBQ" : "No",
				"FEE_PAYABLE" : "No",
				"FISH_CLEAN_TABLE" : "No",
				"FUEL" : "No",
				"KIOSK" : "No",
				"LIGHTING" : "No",
				"TOILET" : "No",
				"WASTE_BIN" : "Yes",
				"RAMP_PONTOON" : "Yes",
				"PONTOON_JETTY_NEARBY" : "No"
			}
		},
		{
			"type" : "Feature",
			"geometry" : {
				"type" : "Point",
				"coordinates" : [ 153.2869476257, -28.9839983744 ]
			},
			"properties" : {
				"ASSET_OWNER" : "Richmond Valley Council",
				"BOAT_RAMP_ID" : 131,
				"DESCRIPTION" : "Coraki Boat Ramp",
				"CONTACT_NUMBER" : "02 6660 0300",
				"STREET" : "Richmond Terrace",
				"SUBURB" : "Coraki",
				"WATERWAY" : "Richmond River",
				"STATE" : "NSW",
				"POSTCODE" : 2471,
				"NO_OF_RAMP_LANE" : "1",
				"CAR_TRAILER_SPACE" : "0-10",
				"WATERWAY_ACCESS" : "All Times",
				"CONDITION" : "Fair",
				"CONSTRUCTION_MATERIAL" : "Bitumen",
				"BBQ" : "No",
				"FEE_PAYABLE" : "No",
				"FISH_CLEAN_TABLE" : "No",
				"FUEL" : "No",
				"KIOSK" : "No",
				"LIGHTING" : "No",
				"TOILET" : "Yes",
				"WASTE_BIN" : "Yes",
				"RAMP_PONTOON" : "No",
				"PONTOON_JETTY_NEARBY" : "No"
			}
		},
		{
			"type" : "Feature",
			"geometry" : {
				"type" : "Point",
				"coordinates" : [ 150.5456943121, -35.2046559039 ]
			},
			"properties" : {
				"ASSET_OWNER" : "Shoalhaven City Council",
				"BOAT_RAMP_ID" : 38,
				"DESCRIPTION" : "Berrara Creek - Natural Boat Ramp",
				"CONTACT_NUMBER" : "1300 293 111",
				"STREET" : "Lakeland Avenue",
				"SUBURB" : "Berrara",
				"WATERWAY" : "Berrara Creek",
				"STATE" : "NSW",
				"POSTCODE" : 2540,
				"NO_OF_RAMP_LANE" : "1",
				"CAR_TRAILER_SPACE" : "0-10",
				"WATERWAY_ACCESS" : "Shallow At Times",
				"CONDITION" : "Poor",
				"CONSTRUCTION_MATERIAL" : "Sand",
				"BBQ" : "Yes",
				"FEE_PAYABLE" : "No",
				"FISH_CLEAN_TABLE" : "No",
				"FUEL" : "No",
				"KIOSK" : "No",
				"LIGHTING" : "No",
				"TOILET" : "No",
				"WASTE_BIN" : "Yes",
				"RAMP_PONTOON" : "No",
				"PONTOON_JETTY_NEARBY" : "No"
			}
		},
		{
			"type" : "Feature",
			"geometry" : {
				"type" : "Point",
				"coordinates" : [ 150.6073719488, -34.8571956979 ]
			},
			"properties" : {
				"ASSET_OWNER" : "Shoalhaven City Council",
				"BOAT_RAMP_ID" : 318,
				"DESCRIPTION" : "Lions Park Boat Ramp",
				"CONTACT_NUMBER" : "1300 293 111",
				"STREET" : "Bolong Road",
				"SUBURB" : "Bomaderry",
				"WATERWAY" : "Bomaderry Creek",
				"STATE" : "NSW",
				"POSTCODE" : 2541,
				"NO_OF_RAMP_LANE" : "1",
				"CAR_TRAILER_SPACE" : "0-10",
				"WATERWAY_ACCESS" : "All Times",
				"CONDITION" : "Good",
				"CONSTRUCTION_MATERIAL" : "Concrete",
				"BBQ" : "Yes",
				"FEE_PAYABLE" : "No",
				"FISH_CLEAN_TABLE" : "Yes",
				"FUEL" : "No",
				"KIOSK" : "No",
				"LIGHTING" : "Yes",
				"TOILET" : "Yes",
				"WASTE_BIN" : "Yes",
				"RAMP_PONTOON" : "Yes",
				"PONTOON_JETTY_NEARBY" : "No"
			}
		},
		{
			"type" : "Feature",
			"geometry" : {
				"type" : "Point",
				"coordinates" : [ 150.6963696897, -34.7902100398 ]
			},
			"properties" : {
				"ASSET_OWNER" : "Shoalhaven City Council",
				"BOAT_RAMP_ID" : 40,
				"DESCRIPTION" : "Berry Boat Ramp",
				"CONTACT_NUMBER" : "1300 293 111",
				"STREET" : "Coolangatta Road",
				"SUBURB" : "Berry",
				"WATERWAY" : "Broughton Creek",
				"STATE" : "NSW",
				"POSTCODE" : 2535,
				"NO_OF_RAMP_LANE" : "1",
				"CAR_TRAILER_SPACE" : "0-10",
				"WATERWAY_ACCESS" : "All Times",
				"CONDITION" : "Fair",
				"CONSTRUCTION_MATERIAL" : "Concrete",
				"BBQ" : "No",
				"FEE_PAYABLE" : "No",
				"FISH_CLEAN_TABLE" : "No",
				"FUEL" : "No",
				"KIOSK" : "No",
				"LIGHTING" : "No",
				"TOILET" : "No",
				"WASTE_BIN" : "No",
				"RAMP_PONTOON" : "No",
				"PONTOON_JETTY_NEARBY" : "No"
			}
		},
		{
			"type" : "Feature",
			"geometry" : {
				"type" : "Point",
				"coordinates" : [ 150.44505646, -35.3863227741 ]
			},
			"properties" : {
				"ASSET_OWNER" : "Shoalhaven City Council",
				"BOAT_RAMP_ID" : 342,
				"DESCRIPTION" : "Maria Avenue Boat Ramp",
				"CONTACT_NUMBER" : "1300 293 111",
				"STREET" : "Maria Avenue",
				"SUBURB" : "Burrill Lake",
				"WATERWAY" : "Burrill Lake",
				"STATE" : "NSW",
				"POSTCODE" : 2539,
				"NO_OF_RAMP_LANE" : "1",
				"CAR_TRAILER_SPACE" : "0-10",
				"WATERWAY_ACCESS" : "All Times",
				"CONDITION" : "Fair",
				"CONSTRUCTION_MATERIAL" : "Concrete",
				"BBQ" : "No",
				"FEE_PAYABLE" : "No",
				"FISH_CLEAN_TABLE" : "Yes",
				"FUEL" : "No",
				"KIOSK" : "No",
				"LIGHTING" : "No",
				"TOILET" : "No",
				"WASTE_BIN" : "Yes",
				"RAMP_PONTOON" : "Yes",
				"PONTOON_JETTY_NEARBY" : "No"
			}
		},
		{
			"type" : "Feature",
			"geometry" : {
				"type" : "Point",
				"coordinates" : [ 150.4472351856, -35.3816582769 ]
			},
			"properties" : {
				"ASSET_OWNER" : "Shoalhaven City Council",
				"BOAT_RAMP_ID" : 392,
				"DESCRIPTION" : "Northern Boat Ramp, Kendall Crescent Burrill Lake",
				"CONTACT_NUMBER" : "1300 293 111",
				"STREET" : "Kendall Crescent",
				"SUBURB" : "Burrill Lake",
				"WATERWAY" : "Burrill Lake",
				"STATE" : "NSW",
				"POSTCODE" : 2539,
				"NO_OF_RAMP_LANE" : "1",
				"CAR_TRAILER_SPACE" : "0-10",
				"WATERWAY_ACCESS" : "Shallow At Times",
				"CONDITION" : "Fair",
				"CONSTRUCTION_MATERIAL" : "Concrete",
				"BBQ" : "No",
				"FEE_PAYABLE" : "No",
				"FISH_CLEAN_TABLE" : "No",
				"FUEL" : "No",
				"KIOSK" : "No",
				"LIGHTING" : "Yes",
				"TOILET" : "No",
				"WASTE_BIN" : "No",
				"RAMP_PONTOON" : "No",
				"PONTOON_JETTY_NEARBY" : "No"
			}
		},
		{
			"type" : "Feature",
			"geometry" : {
				"type" : "Point",
				"coordinates" : [ 150.4837769114, -35.2768211025 ]
			},
			"properties" : {
				"ASSET_OWNER" : "Shoalhaven City Council",
				"BOAT_RAMP_ID" : 104,
				"DESCRIPTION" : "Aney Street Boat Ramp - Lake Conjola",
				"CONTACT_NUMBER" : "1300 293 111",
				"STREET" : "Aney Street",
				"SUBURB" : "Lake Conjola",
				"WATERWAY" : "Conjola Lake",
				"STATE" : "NSW",
				"POSTCODE" : 2539,
				"NO_OF_RAMP_LANE" : "1",
				"CAR_TRAILER_SPACE" : "0-10",
				"WATERWAY_ACCESS" : "High Tide Only",
				"CONDITION" : "Fair",
				"CONSTRUCTION_MATERIAL" : "Bitumen",
				"BBQ" : "No",
				"FEE_PAYABLE" : "No",
				"FISH_CLEAN_TABLE" : "No",
				"FUEL" : "No",
				"KIOSK" : "No",
				"LIGHTING" : "Yes",
				"TOILET" : "No",
				"WASTE_BIN" : "No",
				"RAMP_PONTOON" : "No",
				"PONTOON_JETTY_NEARBY" : "No"
			}
		},
		{
			"type" : "Feature",
			"geometry" : {
				"type" : "Point",
				"coordinates" : [ 150.4432151726, -35.259984592 ]
			},
			"properties" : {
				"ASSET_OWNER" : "Shoalhaven City Council",
				"BOAT_RAMP_ID" : 632,
				"DESCRIPTION" : "Yooralla Bay, Lake Conjola",
				"CONTACT_NUMBER" : "1300 293 111",
				"STREET" : "Haviland Street",
				"SUBURB" : "Conjola Park",
				"WATERWAY" : "Conjola Lake",
				"STATE" : "NSW",
				"POSTCODE" : 2539,
				"NO_OF_RAMP_LANE" : "1",
				"CAR_TRAILER_SPACE" : "0-10",
				"WATERWAY_ACCESS" : "All Times",
				"CONDITION" : "Poor",
				"CONSTRUCTION_MATERIAL" : "Bitumen",
				"BBQ" : "No",
				"FEE_PAYABLE" : "No",
				"FISH_CLEAN_TABLE" : "No",
				"FUEL" : "No",
				"KIOSK" : "No",
				"LIGHTING" : "No",
				"TOILET" : "No",
				"WASTE_BIN" : "No",
				"RAMP_PONTOON" : "No",
				"PONTOON_JETTY_NEARBY" : "No"
			}
		},
		{
			"type" : "Feature",
			"geometry" : {
				"type" : "Point",
				"coordinates" : [ 150.4393831155, -35.2594448123 ]
			},
			"properties" : {
				"ASSET_OWNER" : "Shoalhaven City Council",
				"BOAT_RAMP_ID" : 633,
				"DESCRIPTION" : "Yooralla Bay, Lake Conjola",
				"CONTACT_NUMBER" : "1300 293 111",
				"STREET" : "Valley Drive",
				"SUBURB" : "Conjola Park",
				"WATERWAY" : "Conjola Lake",
				"STATE" : "NSW",
				"POSTCODE" : 2539,
				"NO_OF_RAMP_LANE" : "1",
				"CAR_TRAILER_SPACE" : "0-10",
				"WATERWAY_ACCESS" : "All Times",
				"CONDITION" : "Poor",
				"CONSTRUCTION_MATERIAL" : "Unsealed",
				"BBQ" : "No",
				"FEE_PAYABLE" : "No",
				"FISH_CLEAN_TABLE" : "No",
				"FUEL" : "No",
				"KIOSK" : "No",
				"LIGHTING" : "No",
				"TOILET" : "No",
				"WASTE_BIN" : "Yes",
				"RAMP_PONTOON" : "No",
				"PONTOON_JETTY_NEARBY" : "Yes"
			}
		},
		{
			"type" : "Feature",
			"geometry" : {
				"type" : "Point",
				"coordinates" : [ 150.7232794631, -34.9310928246 ]
			},
			"properties" : {
				"ASSET_OWNER" : "Greenwell Point Bowling & Sports Club",
				"BOAT_RAMP_ID" : 214,
				"DESCRIPTION" : "Greenwell Point - Bowling Club Boat Ramp",
				"CONTACT_NUMBER" : "02 4447 1111",
				"STREET" : "Haiser Road",
				"SUBURB" : "Greenwell Point",
				"WATERWAY" : "Crookhaven River",
				"STATE" : "NSW",
				"POSTCODE" : 2540,
				"NO_OF_RAMP_LANE" : "1",
				"CAR_TRAILER_SPACE" : "0-10",
				"WATERWAY_ACCESS" : "All Times",
				"CONDITION" : "Good",
				"CONSTRUCTION_MATERIAL" : "Concrete",
				"BBQ" : "No",
				"FEE_PAYABLE" : "No",
				"FISH_CLEAN_TABLE" : "Yes",
				"FUEL" : "No",
				"KIOSK" : "No",
				"LIGHTING" : "Yes",
				"TOILET" : "Yes",
				"WASTE_BIN" : "Yes",
				"RAMP_PONTOON" : "No",
				"PONTOON_JETTY_NEARBY" : "Yes"
			}
		},
		{
			"type" : "Feature",
			"geometry" : {
				"type" : "Point",
				"coordinates" : [ 150.7273170542, -34.9031987133 ]
			},
			"properties" : {
				"ASSET_OWNER" : "Shoalhaven City Council",
				"BOAT_RAMP_ID" : 215,
				"DESCRIPTION" : "Greenwell Point - West Street Shaws Creek Boat Ramp",
				"CONTACT_NUMBER" : "1300 293 111",
				"STREET" : "West Street",
				"SUBURB" : "Greenwell Point",
				"WATERWAY" : "Crookhaven River",
				"STATE" : "NSW",
				"POSTCODE" : 2540,
				"NO_OF_RAMP_LANE" : "1",
				"CAR_TRAILER_SPACE" : "0-10",
				"WATERWAY_ACCESS" : "All Times",
				"CONDITION" : "Good",
				"CONSTRUCTION_MATERIAL" : "Concrete",
				"BBQ" : "No",
				"FEE_PAYABLE" : "No",
				"FISH_CLEAN_TABLE" : "No",
				"FUEL" : "No",
				"KIOSK" : "No",
				"LIGHTING" : "Yes",
				"TOILET" : "No",
				"WASTE_BIN" : "Yes",
				"RAMP_PONTOON" : "Yes",
				"PONTOON_JETTY_NEARBY" : "Yes"
			}
		},
		{
			"type" : "Feature",
			"geometry" : {
				"type" : "Point",
				"coordinates" : [ 150.744193147, -34.9118877993 ]
			},
			"properties" : {
				"ASSET_OWNER" : "Shoalhaven City Council",
				"BOAT_RAMP_ID" : 399,
				"DESCRIPTION" : "Orient Point Boat Ramp ",
				"CONTACT_NUMBER" : "1300 293 111",
				"STREET" : "Otranto Avenue",
				"SUBURB" : "Orient Point",
				"WATERWAY" : "Crookhaven River",
				"STATE" : "NSW",
				"POSTCODE" : 2540,
				"NO_OF_RAMP_LANE" : "1",
				"CAR_TRAILER_SPACE" : "0-10",
				"WATERWAY_ACCESS" : "All Times",
				"CONDITION" : "Good",
				"CONSTRUCTION_MATERIAL" : "Concrete",
				"BBQ" : "No",
				"FEE_PAYABLE" : "No",
				"FISH_CLEAN_TABLE" : "Yes",
				"FUEL" : "No",
				"KIOSK" : "No",
				"LIGHTING" : "Yes",
				"TOILET" : "Yes",
				"WASTE_BIN" : "Yes",
				"RAMP_PONTOON" : "Yes",
				"PONTOON_JETTY_NEARBY" : "Yes"
			}
		},
		{
			"type" : "Feature",
			"geometry" : {
				"type" : "Point",
				"coordinates" : [ 150.6721344013, -35.0168819169 ]
			},
			"properties" : {
				"ASSET_OWNER" : "Shoalhaven City Council",
				"BOAT_RAMP_ID" : 374,
				"DESCRIPTION" : "Myola Jervis Bay",
				"CONTACT_NUMBER" : "1300 293 111",
				"STREET" : "Catherine Street",
				"SUBURB" : "Myola",
				"WATERWAY" : "Currambene Creek",
				"STATE" : "NSW",
				"POSTCODE" : 2540,
				"NO_OF_RAMP_LANE" : "1",
				"CAR_TRAILER_SPACE" : "11-20",
				"WATERWAY_ACCESS" : "All Times",
				"CONDITION" : "Fair",
				"CONSTRUCTION_MATERIAL" : "Concrete",
				"BBQ" : "No",
				"FEE_PAYABLE" : "No",
				"FISH_CLEAN_TABLE" : "No",
				"FUEL" : "No",
				"KIOSK" : "No",
				"LIGHTING" : "No",
				"TOILET" : "Yes",
				"WASTE_BIN" : "No",
				"RAMP_PONTOON" : "No",
				"PONTOON_JETTY_NEARBY" : "No"
			}
		},
		{
			"type" : "Feature",
			"geometry" : {
				"type" : "Point",
				"coordinates" : [ 150.8198554121, -35.0163114927 ]
			},
			"properties" : {
				"ASSET_OWNER" : "Shoalhaven City Council",
				"BOAT_RAMP_ID" : 579,
				"DESCRIPTION" : "Warrain Cres Currarong",
				"CONTACT_NUMBER" : "1300 293 111",
				"STREET" : "Warrain Crescent",
				"SUBURB" : "Currarong",
				"WATERWAY" : "Currarong Creek",
				"STATE" : "NSW",
				"POSTCODE" : 2540,
				"NO_OF_RAMP_LANE" : "1",
				"CAR_TRAILER_SPACE" : "0-10",
				"WATERWAY_ACCESS" : "High Tide Only",
				"CONDITION" : "Poor",
				"CONSTRUCTION_MATERIAL" : "Concrete",
				"BBQ" : "No",
				"FEE_PAYABLE" : "No",
				"FISH_CLEAN_TABLE" : "Yes",
				"FUEL" : "No",
				"KIOSK" : "No",
				"LIGHTING" : "No",
				"TOILET" : "Yes",
				"WASTE_BIN" : "Yes",
				"RAMP_PONTOON" : "No",
				"PONTOON_JETTY_NEARBY" : "No"
			}
		},
		{
			"type" : "Feature",
			"geometry" : {
				"type" : "Point",
				"coordinates" : [ 150.6792081427, -35.0693950084 ]
			},
			"properties" : {
				"ASSET_OWNER" : "Shoalhaven City Council",
				"BOAT_RAMP_ID" : 567,
				"DESCRIPTION" : "Holden Street Boat Ramp - Vincentia ",
				"CONTACT_NUMBER" : "1300 293 111",
				"STREET" : "Holden Street",
				"SUBURB" : "Vincentia",
				"WATERWAY" : "Jervis Bay",
				"STATE" : "NSW",
				"POSTCODE" : 2540,
				"NO_OF_RAMP_LANE" : "1",
				"CAR_TRAILER_SPACE" : "0-10",
				"WATERWAY_ACCESS" : "All Times",
				"CONDITION" : "Poor",
				"CONSTRUCTION_MATERIAL" : "Unsealed",
				"BBQ" : "No",
				"FEE_PAYABLE" : "No",
				"FISH_CLEAN_TABLE" : "No",
				"FUEL" : "No",
				"KIOSK" : "No",
				"LIGHTING" : "No",
				"TOILET" : "Yes",
				"WASTE_BIN" : "Yes",
				"RAMP_PONTOON" : "No",
				"PONTOON_JETTY_NEARBY" : "No"
			}
		},
		{
			"type" : "Feature",
			"geometry" : {
				"type" : "Point",
				"coordinates" : [ 150.5063178045, -35.2659967435 ]
			},
			"properties" : {
				"ASSET_OWNER" : "Shoalhaven City Council",
				"BOAT_RAMP_ID" : 142,
				"DESCRIPTION" : "Cunjurong Boat Ramp",
				"CONTACT_NUMBER" : "1300 293 111",
				"STREET" : "York Street ",
				"SUBURB" : "Cunjurong Point",
				"WATERWAY" : "Lake Conjola",
				"STATE" : "NSW",
				"POSTCODE" : 2539,
				"NO_OF_RAMP_LANE" : "1",
				"CAR_TRAILER_SPACE" : "0-10",
				"WATERWAY_ACCESS" : "High Tide Only",
				"CONDITION" : "Fair",
				"CONSTRUCTION_MATERIAL" : "Concrete",
				"BBQ" : "Yes",
				"FEE_PAYABLE" : "No",
				"FISH_CLEAN_TABLE" : "No",
				"FUEL" : "No",
				"KIOSK" : "No",
				"LIGHTING" : "No",
				"TOILET" : "Yes",
				"WASTE_BIN" : "Yes",
				"RAMP_PONTOON" : "No",
				"PONTOON_JETTY_NEARBY" : "No"
			}
		},
		{
			"type" : "Feature",
			"geometry" : {
				"type" : "Point",
				"coordinates" : [ 150.4501226494, -35.2323830321 ]
			},
			"properties" : {
				"ASSET_OWNER" : "Shoalhaven City Council",
				"BOAT_RAMP_ID" : 186,
				"DESCRIPTION" : "Fishermans Paradise Boat Ramp",
				"CONTACT_NUMBER" : "1300 293 111",
				"STREET" : "Anglers Parade",
				"SUBURB" : "Fishermans Paradise",
				"WATERWAY" : "Conjola Creek/Conjola Lake",
				"STATE" : "NSW",
				"POSTCODE" : 2539,
				"NO_OF_RAMP_LANE" : "1",
				"CAR_TRAILER_SPACE" : "0-10",
				"WATERWAY_ACCESS" : "All Times",
				"CONDITION" : "Good",
				"CONSTRUCTION_MATERIAL" : "Concrete",
				"BBQ" : "No",
				"FEE_PAYABLE" : "No",
				"FISH_CLEAN_TABLE" : "No",
				"FUEL" : "No",
				"KIOSK" : "No",
				"LIGHTING" : "No",
				"TOILET" : "Yes",
				"WASTE_BIN" : "Yes",
				"RAMP_PONTOON" : "Yes",
				"PONTOON_JETTY_NEARBY" : "No"
			}
		},
		{
			"type" : "Feature",
			"geometry" : {
				"type" : "Point",
				"coordinates" : [ 150.4727864903, -35.3053409877 ]
			},
			"properties" : {
				"ASSET_OWNER" : "Shoalhaven City Council",
				"BOAT_RAMP_ID" : 378,
				"DESCRIPTION" : "Narrawallee",
				"CONTACT_NUMBER" : "1300 293 111",
				"STREET" : "Normandy Street",
				"SUBURB" : "Narrawallee",
				"WATERWAY" : "Narrawallee Inlet",
				"STATE" : "NSW",
				"POSTCODE" : 2539,
				"NO_OF_RAMP_LANE" : "1",
				"CAR_TRAILER_SPACE" : "0-10",
				"WATERWAY_ACCESS" : "High Tide Only",
				"CONDITION" : "Fair",
				"CONSTRUCTION_MATERIAL" : "Concrete",
				"BBQ" : "No",
				"FEE_PAYABLE" : "No",
				"FISH_CLEAN_TABLE" : "Yes",
				"FUEL" : "No",
				"KIOSK" : "No",
				"LIGHTING" : "Yes",
				"TOILET" : "No",
				"WASTE_BIN" : "No",
				"RAMP_PONTOON" : "No",
				"PONTOON_JETTY_NEARBY" : "No"
			}
		},
		{
			"type" : "Feature",
			"geometry" : {
				"type" : "Point",
				"coordinates" : [ 150.3935731977, -35.5058553554 ]
			},
			"properties" : {
				"ASSET_OWNER" : "Shoalhaven City Council",
				"BOAT_RAMP_ID" : 23,
				"DESCRIPTION" : "Bawley Point Boat Ramp",
				"CONTACT_NUMBER" : "1300 293 111",
				"STREET" : "Tingira Ave",
				"SUBURB" : "Bawley Point",
				"WATERWAY" : "Ocean",
				"STATE" : "NSW",
				"POSTCODE" : 2539,
				"NO_OF_RAMP_LANE" : "1",
				"CAR_TRAILER_SPACE" : "11-20",
				"WATERWAY_ACCESS" : "High Tide Only",
				"CONDITION" : "Fair",
				"CONSTRUCTION_MATERIAL" : "Concrete",
				"BBQ" : "No",
				"FEE_PAYABLE" : "No",
				"FISH_CLEAN_TABLE" : "No",
				"FUEL" : "No",
				"KIOSK" : "No",
				"LIGHTING" : "No",
				"TOILET" : "Yes",
				"WASTE_BIN" : "Yes",
				"RAMP_PONTOON" : "No",
				"PONTOON_JETTY_NEARBY" : "No"
			}
		},
		{
			"type" : "Feature",
			"geometry" : {
				"type" : "Point",
				"coordinates" : [ 150.5387829761, -35.245106057 ]
			},
			"properties" : {
				"ASSET_OWNER" : "Shoalhaven City Council",
				"BOAT_RAMP_ID" : 34,
				"DESCRIPTION" : "Bendalong Boat Harbour Ocean Ramp",
				"CONTACT_NUMBER" : "1300 293 111",
				"STREET" : "Red Point Road",
				"SUBURB" : "Bendalong",
				"WATERWAY" : "Ocean",
				"STATE" : "NSW",
				"POSTCODE" : 2539,
				"NO_OF_RAMP_LANE" : "2",
				"CAR_TRAILER_SPACE" : "0-10",
				"WATERWAY_ACCESS" : "Shallow At Times",
				"CONDITION" : "Good",
				"CONSTRUCTION_MATERIAL" : "Concrete",
				"BBQ" : "Yes",
				"FEE_PAYABLE" : "No",
				"FISH_CLEAN_TABLE" : "No",
				"FUEL" : "No",
				"KIOSK" : "No",
				"LIGHTING" : "Yes",
				"TOILET" : "Yes",
				"WASTE_BIN" : "Yes",
				"RAMP_PONTOON" : "No",
				"PONTOON_JETTY_NEARBY" : "No"
			}
		},
		{
			"type" : "Feature",
			"geometry" : {
				"type" : "Point",
				"coordinates" : [ 150.602460133, -34.8652789156 ]
			},
			"properties" : {
				"ASSET_OWNER" : "Shoalhaven City Council",
				"BOAT_RAMP_ID" : 393,
				"DESCRIPTION" : "Nowra Wharf & Boat Ramp",
				"CONTACT_NUMBER" : "1300 293 111",
				"STREET" : "Wharf Road",
				"SUBURB" : "Nowra",
				"WATERWAY" : "Shoalhaven River",
				"STATE" : "NSW",
				"POSTCODE" : 2541,
				"NO_OF_RAMP_LANE" : "1",
				"CAR_TRAILER_SPACE" : "0-10",
				"WATERWAY_ACCESS" : "All Times",
				"CONDITION" : "Fair",
				"CONSTRUCTION_MATERIAL" : "Concrete",
				"BBQ" : "No",
				"FEE_PAYABLE" : "No",
				"FISH_CLEAN_TABLE" : "No",
				"FUEL" : "No",
				"KIOSK" : "No",
				"LIGHTING" : "Yes",
				"TOILET" : "Yes",
				"WASTE_BIN" : "Yes",
				"RAMP_PONTOON" : "Yes",
				"PONTOON_JETTY_NEARBY" : "Yes"
			}
		},
		{
			"type" : "Feature",
			"geometry" : {
				"type" : "Point",
				"coordinates" : [ 150.7329949386, -34.860398115 ]
			},
			"properties" : {
				"ASSET_OWNER" : "Shoalhaven City Council",
				"BOAT_RAMP_ID" : 474,
				"DESCRIPTION" : "Shoalhaven Heads - Wharf Rd Ramp Shoalhaven River",
				"CONTACT_NUMBER" : "1300 293 111",
				"STREET" : "Wharf Road",
				"SUBURB" : "Shoalhaven Heads",
				"WATERWAY" : "Shoalhaven River",
				"STATE" : "NSW",
				"POSTCODE" : 2535,
				"NO_OF_RAMP_LANE" : "2",
				"CAR_TRAILER_SPACE" : "11-20",
				"WATERWAY_ACCESS" : "All Times",
				"CONDITION" : "Fair",
				"CONSTRUCTION_MATERIAL" : "Concrete",
				"BBQ" : "No",
				"FEE_PAYABLE" : "No",
				"FISH_CLEAN_TABLE" : "No",
				"FUEL" : "No",
				"KIOSK" : "No",
				"LIGHTING" : "Yes",
				"TOILET" : "Yes",
				"WASTE_BIN" : "Yes",
				"RAMP_PONTOON" : "No",
				"PONTOON_JETTY_NEARBY" : "No"
			}
		},
		{
			"type" : "Feature",
			"geometry" : {
				"type" : "Point",
				"coordinates" : [ 150.5622614497, -35.0939757085 ]
			},
			"properties" : {
				"ASSET_OWNER" : "Shoalhaven City Council",
				"BOAT_RAMP_ID" : 22,
				"DESCRIPTION" : "Basin View Boat Ramp",
				"CONTACT_NUMBER" : "1300 293 111",
				"STREET" : "Basin View Parade",
				"SUBURB" : "Basin View",
				"WATERWAY" : "St Georges Basin",
				"STATE" : "NSW",
				"POSTCODE" : 2540,
				"NO_OF_RAMP_LANE" : "2",
				"CAR_TRAILER_SPACE" : "21-30",
				"WATERWAY_ACCESS" : "All Times",
				"CONDITION" : "Good",
				"CONSTRUCTION_MATERIAL" : "Concrete",
				"BBQ" : "Yes",
				"FEE_PAYABLE" : "No",
				"FISH_CLEAN_TABLE" : "Yes",
				"FUEL" : "No",
				"KIOSK" : "No",
				"LIGHTING" : "Yes",
				"TOILET" : "Yes",
				"WASTE_BIN" : "Yes",
				"RAMP_PONTOON" : "Yes",
				"PONTOON_JETTY_NEARBY" : "No"
			}
		},
		{
			"type" : "Feature",
			"geometry" : {
				"type" : "Point",
				"coordinates" : [ 150.6504106456, -35.1031615199 ]
			},
			"properties" : {
				"ASSET_OWNER" : "Shoalhaven City Council",
				"BOAT_RAMP_ID" : 167,
				"DESCRIPTION" : "Erowal Bay Boat Ramp",
				"CONTACT_NUMBER" : "1300 293 111",
				"STREET" : "Naval Parade",
				"SUBURB" : "Erowal Bay",
				"WATERWAY" : "St Georges Basin",
				"STATE" : "NSW",
				"POSTCODE" : 2540,
				"NO_OF_RAMP_LANE" : "2",
				"CAR_TRAILER_SPACE" : "0-10",
				"WATERWAY_ACCESS" : "Shallow At Times",
				"CONDITION" : "Good",
				"CONSTRUCTION_MATERIAL" : "Concrete",
				"BBQ" : "Yes",
				"FEE_PAYABLE" : "No",
				"FISH_CLEAN_TABLE" : "Yes",
				"FUEL" : "No",
				"KIOSK" : "No",
				"LIGHTING" : "Yes",
				"TOILET" : "Yes",
				"WASTE_BIN" : "Yes",
				"RAMP_PONTOON" : "Yes",
				"PONTOON_JETTY_NEARBY" : "No"
			}
		},
		{
			"type" : "Feature",
			"geometry" : {
				"type" : "Point",
				"coordinates" : [ 150.5899831645, -35.09024597 ]
			},
			"properties" : {
				"ASSET_OWNER" : "Shoalhaven City Council",
				"BOAT_RAMP_ID" : 532,
				"DESCRIPTION" : "Natural Boat Ramp - The Basin Road - St George",
				"CONTACT_NUMBER" : "1300 293 111",
				"STREET" : "The Basin Road",
				"SUBURB" : "St Georges Basin",
				"WATERWAY" : "St Georges Basin",
				"STATE" : "NSW",
				"POSTCODE" : 2540,
				"NO_OF_RAMP_LANE" : "1",
				"CAR_TRAILER_SPACE" : "0-10",
				"WATERWAY_ACCESS" : "All Times",
				"CONDITION" : "Poor",
				"CONSTRUCTION_MATERIAL" : "Sand",
				"BBQ" : "No",
				"FEE_PAYABLE" : "No",
				"FISH_CLEAN_TABLE" : "No",
				"FUEL" : "No",
				"KIOSK" : "No",
				"LIGHTING" : "No",
				"TOILET" : "No",
				"WASTE_BIN" : "Yes",
				"RAMP_PONTOON" : "No",
				"PONTOON_JETTY_NEARBY" : "Yes"
			}
		},
		{
			"type" : "Feature",
			"geometry" : {
				"type" : "Point",
				"coordinates" : [ 150.6597671023, -35.1131837827 ]
			},
			"properties" : {
				"ASSET_OWNER" : "Shoalhaven City Council",
				"BOAT_RAMP_ID" : 618,
				"DESCRIPTION" : "Wrights Beach, St Georges Basin",
				"CONTACT_NUMBER" : "1300 293 111",
				"STREET" : "Fisher Street",
				"SUBURB" : "Wrights Beach",
				"WATERWAY" : "St Georges Basin",
				"STATE" : "NSW",
				"POSTCODE" : 2540,
				"NO_OF_RAMP_LANE" : "1",
				"CAR_TRAILER_SPACE" : "0-10",
				"WATERWAY_ACCESS" : "All Times",
				"CONDITION" : "Poor",
				"CONSTRUCTION_MATERIAL" : "Concrete",
				"BBQ" : "No",
				"FEE_PAYABLE" : "No",
				"FISH_CLEAN_TABLE" : "No",
				"FUEL" : "No",
				"KIOSK" : "No",
				"LIGHTING" : "No",
				"TOILET" : "No",
				"WASTE_BIN" : "No",
				"RAMP_PONTOON" : "No",
				"PONTOON_JETTY_NEARBY" : "No"
			}
		},
		{
			"type" : "Feature",
			"geometry" : {
				"type" : "Point",
				"coordinates" : [ 150.5998066615, -35.1534061294 ]
			},
			"properties" : {
				"ASSET_OWNER" : "Shoalhaven City Council",
				"BOAT_RAMP_ID" : 380,
				"DESCRIPTION" : "Nielson Lane Boat Ramp ",
				"CONTACT_NUMBER" : "1300 293 111",
				"STREET" : "Nielsen Lane",
				"SUBURB" : "Sussex Inlet",
				"WATERWAY" : "Sussex Inlet",
				"STATE" : "NSW",
				"POSTCODE" : 2540,
				"NO_OF_RAMP_LANE" : "1",
				"CAR_TRAILER_SPACE" : "11-20",
				"WATERWAY_ACCESS" : "All Times",
				"CONDITION" : "Good",
				"CONSTRUCTION_MATERIAL" : "Concrete",
				"BBQ" : "No",
				"FEE_PAYABLE" : "No",
				"FISH_CLEAN_TABLE" : "Yes",
				"FUEL" : "No",
				"KIOSK" : "No",
				"LIGHTING" : "Yes",
				"TOILET" : "Yes",
				"WASTE_BIN" : "Yes",
				"RAMP_PONTOON" : "Yes",
				"PONTOON_JETTY_NEARBY" : "Yes"
			}
		},
		{
			"type" : "Feature",
			"geometry" : {
				"type" : "Point",
				"coordinates" : [ 150.5652379048, -35.1928274562 ]
			},
			"properties" : {
				"ASSET_OWNER" : "Shoalhaven City Council",
				"BOAT_RAMP_ID" : 495,
				"DESCRIPTION" : "Swanhaven (The Springs Road) Boat Ramp ",
				"CONTACT_NUMBER" : "1300 293 111",
				"STREET" : "The Springs Road",
				"SUBURB" : "Swanhaven",
				"WATERWAY" : "Swan Lake",
				"STATE" : "NSW",
				"POSTCODE" : 2540,
				"NO_OF_RAMP_LANE" : "1",
				"CAR_TRAILER_SPACE" : "0-10",
				"WATERWAY_ACCESS" : "Shallow At Times",
				"CONDITION" : "Poor",
				"CONSTRUCTION_MATERIAL" : "Concrete",
				"BBQ" : "No",
				"FEE_PAYABLE" : "No",
				"FISH_CLEAN_TABLE" : "No",
				"FUEL" : "No",
				"KIOSK" : "No",
				"LIGHTING" : "No",
				"TOILET" : "Yes",
				"WASTE_BIN" : "Yes",
				"RAMP_PONTOON" : "No",
				"PONTOON_JETTY_NEARBY" : "No"
			}
		},
		{
			"type" : "Feature",
			"geometry" : {
				"type" : "Point",
				"coordinates" : [ 150.5696569217, -35.1834180285 ]
			},
			"properties" : {
				"ASSET_OWNER" : "Shoalhaven City Council",
				"BOAT_RAMP_ID" : 510,
				"DESCRIPTION" : "Natural Boat Ramp - Yarroma Avenue - Swanhaven",
				"CONTACT_NUMBER" : "1300 293 111",
				"STREET" : "The Springs Road",
				"SUBURB" : "Swanhaven",
				"WATERWAY" : "Swan Lake",
				"STATE" : "NSW",
				"POSTCODE" : 2540,
				"NO_OF_RAMP_LANE" : "1",
				"CAR_TRAILER_SPACE" : "0-10",
				"WATERWAY_ACCESS" : "Shallow At Times",
				"CONDITION" : "Poor",
				"CONSTRUCTION_MATERIAL" : "Sand",
				"BBQ" : "No",
				"FEE_PAYABLE" : "No",
				"FISH_CLEAN_TABLE" : "No",
				"FUEL" : "No",
				"KIOSK" : "No",
				"LIGHTING" : "No",
				"TOILET" : "Yes",
				"WASTE_BIN" : "Yes",
				"RAMP_PONTOON" : "No",
				"PONTOON_JETTY_NEARBY" : "No"
			}
		},
		{
			"type" : "Feature",
			"geometry" : {
				"type" : "Point",
				"coordinates" : [ 150.4060397136, -35.4388640138 ]
			},
			"properties" : {
				"ASSET_OWNER" : "Shoalhaven City Council",
				"BOAT_RAMP_ID" : 513,
				"DESCRIPTION" : "Tabourie Lake",
				"CONTACT_NUMBER" : "1300 293 111",
				"STREET" : "Via Princes Highway",
				"SUBURB" : "Tabourie ",
				"WATERWAY" : "Tabourie Lake",
				"STATE" : "NSW",
				"POSTCODE" : 2539,
				"NO_OF_RAMP_LANE" : "1",
				"CAR_TRAILER_SPACE" : "0-10",
				"WATERWAY_ACCESS" : "All Times",
				"CONDITION" : "Good",
				"CONSTRUCTION_MATERIAL" : "Concrete",
				"BBQ" : "No",
				"FEE_PAYABLE" : "No",
				"FISH_CLEAN_TABLE" : "Yes",
				"FUEL" : "No",
				"KIOSK" : "No",
				"LIGHTING" : "No",
				"TOILET" : "Yes",
				"WASTE_BIN" : "Yes",
				"RAMP_PONTOON" : "No",
				"PONTOON_JETTY_NEARBY" : "No"
			}
		},
		{
			"type" : "Feature",
			"geometry" : {
				"type" : "Point",
				"coordinates" : [ 150.764150666, -34.9356235946 ]
			},
			"properties" : {
				"ASSET_OWNER" : "Shoalhaven City Council",
				"BOAT_RAMP_ID" : 140,
				"DESCRIPTION" : "West Crescent Boat Ramp",
				"CONTACT_NUMBER" : "1300 293 111",
				"STREET" : "West Crescent",
				"SUBURB" : "Culburra Beach",
				"WATERWAY" : "Wollumboola Lake",
				"STATE" : "NSW",
				"POSTCODE" : 2540,
				"NO_OF_RAMP_LANE" : "1",
				"CAR_TRAILER_SPACE" : "0-10",
				"WATERWAY_ACCESS" : "Shallow At Times",
				"CONDITION" : "Poor",
				"CONSTRUCTION_MATERIAL" : "Unsealed",
				"BBQ" : "Yes",
				"FEE_PAYABLE" : "No",
				"FISH_CLEAN_TABLE" : "No",
				"FUEL" : "No",
				"KIOSK" : "No",
				"LIGHTING" : "No",
				"TOILET" : "Yes",
				"WASTE_BIN" : "Yes",
				"RAMP_PONTOON" : "No",
				"PONTOON_JETTY_NEARBY" : "No"
			}
		},
		{
			"type" : "Feature",
			"geometry" : {
				"type" : "Point",
				"coordinates" : [ 151.0700348894, -33.999179356 ]
			},
			"properties" : {
				"ASSET_OWNER" : "Sutherland Shire Council",
				"BOAT_RAMP_ID" : 120,
				"DESCRIPTION" : "Scylla Bay Boat Ramp ",
				"CONTACT_NUMBER" : "02 9710 0333",
				"STREET" : "Verona Range",
				"SUBURB" : "Como",
				"WATERWAY" : "Georges River",
				"STATE" : "NSW",
				"POSTCODE" : 2226,
				"NO_OF_RAMP_LANE" : "1",
				"CAR_TRAILER_SPACE" : "0-10",
				"WATERWAY_ACCESS" : "All Times",
				"CONDITION" : "Good",
				"CONSTRUCTION_MATERIAL" : "Concrete",
				"BBQ" : "No",
				"FEE_PAYABLE" : "No",
				"FISH_CLEAN_TABLE" : "No",
				"FUEL" : "No",
				"KIOSK" : "No",
				"LIGHTING" : "Yes",
				"TOILET" : "No",
				"WASTE_BIN" : "No",
				"RAMP_PONTOON" : "Yes",
				"PONTOON_JETTY_NEARBY" : "Yes"
			}
		},
		{
			"type" : "Feature",
			"geometry" : {
				"type" : "Point",
				"coordinates" : [ 151.0888876167, -34.0055223957 ]
			},
			"properties" : {
				"ASSET_OWNER" : "Sutherland Shire Council",
				"BOAT_RAMP_ID" : 403,
				"DESCRIPTION" : "Oyster Bay Boat Ramp",
				"CONTACT_NUMBER" : "02 9710 0333",
				"STREET" : "Connell Road",
				"SUBURB" : "Oyster Bay",
				"WATERWAY" : "Georges River",
				"STATE" : "NSW",
				"POSTCODE" : 2225,
				"NO_OF_RAMP_LANE" : "1",
				"CAR_TRAILER_SPACE" : "0-10",
				"WATERWAY_ACCESS" : "High Tide Only",
				"CONDITION" : "Poor",
				"CONSTRUCTION_MATERIAL" : "Bitumen",
				"BBQ" : "No",
				"FEE_PAYABLE" : "No",
				"FISH_CLEAN_TABLE" : "No",
				"FUEL" : "No",
				"KIOSK" : "No",
				"LIGHTING" : "Yes",
				"TOILET" : "No",
				"WASTE_BIN" : "No",
				"RAMP_PONTOON" : "No",
				"PONTOON_JETTY_NEARBY" : "No"
			}
		},
		{
			"type" : "Feature",
			"geometry" : {
				"type" : "Point",
				"coordinates" : [ 150.9940456338, -33.9727195562 ]
			},
			"properties" : {
				"ASSET_OWNER" : "Sutherland Shire Council",
				"BOAT_RAMP_ID" : 456,
				"DESCRIPTION" : "Sandy Point",
				"CONTACT_NUMBER" : "02 9710 0333",
				"STREET" : "St George Crescent",
				"SUBURB" : "Sandy Point",
				"WATERWAY" : "Georges River",
				"STATE" : "NSW",
				"POSTCODE" : 2172,
				"NO_OF_RAMP_LANE" : "1",
				"CAR_TRAILER_SPACE" : "0-10",
				"WATERWAY_ACCESS" : "Shallow At Times",
				"CONDITION" : "Fair",
				"CONSTRUCTION_MATERIAL" : "Concrete",
				"BBQ" : "No",
				"FEE_PAYABLE" : "No",
				"FISH_CLEAN_TABLE" : "No",
				"FUEL" : "No",
				"KIOSK" : "No",
				"LIGHTING" : "Yes",
				"TOILET" : "No",
				"WASTE_BIN" : "No",
				"RAMP_PONTOON" : "No",
				"PONTOON_JETTY_NEARBY" : "No"
			}
		},
		{
			"type" : "Feature",
			"geometry" : {
				"type" : "Point",
				"coordinates" : [ 151.1296340709, -34.0664341305 ]
			},
			"properties" : {
				"ASSET_OWNER" : "Sutherland Shire Council",
				"BOAT_RAMP_ID" : 573,
				"DESCRIPTION" : "Wally's Wharf - Dolans Bay",
				"CONTACT_NUMBER" : "02 9710 0333",
				"STREET" : "Port Hacking Road",
				"SUBURB" : "Dolans Bay",
				"WATERWAY" : "Port Hacking",
				"STATE" : "NSW",
				"POSTCODE" : 2229,
				"NO_OF_RAMP_LANE" : "2",
				"CAR_TRAILER_SPACE" : "0-10",
				"WATERWAY_ACCESS" : "All Times",
				"CONDITION" : "Good",
				"CONSTRUCTION_MATERIAL" : "Concrete",
				"BBQ" : "No",
				"FEE_PAYABLE" : "No",
				"FISH_CLEAN_TABLE" : "No",
				"FUEL" : "No",
				"KIOSK" : "No",
				"LIGHTING" : "Yes",
				"TOILET" : "Yes",
				"WASTE_BIN" : "Yes",
				"RAMP_PONTOON" : "Yes",
				"PONTOON_JETTY_NEARBY" : "Yes"
			}
		},
		{
			"type" : "Feature",
			"geometry" : {
				"type" : "Point",
				"coordinates" : [ 151.1347970343, -34.0570966134 ]
			},
			"properties" : {
				"ASSET_OWNER" : "Sutherland Shire Council",
				"BOAT_RAMP_ID" : 582,
				"DESCRIPTION" : "Water Street Boat Ramp",
				"CONTACT_NUMBER" : "02 9710 0333",
				"STREET" : "Water Street",
				"SUBURB" : "Caringbah South",
				"WATERWAY" : "Port Hacking",
				"STATE" : "NSW",
				"POSTCODE" : 2229,
				"NO_OF_RAMP_LANE" : "1",
				"CAR_TRAILER_SPACE" : "0-10",
				"WATERWAY_ACCESS" : "All Times",
				"CONDITION" : "Good",
				"CONSTRUCTION_MATERIAL" : "Concrete",
				"BBQ" : "No",
				"FEE_PAYABLE" : "No",
				"FISH_CLEAN_TABLE" : "No",
				"FUEL" : "No",
				"KIOSK" : "No",
				"LIGHTING" : "Yes",
				"TOILET" : "No",
				"WASTE_BIN" : "No",
				"RAMP_PONTOON" : "No",
				"PONTOON_JETTY_NEARBY" : "No"
			}
		},
		{
			"type" : "Feature",
			"geometry" : {
				"type" : "Point",
				"coordinates" : [ 151.0492481367, -34.0124710066 ]
			},
			"properties" : {
				"ASSET_OWNER" : "Sutherland Shire Council",
				"BOAT_RAMP_ID" : 56,
				"DESCRIPTION" : "Bonnet Bay (Washington Drive) Boat Ramp",
				"CONTACT_NUMBER" : "02 9710 0333",
				"STREET" : "Washington Drive",
				"SUBURB" : "Bonnet Bay",
				"WATERWAY" : "Woronora River",
				"STATE" : "NSW",
				"POSTCODE" : 2226,
				"NO_OF_RAMP_LANE" : "2",
				"CAR_TRAILER_SPACE" : "0-10",
				"WATERWAY_ACCESS" : "Shallow At Times",
				"CONDITION" : "Fair",
				"CONSTRUCTION_MATERIAL" : "Concrete",
				"BBQ" : "No",
				"FEE_PAYABLE" : "No",
				"FISH_CLEAN_TABLE" : "No",
				"FUEL" : "No",
				"KIOSK" : "No",
				"LIGHTING" : "Yes",
				"TOILET" : "No",
				"WASTE_BIN" : "Yes",
				"RAMP_PONTOON" : "No",
				"PONTOON_JETTY_NEARBY" : "No"
			}
		},
		{
			"type" : "Feature",
			"geometry" : {
				"type" : "Point",
				"coordinates" : [ 151.0413692529, -34.0297193908 ]
			},
			"properties" : {
				"ASSET_OWNER" : "Sutherland Shire Council",
				"BOAT_RAMP_ID" : 423,
				"DESCRIPTION" : "Prince Edward Park, Woronora",
				"CONTACT_NUMBER" : "02 9710 0333",
				"STREET" : "Prince Edward Park Road",
				"SUBURB" : "Woronora",
				"WATERWAY" : "Woronora River",
				"STATE" : "NSW",
				"POSTCODE" : 2232,
				"NO_OF_RAMP_LANE" : "1",
				"CAR_TRAILER_SPACE" : "0-10",
				"WATERWAY_ACCESS" : "High Tide Only",
				"CONDITION" : "Poor",
				"CONSTRUCTION_MATERIAL" : "Concrete",
				"BBQ" : "Yes",
				"FEE_PAYABLE" : "No",
				"FISH_CLEAN_TABLE" : "No",
				"FUEL" : "No",
				"KIOSK" : "No",
				"LIGHTING" : "Yes",
				"TOILET" : "Yes",
				"WASTE_BIN" : "No",
				"RAMP_PONTOON" : "No",
				"PONTOON_JETTY_NEARBY" : "Yes"
			}
		},
		{
			"type" : "Feature",
			"geometry" : {
				"type" : "Point",
				"coordinates" : [ 143.382392817, -35.171108572 ]
			},
			"properties" : {
				"ASSET_OWNER" : "Swan Hill Rural City Council",
				"BOAT_RAMP_ID" : 394,
				"DESCRIPTION" : "Nyah",
				"CONTACT_NUMBER" : "03 5036 2333",
				"STREET" : "River Street",
				"SUBURB" : "Nyah",
				"WATERWAY" : "Murray River",
				"STATE" : "VIC",
				"POSTCODE" : 3594,
				"NO_OF_RAMP_LANE" : "1",
				"CAR_TRAILER_SPACE" : "0-10",
				"WATERWAY_ACCESS" : "Shallow At Times",
				"CONDITION" : "Fair",
				"CONSTRUCTION_MATERIAL" : "Concrete",
				"BBQ" : "No",
				"FEE_PAYABLE" : "No",
				"FISH_CLEAN_TABLE" : "No",
				"FUEL" : "No",
				"KIOSK" : "No",
				"LIGHTING" : "No",
				"TOILET" : "No",
				"WASTE_BIN" : "No",
				"RAMP_PONTOON" : "No",
				"PONTOON_JETTY_NEARBY" : "No"
			}
		},
		{
			"type" : "Feature",
			"geometry" : {
				"type" : "Point",
				"coordinates" : [ 142.7666162519, -34.5783784127 ]
			},
			"properties" : {
				"ASSET_OWNER" : "Swan Hill Rural City Council",
				"BOAT_RAMP_ID" : 440,
				"DESCRIPTION" : "Robinvale Bridge - Murray River Vic",
				"CONTACT_NUMBER" : "03 5036 2333",
				"STREET" : "Robinvale",
				"SUBURB" : "Robinvale",
				"WATERWAY" : "Murray River",
				"STATE" : "VIC",
				"POSTCODE" : 3549,
				"NO_OF_RAMP_LANE" : "1",
				"CAR_TRAILER_SPACE" : "0-10",
				"WATERWAY_ACCESS" : "All Times",
				"CONDITION" : "Good",
				"CONSTRUCTION_MATERIAL" : "Concrete",
				"BBQ" : "No",
				"FEE_PAYABLE" : "No",
				"FISH_CLEAN_TABLE" : "No",
				"FUEL" : "No",
				"KIOSK" : "No",
				"LIGHTING" : "No",
				"TOILET" : "No",
				"WASTE_BIN" : "No",
				"RAMP_PONTOON" : "No",
				"PONTOON_JETTY_NEARBY" : "No"
			}
		},
		{
			"type" : "Feature",
			"geometry" : {
				"type" : "Point",
				"coordinates" : [ 143.5639192839, -35.3319185536 ]
			},
			"properties" : {
				"ASSET_OWNER" : "Swan Hill Rural City Council",
				"BOAT_RAMP_ID" : 509,
				"DESCRIPTION" : "Swan Hill",
				"CONTACT_NUMBER" : "03 5036 2333",
				"STREET" : "Milloo Street",
				"SUBURB" : "Swan Hill",
				"WATERWAY" : "Murray River",
				"STATE" : "VIC",
				"POSTCODE" : 3585,
				"NO_OF_RAMP_LANE" : "1",
				"CAR_TRAILER_SPACE" : "0-10",
				"WATERWAY_ACCESS" : "Shallow At Times",
				"CONDITION" : "Good",
				"CONSTRUCTION_MATERIAL" : "Concrete",
				"BBQ" : "Yes",
				"FEE_PAYABLE" : "No",
				"FISH_CLEAN_TABLE" : "No",
				"FUEL" : "No",
				"KIOSK" : "No",
				"LIGHTING" : "Yes",
				"TOILET" : "No",
				"WASTE_BIN" : "Yes",
				"RAMP_PONTOON" : "No",
				"PONTOON_JETTY_NEARBY" : "No"
			}
		},
		{
			"type" : "Feature",
			"geometry" : {
				"type" : "Point",
				"coordinates" : [ 143.346850881, -35.1046620391 ]
			},
			"properties" : {
				"ASSET_OWNER" : "Swan Hill Rural City Council",
				"BOAT_RAMP_ID" : 604,
				"DESCRIPTION" : "Wood Wood",
				"CONTACT_NUMBER" : "03 5036 2333",
				"STREET" : "Murray Valley Highway",
				"SUBURB" : "Wood Wood",
				"WATERWAY" : "Murray River",
				"STATE" : "VIC",
				"POSTCODE" : 3596,
				"NO_OF_RAMP_LANE" : "1",
				"CAR_TRAILER_SPACE" : "0-10",
				"WATERWAY_ACCESS" : "Shallow At Times",
				"CONDITION" : "Good",
				"CONSTRUCTION_MATERIAL" : "Concrete",
				"BBQ" : "No",
				"FEE_PAYABLE" : "No",
				"FISH_CLEAN_TABLE" : "No",
				"FUEL" : "No",
				"KIOSK" : "No",
				"LIGHTING" : "No",
				"TOILET" : "Yes",
				"WASTE_BIN" : "Yes",
				"RAMP_PONTOON" : "No",
				"PONTOON_JETTY_NEARBY" : "No"
			}
		},
		{
			"type" : "Feature",
			"geometry" : {
				"type" : "Point",
				"coordinates" : [ 152.4393810862, -32.3948515188 ]
			},
			"properties" : {
				"ASSET_OWNER" : "Mid-Coast Council",
				"BOAT_RAMP_ID" : 373,
				"DESCRIPTION" : "Myall Lake North",
				"CONTACT_NUMBER" : "02 7955 7777",
				"STREET" : "Godfrey Close",
				"SUBURB" : "Bungwahl",
				"WATERWAY" : "Myall Lakes",
				"STATE" : "NSW",
				"POSTCODE" : 2423,
				"NO_OF_RAMP_LANE" : "1",
				"CAR_TRAILER_SPACE" : "0-10",
				"WATERWAY_ACCESS" : "All Times",
				"CONDITION" : "Poor",
				"CONSTRUCTION_MATERIAL" : "Unsealed",
				"BBQ" : "No",
				"FEE_PAYABLE" : "No",
				"FISH_CLEAN_TABLE" : "No",
				"FUEL" : "No",
				"KIOSK" : "No",
				"LIGHTING" : "No",
				"TOILET" : "No",
				"WASTE_BIN" : "No",
				"RAMP_PONTOON" : "No",
				"PONTOON_JETTY_NEARBY" : "No"
			}
		},
		{
			"type" : "Feature",
			"geometry" : {
				"type" : "Point",
				"coordinates" : [ 153.3484037424, -29.3888960953 ]
			},
			"properties" : {
				"ASSET_OWNER" : "Clarence Valley Council",
				"BOAT_RAMP_ID" : 531,
				"DESCRIPTION" : "The Anchorage - Clarence River",
				"CONTACT_NUMBER" : "02 6643 0200",
				"STREET" : "Marandowie Drive",
				"SUBURB" : "Iluka",
				"WATERWAY" : "Clarence River",
				"STATE" : "NSW",
				"POSTCODE" : 2466,
				"NO_OF_RAMP_LANE" : "1",
				"CAR_TRAILER_SPACE" : "0-10",
				"WATERWAY_ACCESS" : "Shallow At Times",
				"CONDITION" : "Poor",
				"CONSTRUCTION_MATERIAL" : "Unsealed",
				"BBQ" : "No",
				"FEE_PAYABLE" : "No",
				"FISH_CLEAN_TABLE" : "No",
				"FUEL" : "No",
				"KIOSK" : "No",
				"LIGHTING" : "No",
				"TOILET" : "No",
				"WASTE_BIN" : "No",
				"RAMP_PONTOON" : "No",
				"PONTOON_JETTY_NEARBY" : "No"
			}
		},
		{
			"type" : "Feature",
			"geometry" : {
				"type" : "Point",
				"coordinates" : [ 153.3447425956, -29.4351820496 ]
			},
			"properties" : {
				"ASSET_OWNER" : "Clarence Valley Council",
				"BOAT_RAMP_ID" : 625,
				"DESCRIPTION" : "Yamba Boat Ramp (East Of Fishing Club Ramp)",
				"CONTACT_NUMBER" : "02 6643 0200",
				"STREET" : "Yamba Road",
				"SUBURB" : "Yamba",
				"WATERWAY" : "Clarence River",
				"STATE" : "NSW",
				"POSTCODE" : 2464,
				"NO_OF_RAMP_LANE" : "1",
				"CAR_TRAILER_SPACE" : "0-10",
				"WATERWAY_ACCESS" : "All Times",
				"CONDITION" : "Fair",
				"CONSTRUCTION_MATERIAL" : "Concrete",
				"BBQ" : "No",
				"FEE_PAYABLE" : "No",
				"FISH_CLEAN_TABLE" : "No",
				"FUEL" : "Yes",
				"KIOSK" : "Yes",
				"LIGHTING" : "Yes",
				"TOILET" : "No",
				"WASTE_BIN" : "No",
				"RAMP_PONTOON" : "No",
				"PONTOON_JETTY_NEARBY" : "No"
			}
		},
		{
			"type" : "Feature",
			"geometry" : {
				"type" : "Point",
				"coordinates" : [ 153.3039210546, -29.3803291425 ]
			},
			"properties" : {
				"ASSET_OWNER" : "Clarence Valley Council",
				"BOAT_RAMP_ID" : 648,
				"DESCRIPTION" : "Goodwood Island nr Wharf",
				"CONTACT_NUMBER" : "02 6643 0200",
				"STREET" : "Goodwood Island Road",
				"SUBURB" : "Goodwood Island",
				"WATERWAY" : "Clarence River",
				"STATE" : "NSW",
				"POSTCODE" : 2469,
				"NO_OF_RAMP_LANE" : "1",
				"CAR_TRAILER_SPACE" : "0-10",
				"WATERWAY_ACCESS" : "All Times",
				"CONDITION" : "Poor",
				"CONSTRUCTION_MATERIAL" : "Unsealed",
				"BBQ" : "No",
				"FEE_PAYABLE" : "No",
				"FISH_CLEAN_TABLE" : "No",
				"FUEL" : "No",
				"KIOSK" : "No",
				"LIGHTING" : "No",
				"TOILET" : "No",
				"WASTE_BIN" : "No",
				"RAMP_PONTOON" : "No",
				"PONTOON_JETTY_NEARBY" : "No"
			}
		},
		{
			"type" : "Feature",
			"geometry" : {
				"type" : "Point",
				"coordinates" : [ 153.1960063807, -29.4659157759 ]
			},
			"properties" : {
				"ASSET_OWNER" : "Clarence Valley Council",
				"BOAT_RAMP_ID" : 651,
				"DESCRIPTION" : "Lawrence Road, Maclean (Woodford Is.)",
				"CONTACT_NUMBER" : "02 6643 0200",
				"STREET" : "Lawrence Road",
				"SUBURB" : "Maclean",
				"WATERWAY" : "Clarence River",
				"STATE" : "NSW",
				"POSTCODE" : 2463,
				"NO_OF_RAMP_LANE" : "1",
				"CAR_TRAILER_SPACE" : "0-10",
				"WATERWAY_ACCESS" : "All Times",
				"CONDITION" : "Poor",
				"CONSTRUCTION_MATERIAL" : "Unsealed",
				"BBQ" : "No",
				"FEE_PAYABLE" : "No",
				"FISH_CLEAN_TABLE" : "No",
				"FUEL" : "No",
				"KIOSK" : "No",
				"LIGHTING" : "No",
				"TOILET" : "No",
				"WASTE_BIN" : "No",
				"RAMP_PONTOON" : "No",
				"PONTOON_JETTY_NEARBY" : "No"
			}
		},
		{
			"type" : "Feature",
			"geometry" : {
				"type" : "Point",
				"coordinates" : [ 153.3421686299, -29.4779799413 ]
			},
			"properties" : {
				"ASSET_OWNER" : "Clarence Valley Council",
				"BOAT_RAMP_ID" : 615,
				"DESCRIPTION" : "Wooloweyah",
				"CONTACT_NUMBER" : "02 6643 0200",
				"STREET" : "Lakes Boulevard",
				"SUBURB" : "Wooloweyah",
				"WATERWAY" : "Wooloweyah Lagoon",
				"STATE" : "NSW",
				"POSTCODE" : 2464,
				"NO_OF_RAMP_LANE" : "1",
				"CAR_TRAILER_SPACE" : "0-10",
				"WATERWAY_ACCESS" : "Shallow At Times",
				"CONDITION" : "Poor",
				"CONSTRUCTION_MATERIAL" : "Unsealed",
				"BBQ" : "No",
				"FEE_PAYABLE" : "No",
				"FISH_CLEAN_TABLE" : "No",
				"FUEL" : "No",
				"KIOSK" : "No",
				"LIGHTING" : "No",
				"TOILET" : "No",
				"WASTE_BIN" : "No",
				"RAMP_PONTOON" : "No",
				"PONTOON_JETTY_NEARBY" : "No"
			}
		},
		{
			"type" : "Feature",
			"geometry" : {
				"type" : "Point",
				"coordinates" : [ 149.7410775423, -36.4922088605 ]
			},
			"properties" : {
				"ASSET_OWNER" : "Bega Valley Shire Council",
				"BOAT_RAMP_ID" : 70,
				"DESCRIPTION" : "Brogo Dam Boat Ramp",
				"CONTACT_NUMBER" : "02 6499 2222",
				"STREET" : "Brogo Dam Road",
				"SUBURB" : "Brogo",
				"WATERWAY" : "Brogo Dam / Brogo River",
				"STATE" : "NSW",
				"POSTCODE" : 2550,
				"NO_OF_RAMP_LANE" : "1",
				"CAR_TRAILER_SPACE" : "0-10",
				"WATERWAY_ACCESS" : "Shallow At Times",
				"CONDITION" : "Poor",
				"CONSTRUCTION_MATERIAL" : "Concrete",
				"BBQ" : "Yes",
				"FEE_PAYABLE" : "No",
				"FISH_CLEAN_TABLE" : "No",
				"FUEL" : "No",
				"KIOSK" : "No",
				"LIGHTING" : "No",
				"TOILET" : "Yes",
				"WASTE_BIN" : "Yes",
				"RAMP_PONTOON" : "No",
				"PONTOON_JETTY_NEARBY" : "No"
			}
		},
		{
			"type" : "Feature",
			"geometry" : {
				"type" : "Point",
				"coordinates" : [ 146.0484831578, -36.003288009 ]
			},
			"properties" : {
				"ASSET_OWNER" : "Moira Shire Council",
				"BOAT_RAMP_ID" : 607,
				"DESCRIPTION" : "Woodlands Ramp",
				"CONTACT_NUMBER" : "03 5871 9222",
				"STREET" : "Hogans Road",
				"SUBURB" : "Yarrawonga",
				"WATERWAY" : "Lake Mulwala",
				"STATE" : "VIC",
				"POSTCODE" : 2850,
				"NO_OF_RAMP_LANE" : "2",
				"CAR_TRAILER_SPACE" : "0-10",
				"WATERWAY_ACCESS" : "All Times",
				"CONDITION" : "Good",
				"CONSTRUCTION_MATERIAL" : "Concrete",
				"BBQ" : "Yes",
				"FEE_PAYABLE" : "No",
				"FISH_CLEAN_TABLE" : "No",
				"FUEL" : "No",
				"KIOSK" : "No",
				"LIGHTING" : "No",
				"TOILET" : "No",
				"WASTE_BIN" : "No",
				"RAMP_PONTOON" : "No",
				"PONTOON_JETTY_NEARBY" : "No"
			}
		},
		{
			"type" : "Feature",
			"geometry" : {
				"type" : "Point",
				"coordinates" : [ 153.5653258789, -28.3919787368 ]
			},
			"properties" : {
				"ASSET_OWNER" : "Tweed Shire Council",
				"BOAT_RAMP_ID" : 360,
				"DESCRIPTION" : "Phillip Street Boat Ramp",
				"CONTACT_NUMBER" : "02 6626 7000",
				"STREET" : "Phillip Street",
				"SUBURB" : "Pottsville",
				"WATERWAY" : "Mooball Creek",
				"STATE" : "NSW",
				"POSTCODE" : 2489,
				"NO_OF_RAMP_LANE" : "1",
				"CAR_TRAILER_SPACE" : "0-10",
				"WATERWAY_ACCESS" : "Shallow At Times",
				"CONDITION" : "Good",
				"CONSTRUCTION_MATERIAL" : "Concrete",
				"BBQ" : "No",
				"FEE_PAYABLE" : "No",
				"FISH_CLEAN_TABLE" : "No",
				"FUEL" : "No",
				"KIOSK" : "No",
				"LIGHTING" : "Yes",
				"TOILET" : "No",
				"WASTE_BIN" : "No",
				"RAMP_PONTOON" : "No",
				"PONTOON_JETTY_NEARBY" : "No"
			}
		},
		{
			"type" : "Feature",
			"geometry" : {
				"type" : "Point",
				"coordinates" : [ 151.565750073, -33.1750257629 ]
			},
			"properties" : {
				"ASSET_OWNER" : "Central Coast Council",
				"BOAT_RAMP_ID" : 101,
				"DESCRIPTION" : "Chain Valley Bay Boat Ramp",
				"CONTACT_NUMBER" : "02 4306 7900",
				"STREET" : "Lloyd Avenue",
				"SUBURB" : "Chain Valley Bay",
				"WATERWAY" : "Lake Macquarie",
				"STATE" : "NSW",
				"POSTCODE" : 2259,
				"NO_OF_RAMP_LANE" : "1",
				"CAR_TRAILER_SPACE" : "0-10",
				"WATERWAY_ACCESS" : "Shallow At Times",
				"CONDITION" : "Good",
				"CONSTRUCTION_MATERIAL" : "Concrete",
				"BBQ" : "Yes",
				"FEE_PAYABLE" : "No",
				"FISH_CLEAN_TABLE" : "No",
				"FUEL" : "No",
				"KIOSK" : "No",
				"LIGHTING" : "Yes",
				"TOILET" : "Yes",
				"WASTE_BIN" : "Yes",
				"RAMP_PONTOON" : "No",
				"PONTOON_JETTY_NEARBY" : "Yes"
			}
		},
		{
			"type" : "Feature",
			"geometry" : {
				"type" : "Point",
				"coordinates" : [ 151.5876930308, -33.1314067423 ]
			},
			"properties" : {
				"ASSET_OWNER" : "Central Coast Council",
				"BOAT_RAMP_ID" : 149,
				"DESCRIPTION" : "Diamond Drill Point",
				"CONTACT_NUMBER" : "02 4306 7900",
				"STREET" : "Garema Road",
				"SUBURB" : "Gwandalan",
				"WATERWAY" : "Lake Macquarie",
				"STATE" : "NSW",
				"POSTCODE" : 2259,
				"NO_OF_RAMP_LANE" : "1",
				"CAR_TRAILER_SPACE" : "0-10",
				"WATERWAY_ACCESS" : "All Times",
				"CONDITION" : "Fair",
				"CONSTRUCTION_MATERIAL" : "Concrete",
				"BBQ" : "No",
				"FEE_PAYABLE" : "No",
				"FISH_CLEAN_TABLE" : "No",
				"FUEL" : "No",
				"KIOSK" : "No",
				"LIGHTING" : "No",
				"TOILET" : "Yes",
				"WASTE_BIN" : "Yes",
				"RAMP_PONTOON" : "No",
				"PONTOON_JETTY_NEARBY" : "No"
			}
		},
		{
			"type" : "Feature",
			"geometry" : {
				"type" : "Point",
				"coordinates" : [ 151.5654464355, -33.1357266592 ]
			},
			"properties" : {
				"ASSET_OWNER" : "Central Coast Council",
				"BOAT_RAMP_ID" : 200,
				"DESCRIPTION" : "Summerland Point Reserve Boat Ramp",
				"CONTACT_NUMBER" : "02 4306 7900",
				"STREET" : "Kullaroo Road",
				"SUBURB" : "Summerland Point",
				"WATERWAY" : "Lake Macquarie",
				"STATE" : "NSW",
				"POSTCODE" : 2259,
				"NO_OF_RAMP_LANE" : "1",
				"CAR_TRAILER_SPACE" : "0-10",
				"WATERWAY_ACCESS" : "Shallow At Times",
				"CONDITION" : "Poor",
				"CONSTRUCTION_MATERIAL" : "Concrete",
				"BBQ" : "Yes",
				"FEE_PAYABLE" : "No",
				"FISH_CLEAN_TABLE" : "No",
				"FUEL" : "Yes",
				"KIOSK" : "No",
				"LIGHTING" : "No",
				"TOILET" : "Yes",
				"WASTE_BIN" : "No",
				"RAMP_PONTOON" : "No",
				"PONTOON_JETTY_NEARBY" : "Yes"
			}
		},
		{
			"type" : "Feature",
			"geometry" : {
				"type" : "Point",
				"coordinates" : [ 148.9300293481, -34.8308409881 ]
			},
			"properties" : {
				"ASSET_OWNER" : "Yass Valley Council",
				"BOAT_RAMP_ID" : 630,
				"DESCRIPTION" : "Yass River Boat Ramp",
				"CONTACT_NUMBER" : "02 6226 1477",
				"STREET" : "Meehan Street",
				"SUBURB" : "Yass",
				"WATERWAY" : "Yass Riiver",
				"STATE" : "NSW",
				"POSTCODE" : 2582,
				"NO_OF_RAMP_LANE" : "1",
				"CAR_TRAILER_SPACE" : "0-10",
				"WATERWAY_ACCESS" : "All Times",
				"CONDITION" : "Good",
				"CONSTRUCTION_MATERIAL" : "Concrete",
				"BBQ" : "No",
				"FEE_PAYABLE" : "No",
				"FISH_CLEAN_TABLE" : "No",
				"FUEL" : "No",
				"KIOSK" : "No",
				"LIGHTING" : "No",
				"TOILET" : "No",
				"WASTE_BIN" : "No",
				"RAMP_PONTOON" : "No",
				"PONTOON_JETTY_NEARBY" : "No"
			}
		},
		{
			"type" : "Feature",
			"geometry" : {
				"type" : "Point",
				"coordinates" : [ 150.0534870657, -36.3825782879 ]
			},
			"properties" : {
				"ASSET_OWNER" : "Bega Valley Shire Council",
				"BOAT_RAMP_ID" : 175,
				"DESCRIPTION" : "Fairhaven Point Boat Ramp",
				"CONTACT_NUMBER" : "02 6499 2222",
				"STREET" : "Fairhaven Point Road",
				"SUBURB" : "Fairhaven Point",
				"WATERWAY" : "Wallaga Lake",
				"STATE" : "NSW",
				"POSTCODE" : 2546,
				"NO_OF_RAMP_LANE" : "1",
				"CAR_TRAILER_SPACE" : "0-11",
				"WATERWAY_ACCESS" : "Shallow At Times",
				"CONDITION" : "Poor",
				"CONSTRUCTION_MATERIAL" : "Unsealed",
				"BBQ" : "No",
				"FEE_PAYABLE" : "No",
				"FISH_CLEAN_TABLE" : "No",
				"FUEL" : "No",
				"KIOSK" : "No",
				"LIGHTING" : "No",
				"TOILET" : "No",
				"WASTE_BIN" : "No",
				"RAMP_PONTOON" : "No",
				"PONTOON_JETTY_NEARBY" : "No"
			}
		},
		{
			"type" : "Feature",
			"geometry" : {
				"type" : "Point",
				"coordinates" : [ 152.9814753806, -30.981888545 ]
			},
			"properties" : {
				"ASSET_OWNER" : "Kempsey Shire Council",
				"BOAT_RAMP_ID" : 662,
				"DESCRIPTION" : "Summer Island\r Boat Ramp",
				"CONTACT_NUMBER" : "02 6566 3200",
				"STREET" : "Summer Island Road\r",
				"SUBURB" : "Summer Island",
				"WATERWAY" : "Macleay River",
				"STATE" : "NSW",
				"POSTCODE" : 2440,
				"NO_OF_RAMP_LANE" : "1",
				"CAR_TRAILER_SPACE" : "0-2",
				"WATERWAY_ACCESS" : "All Times",
				"CONDITION" : "Poor",
				"CONSTRUCTION_MATERIAL" : "Unsealed",
				"BBQ" : "No",
				"FEE_PAYABLE" : "No",
				"FISH_CLEAN_TABLE" : "No",
				"FUEL" : "No",
				"KIOSK" : "No",
				"LIGHTING" : "No",
				"TOILET" : "No",
				"WASTE_BIN" : "No",
				"RAMP_PONTOON" : "No",
				"PONTOON_JETTY_NEARBY" : "No"
			}
		},
		{
			"type" : "Feature",
			"geometry" : {
				"type" : "Point",
				"coordinates" : [ 151.6218632638, -32.7239525191 ]
			},
			"properties" : {
				"ASSET_OWNER" : "Maitland City Council",
				"BOAT_RAMP_ID" : 364,
				"DESCRIPTION" : "Morpeth Boat Ramp",
				"CONTACT_NUMBER" : "02 4934 9700",
				"STREET" : "Queens Wharf Road",
				"SUBURB" : "Morpeth",
				"WATERWAY" : "Hunter River",
				"STATE" : "NSW",
				"POSTCODE" : 2321,
				"NO_OF_RAMP_LANE" : "2",
				"CAR_TRAILER_SPACE" : "0-30",
				"WATERWAY_ACCESS" : "Shallow At Times",
				"CONDITION" : "Good",
				"CONSTRUCTION_MATERIAL" : "Concrete",
				"BBQ" : "No",
				"FEE_PAYABLE" : "No",
				"FISH_CLEAN_TABLE" : "Yes",
				"FUEL" : "No",
				"KIOSK" : "Yes",
				"LIGHTING" : "No",
				"TOILET" : "Yes",
				"WASTE_BIN" : "Yes",
				"RAMP_PONTOON" : "Yes",
				"PONTOON_JETTY_NEARBY" : "Yes"
			}
		},
		{
			"type" : "Feature",
			"geometry" : {
				"type" : "Point",
				"coordinates" : [ 152.9786468504, -31.1872057102 ]
			},
			"properties" : {
				"ASSET_OWNER" : "Kempsey Shire Council",
				"BOAT_RAMP_ID" : 266,
				"DESCRIPTION" : "Killick Creek\r Boat Ramp",
				"CONTACT_NUMBER" : "02 6566 3200",
				"STREET" : "Reserve Road",
				"SUBURB" : "Crescent Head\r\n",
				"WATERWAY" : "Killick Creek",
				"STATE" : "NSW",
				"POSTCODE" : 2440,
				"NO_OF_RAMP_LANE" : "2",
				"CAR_TRAILER_SPACE" : "0-5",
				"WATERWAY_ACCESS" : "Shallow At Times",
				"CONDITION" : "Fair",
				"CONSTRUCTION_MATERIAL" : "Concrete",
				"BBQ" : "Yes",
				"FEE_PAYABLE" : "No",
				"FISH_CLEAN_TABLE" : "Yes",
				"FUEL" : "No",
				"KIOSK" : "No",
				"LIGHTING" : "Yes",
				"TOILET" : "Yes",
				"WASTE_BIN" : "Yes",
				"RAMP_PONTOON" : "No",
				"PONTOON_JETTY_NEARBY" : "No"
			}
		},
		{
			"type" : "Feature",
			"geometry" : {
				"type" : "Point",
				"coordinates" : [ 153.0163196899, -30.8959365277 ]
			},
			"properties" : {
				"ASSET_OWNER" : "Kempsey Shire Council",
				"BOAT_RAMP_ID" : 383,
				"DESCRIPTION" : "Mattys Flat \rBoat Ramp",
				"CONTACT_NUMBER" : "02 6566 3200",
				"STREET" : "New Entrance Road\r",
				"SUBURB" : "South West Rocks",
				"WATERWAY" : "Macleay River",
				"STATE" : "NSW",
				"POSTCODE" : 2431,
				"NO_OF_RAMP_LANE" : "2",
				"CAR_TRAILER_SPACE" : "10-20",
				"WATERWAY_ACCESS" : "All Times",
				"CONDITION" : "Good",
				"CONSTRUCTION_MATERIAL" : "Concrete",
				"BBQ" : "No",
				"FEE_PAYABLE" : "No",
				"FISH_CLEAN_TABLE" : "Yes",
				"FUEL" : "Yes",
				"KIOSK" : "Yes",
				"LIGHTING" : "Yes",
				"TOILET" : "Yes",
				"WASTE_BIN" : "Yes",
				"RAMP_PONTOON" : "Yes",
				"PONTOON_JETTY_NEARBY" : "No"
			}
		},
		{
			"type" : "Feature",
			"geometry" : {
				"type" : "Point",
				"coordinates" : [ 152.881445116, -31.0403960379 ]
			},
			"properties" : {
				"ASSET_OWNER" : "Kempsey Shire Council",
				"BOAT_RAMP_ID" : 417,
				"DESCRIPTION" : "Pola Creek Boat Ramp",
				"CONTACT_NUMBER" : "02 6566 3200",
				"STREET" : "Frederickton Ferry Road ",
				"SUBURB" : "Frederickton\r\n",
				"WATERWAY" : "Macleay River",
				"STATE" : "NSW",
				"POSTCODE" : 2440,
				"NO_OF_RAMP_LANE" : "1",
				"CAR_TRAILER_SPACE" : "1-10",
				"WATERWAY_ACCESS" : "All Times",
				"CONDITION" : "Poor",
				"CONSTRUCTION_MATERIAL" : "Unsealed",
				"BBQ" : "No",
				"FEE_PAYABLE" : "No",
				"FISH_CLEAN_TABLE" : "No",
				"FUEL" : "No",
				"KIOSK" : "No",
				"LIGHTING" : "No",
				"TOILET" : "No",
				"WASTE_BIN" : "No",
				"RAMP_PONTOON" : "No",
				"PONTOON_JETTY_NEARBY" : "No"
			}
		},
		{
			"type" : "Feature",
			"geometry" : {
				"type" : "Point",
				"coordinates" : [ 143.1459010024, -34.7146610137 ]
			},
			"properties" : {
				"ASSET_OWNER" : "Balranald Shire Council",
				"BOAT_RAMP_ID" : 61,
				"DESCRIPTION" : "Boundary Bend Boat Ramp ",
				"CONTACT_NUMBER" : "03 5020 1300",
				"STREET" : "Murray Valley Highway",
				"SUBURB" : "Boundary Bend",
				"WATERWAY" : "Murray River",
				"STATE" : "VIC",
				"POSTCODE" : 3599,
				"NO_OF_RAMP_LANE" : "1",
				"CAR_TRAILER_SPACE" : "11-20",
				"WATERWAY_ACCESS" : "All Times",
				"CONDITION" : "Good",
				"CONSTRUCTION_MATERIAL" : "Concrete",
				"BBQ" : "No",
				"FEE_PAYABLE" : "No",
				"FISH_CLEAN_TABLE" : "No",
				"FUEL" : "No",
				"KIOSK" : "No",
				"LIGHTING" : "No",
				"TOILET" : "No",
				"WASTE_BIN" : "No",
				"RAMP_PONTOON" : "No",
				"PONTOON_JETTY_NEARBY" : "No"
			}
		},
		{
			"type" : "Feature",
			"geometry" : {
				"type" : "Point",
				"coordinates" : [ 150.9744035487, -33.9155506873 ]
			},
			"properties" : {
				"ASSET_OWNER" : "Canterbury-Bankstown Council",
				"BOAT_RAMP_ID" : 430,
				"DESCRIPTION" : "Rabaul Road",
				"CONTACT_NUMBER" : "02 9707 9000",
				"STREET" : "Rabaul Road",
				"SUBURB" : "Georges Hall",
				"WATERWAY" : "Georges River",
				"STATE" : "NSW",
				"POSTCODE" : 2198,
				"NO_OF_RAMP_LANE" : "2",
				"CAR_TRAILER_SPACE" : "11-20",
				"WATERWAY_ACCESS" : "All Times",
				"CONDITION" : "Good",
				"CONSTRUCTION_MATERIAL" : "Concrete",
				"BBQ" : "Yes",
				"FEE_PAYABLE" : "No",
				"FISH_CLEAN_TABLE" : "No",
				"FUEL" : "No",
				"KIOSK" : "No",
				"LIGHTING" : "Yes",
				"TOILET" : "Yes",
				"WASTE_BIN" : "Yes",
				"RAMP_PONTOON" : "Yes",
				"PONTOON_JETTY_NEARBY" : "No"
			}
		},
		{
			"type" : "Feature",
			"geometry" : {
				"type" : "Point",
				"coordinates" : [ 150.0648356866, -36.4251409029 ]
			},
			"properties" : {
				"ASSET_OWNER" : "Bega Valley Shire Council",
				"BOAT_RAMP_ID" : 68,
				"DESCRIPTION" : "Bermagui River Park Boat Ramp (Bridge)",
				"CONTACT_NUMBER" : "02 6499 2222",
				"STREET" : "Bridge Street",
				"SUBURB" : "Bermagui",
				"WATERWAY" : "Bermagui River",
				"STATE" : "NSW",
				"POSTCODE" : 2546,
				"NO_OF_RAMP_LANE" : "2",
				"CAR_TRAILER_SPACE" : "11-20",
				"WATERWAY_ACCESS" : "Shallow At Times",
				"CONDITION" : "Fair",
				"CONSTRUCTION_MATERIAL" : "Concrete",
				"BBQ" : "No",
				"FEE_PAYABLE" : "No",
				"FISH_CLEAN_TABLE" : "Yes",
				"FUEL" : "Yes",
				"KIOSK" : "No",
				"LIGHTING" : "No",
				"TOILET" : "Yes",
				"WASTE_BIN" : "Yes",
				"RAMP_PONTOON" : "No",
				"PONTOON_JETTY_NEARBY" : "No"
			}
		},
		{
			"type" : "Feature",
			"geometry" : {
				"type" : "Point",
				"coordinates" : [ 150.0626804836, -36.3785159802 ]
			},
			"properties" : {
				"ASSET_OWNER" : "Bega Valley Shire Council",
				"BOAT_RAMP_ID" : 26,
				"DESCRIPTION" : "Beauty Point Boat Ramp",
				"CONTACT_NUMBER" : "02 6499 2222",
				"STREET" : "Beauty Point Road",
				"SUBURB" : "Beauty Point",
				"WATERWAY" : "Wallaga Lake",
				"STATE" : "NSW",
				"POSTCODE" : 2546,
				"NO_OF_RAMP_LANE" : "2",
				"CAR_TRAILER_SPACE" : "11-20",
				"WATERWAY_ACCESS" : "Shallow At Times",
				"CONDITION" : "Fair",
				"CONSTRUCTION_MATERIAL" : "Unsealed",
				"BBQ" : "No",
				"FEE_PAYABLE" : "No",
				"FISH_CLEAN_TABLE" : "No",
				"FUEL" : "No",
				"KIOSK" : "No",
				"LIGHTING" : "No",
				"TOILET" : "Yes",
				"WASTE_BIN" : "Yes",
				"RAMP_PONTOON" : "Yes",
				"PONTOON_JETTY_NEARBY" : "Yes"
			}
		},
		{
			"type" : "Feature",
			"geometry" : {
				"type" : "Point",
				"coordinates" : [ 149.9182793188, -37.2505924801 ]
			},
			"properties" : {
				"ASSET_OWNER" : "Bega Valley Shire Council",
				"BOAT_RAMP_ID" : 375,
				"DESCRIPTION" : "Wonboyn Lake Boat Ramp",
				"CONTACT_NUMBER" : "02 6499 2222",
				"STREET" : "Wonboyn Road",
				"SUBURB" : "Wonboyn",
				"WATERWAY" : "Wonboyn Lake",
				"STATE" : "NSW",
				"POSTCODE" : 2551,
				"NO_OF_RAMP_LANE" : "1",
				"CAR_TRAILER_SPACE" : "11-20",
				"WATERWAY_ACCESS" : "All Times",
				"CONDITION" : "Good",
				"CONSTRUCTION_MATERIAL" : "Concrete",
				"BBQ" : "Yes",
				"FEE_PAYABLE" : "No",
				"FISH_CLEAN_TABLE" : "Yes",
				"FUEL" : "No",
				"KIOSK" : "No",
				"LIGHTING" : "Yes",
				"TOILET" : "Yes",
				"WASTE_BIN" : "Yes",
				"RAMP_PONTOON" : "Yes",
				"PONTOON_JETTY_NEARBY" : "Yes"
			}
		},
		{
			"type" : "Feature",
			"geometry" : {
				"type" : "Point",
				"coordinates" : [ 153.5441415229, -28.533966165 ]
			},
			"properties" : {
				"ASSET_OWNER" : "Byron Shire Council",
				"BOAT_RAMP_ID" : 75,
				"DESCRIPTION" : "Brunswick Heads Boat Ramp",
				"CONTACT_NUMBER" : "02 6626 7000",
				"STREET" : "Old Pacific Highway",
				"SUBURB" : "Brunswick Heads",
				"WATERWAY" : "Brunswick River",
				"STATE" : "NSW",
				"POSTCODE" : 2483,
				"NO_OF_RAMP_LANE" : "2",
				"CAR_TRAILER_SPACE" : "11-20",
				"WATERWAY_ACCESS" : "All Times",
				"CONDITION" : "Good",
				"CONSTRUCTION_MATERIAL" : "Concrete",
				"BBQ" : "Yes",
				"FEE_PAYABLE" : "No",
				"FISH_CLEAN_TABLE" : "Yes",
				"FUEL" : "No",
				"KIOSK" : "No",
				"LIGHTING" : "Yes",
				"TOILET" : "No",
				"WASTE_BIN" : "Yes",
				"RAMP_PONTOON" : "Yes",
				"PONTOON_JETTY_NEARBY" : "Yes"
			}
		},
		{
			"type" : "Feature",
			"geometry" : {
				"type" : "Point",
				"coordinates" : [ 153.2652057546, -29.8840599341 ]
			},
			"properties" : {
				"ASSET_OWNER" : "Clarence Valley Council",
				"BOAT_RAMP_ID" : 609,
				"DESCRIPTION" : "Wool River, Lower Ramp",
				"CONTACT_NUMBER" : "02 6643 0200",
				"STREET" : "Wooli Road",
				"SUBURB" : "Wooli",
				"WATERWAY" : "Wool River",
				"STATE" : "NSW",
				"POSTCODE" : 2462,
				"NO_OF_RAMP_LANE" : "2",
				"CAR_TRAILER_SPACE" : "11-20",
				"WATERWAY_ACCESS" : "High Tide Only",
				"CONDITION" : "Good",
				"CONSTRUCTION_MATERIAL" : "Concrete",
				"BBQ" : "No",
				"FEE_PAYABLE" : "No",
				"FISH_CLEAN_TABLE" : "Yes",
				"FUEL" : "No",
				"KIOSK" : "No",
				"LIGHTING" : "Yes",
				"TOILET" : "No",
				"WASTE_BIN" : "Yes",
				"RAMP_PONTOON" : "No",
				"PONTOON_JETTY_NEARBY" : "No"
			}
		},
		{
			"type" : "Feature",
			"geometry" : {
				"type" : "Point",
				"coordinates" : [ 153.2387995936, -29.4277740755 ]
			},
			"properties" : {
				"ASSET_OWNER" : "Clarence Valley Council",
				"BOAT_RAMP_ID" : 226,
				"DESCRIPTION" : "Harwood - Clarence River",
				"CONTACT_NUMBER" : "02 6643 0200",
				"STREET" : "Martins Point Road",
				"SUBURB" : "Harwood",
				"WATERWAY" : "Clarence River",
				"STATE" : "NSW",
				"POSTCODE" : 2465,
				"NO_OF_RAMP_LANE" : "1",
				"CAR_TRAILER_SPACE" : "11-20",
				"WATERWAY_ACCESS" : "All Times",
				"CONDITION" : "Good",
				"CONSTRUCTION_MATERIAL" : "Concrete",
				"BBQ" : "No",
				"FEE_PAYABLE" : "No",
				"FISH_CLEAN_TABLE" : "Yes",
				"FUEL" : "No",
				"KIOSK" : "No",
				"LIGHTING" : "Yes",
				"TOILET" : "Yes",
				"WASTE_BIN" : "Yes",
				"RAMP_PONTOON" : "No",
				"PONTOON_JETTY_NEARBY" : "Yes"
			}
		},
		{
			"type" : "Feature",
			"geometry" : {
				"type" : "Point",
				"coordinates" : [ 153.2384010001, -29.4330697312 ]
			},
			"properties" : {
				"ASSET_OWNER" : "Clarence Valley Council",
				"BOAT_RAMP_ID" : 227,
				"DESCRIPTION" : "Harwood Bridge South - Clarence River",
				"CONTACT_NUMBER" : "02 6643 0200",
				"STREET" : "Yamba Road",
				"SUBURB" : "Maclean",
				"WATERWAY" : "Clarence River",
				"STATE" : "NSW",
				"POSTCODE" : 2463,
				"NO_OF_RAMP_LANE" : "1",
				"CAR_TRAILER_SPACE" : "11-20",
				"WATERWAY_ACCESS" : "All Times",
				"CONDITION" : "Good",
				"CONSTRUCTION_MATERIAL" : "Concrete",
				"BBQ" : "No",
				"FEE_PAYABLE" : "No",
				"FISH_CLEAN_TABLE" : "Yes",
				"FUEL" : "No",
				"KIOSK" : "No",
				"LIGHTING" : "Yes",
				"TOILET" : "Yes",
				"WASTE_BIN" : "Yes",
				"RAMP_PONTOON" : "No",
				"PONTOON_JETTY_NEARBY" : "No"
			}
		},
		{
			"type" : "Feature",
			"geometry" : {
				"type" : "Point",
				"coordinates" : [ 153.3192063879, -29.4219706762 ]
			},
			"properties" : {
				"ASSET_OWNER" : "Clarence Valley Council",
				"BOAT_RAMP_ID" : 644,
				"DESCRIPTION" : "Witonga Dr - Crystal Waters Reserve, Yamba",
				"CONTACT_NUMBER" : "02 6643 0200",
				"STREET" : "Witonga Drive",
				"SUBURB" : "Yamba",
				"WATERWAY" : "Clarence River (Oyster Channel)",
				"STATE" : "NSW",
				"POSTCODE" : 2464,
				"NO_OF_RAMP_LANE" : "2",
				"CAR_TRAILER_SPACE" : "11-20",
				"WATERWAY_ACCESS" : "All Times",
				"CONDITION" : "Good",
				"CONSTRUCTION_MATERIAL" : "Concrete",
				"BBQ" : "Yes",
				"FEE_PAYABLE" : "No",
				"FISH_CLEAN_TABLE" : "Yes",
				"FUEL" : "No",
				"KIOSK" : "No",
				"LIGHTING" : "Yes",
				"TOILET" : "Yes",
				"WASTE_BIN" : "Yes",
				"RAMP_PONTOON" : "Yes",
				"PONTOON_JETTY_NEARBY" : "Yes"
			}
		},
		{
			"type" : "Feature",
			"geometry" : {
				"type" : "Point",
				"coordinates" : [ 153.3597572179, -29.4330667446 ]
			},
			"properties" : {
				"ASSET_OWNER" : "Clarence Valley Council",
				"BOAT_RAMP_ID" : 235,
				"DESCRIPTION" : "Hickey Island, Yamba",
				"CONTACT_NUMBER" : "02 6643 0200",
				"STREET" : "Harbour Street",
				"SUBURB" : "Yamba",
				"WATERWAY" : "Clarence River (Yamba Bay)",
				"STATE" : "NSW",
				"POSTCODE" : 2464,
				"NO_OF_RAMP_LANE" : "1",
				"CAR_TRAILER_SPACE" : "11-20",
				"WATERWAY_ACCESS" : "All Times",
				"CONDITION" : "Fair",
				"CONSTRUCTION_MATERIAL" : "Concrete",
				"BBQ" : "Yes",
				"FEE_PAYABLE" : "No",
				"FISH_CLEAN_TABLE" : "Yes",
				"FUEL" : "No",
				"KIOSK" : "No",
				"LIGHTING" : "Yes",
				"TOILET" : "Yes",
				"WASTE_BIN" : "Yes",
				"RAMP_PONTOON" : "Yes",
				"PONTOON_JETTY_NEARBY" : "Yes"
			}
		},
		{
			"type" : "Feature",
			"geometry" : {
				"type" : "Point",
				"coordinates" : [ 151.3363872619, -33.5019490816 ]
			},
			"properties" : {
				"ASSET_OWNER" : "Central Coast Council",
				"BOAT_RAMP_ID" : 46,
				"DESCRIPTION" : "Blackwall Boat Ramp ",
				"CONTACT_NUMBER" : "02 4306 7900",
				"STREET" : "Orange Grove Road",
				"SUBURB" : "Blackwall",
				"WATERWAY" : "Brisbane Water",
				"STATE" : "NSW",
				"POSTCODE" : 2256,
				"NO_OF_RAMP_LANE" : "1",
				"CAR_TRAILER_SPACE" : "11-20",
				"WATERWAY_ACCESS" : "All Times",
				"CONDITION" : "Fair",
				"CONSTRUCTION_MATERIAL" : "Concrete",
				"BBQ" : "No",
				"FEE_PAYABLE" : "No",
				"FISH_CLEAN_TABLE" : "No",
				"FUEL" : "No",
				"KIOSK" : "No",
				"LIGHTING" : "Yes",
				"TOILET" : "No",
				"WASTE_BIN" : "No",
				"RAMP_PONTOON" : "No",
				"PONTOON_JETTY_NEARBY" : "Yes"
			}
		},
		{
			"type" : "Feature",
			"geometry" : {
				"type" : "Point",
				"coordinates" : [ 151.3586313736, -33.4865848132 ]
			},
			"properties" : {
				"ASSET_OWNER" : "Central Coast Council",
				"BOAT_RAMP_ID" : 147,
				"DESCRIPTION" : "Davistown Boat Ramp - Restella Avenue",
				"CONTACT_NUMBER" : "02 4306 7900",
				"STREET" : "Restella Avenue",
				"SUBURB" : "Davistown",
				"WATERWAY" : "Brisbane Water",
				"STATE" : "NSW",
				"POSTCODE" : 2251,
				"NO_OF_RAMP_LANE" : "1",
				"CAR_TRAILER_SPACE" : "11-20",
				"WATERWAY_ACCESS" : "All Times",
				"CONDITION" : "Good",
				"CONSTRUCTION_MATERIAL" : "Concrete",
				"BBQ" : "No",
				"FEE_PAYABLE" : "No",
				"FISH_CLEAN_TABLE" : "No",
				"FUEL" : "No",
				"KIOSK" : "No",
				"LIGHTING" : "Yes",
				"TOILET" : "Yes",
				"WASTE_BIN" : "No",
				"RAMP_PONTOON" : "No",
				"PONTOON_JETTY_NEARBY" : "Yes"
			}
		},
		{
			"type" : "Feature",
			"geometry" : {
				"type" : "Point",
				"coordinates" : [ 151.3531423759, -33.4847360854 ]
			},
			"properties" : {
				"ASSET_OWNER" : "Central Coast Council",
				"BOAT_RAMP_ID" : 314,
				"DESCRIPTION" : "Lintern Street Boat Ramp",
				"CONTACT_NUMBER" : "02 4306 7900",
				"STREET" : "Lintern Street",
				"SUBURB" : "Davistown",
				"WATERWAY" : "Brisbane Water",
				"STATE" : "NSW",
				"POSTCODE" : 2251,
				"NO_OF_RAMP_LANE" : "2",
				"CAR_TRAILER_SPACE" : "11-20",
				"WATERWAY_ACCESS" : "All Times",
				"CONDITION" : "Good",
				"CONSTRUCTION_MATERIAL" : "Concrete",
				"BBQ" : "No",
				"FEE_PAYABLE" : "No",
				"FISH_CLEAN_TABLE" : "Yes",
				"FUEL" : "No",
				"KIOSK" : "No",
				"LIGHTING" : "Yes",
				"TOILET" : "No",
				"WASTE_BIN" : "No",
				"RAMP_PONTOON" : "No",
				"PONTOON_JETTY_NEARBY" : "Yes"
			}
		},
		{
			"type" : "Feature",
			"geometry" : {
				"type" : "Point",
				"coordinates" : [ 151.2673807832, -33.5541982652 ]
			},
			"properties" : {
				"ASSET_OWNER" : "Central Coast Council",
				"BOAT_RAMP_ID" : 408,
				"DESCRIPTION" : "Patonga Creek Boat Ramp",
				"CONTACT_NUMBER" : "02 4306 7900",
				"STREET" : "Bay Street",
				"SUBURB" : "Patonga",
				"WATERWAY" : "Patonga Creek",
				"STATE" : "NSW",
				"POSTCODE" : 2256,
				"NO_OF_RAMP_LANE" : "1",
				"CAR_TRAILER_SPACE" : "11-20",
				"WATERWAY_ACCESS" : "Shallow At Times",
				"CONDITION" : "Good",
				"CONSTRUCTION_MATERIAL" : "Concrete",
				"BBQ" : "Yes",
				"FEE_PAYABLE" : "No",
				"FISH_CLEAN_TABLE" : "No",
				"FUEL" : "No",
				"KIOSK" : "No",
				"LIGHTING" : "No",
				"TOILET" : "Yes",
				"WASTE_BIN" : "No",
				"RAMP_PONTOON" : "No",
				"PONTOON_JETTY_NEARBY" : "No"
			}
		},
		{
			"type" : "Feature",
			"geometry" : {
				"type" : "Point",
				"coordinates" : [ 152.2064194083, -32.4137624 ]
			},
			"properties" : {
				"ASSET_OWNER" : "Mid-Coast Council",
				"BOAT_RAMP_ID" : 82,
				"DESCRIPTION" : "Bulahdelah Boat Ramp",
				"CONTACT_NUMBER" : "02 7955 7777",
				"STREET" : "Old Pacific Highway",
				"SUBURB" : "Bulahdelah",
				"WATERWAY" : "Myall River",
				"STATE" : "NSW",
				"POSTCODE" : 2423,
				"NO_OF_RAMP_LANE" : "1",
				"CAR_TRAILER_SPACE" : "11-20",
				"WATERWAY_ACCESS" : "All Times",
				"CONDITION" : "Good",
				"CONSTRUCTION_MATERIAL" : "Concrete",
				"BBQ" : "Yes",
				"FEE_PAYABLE" : "No",
				"FISH_CLEAN_TABLE" : "No",
				"FUEL" : "No",
				"KIOSK" : "No",
				"LIGHTING" : "Yes",
				"TOILET" : "No",
				"WASTE_BIN" : "Yes",
				"RAMP_PONTOON" : "No",
				"PONTOON_JETTY_NEARBY" : "Yes"
			}
		},
		{
			"type" : "Feature",
			"geometry" : {
				"type" : "Point",
				"coordinates" : [ 152.4690917367, -31.9099927788 ]
			},
			"properties" : {
				"ASSET_OWNER" : "Mid-Coast Council",
				"BOAT_RAMP_ID" : 165,
				"DESCRIPTION" : "Endeavour Place Boat Ramp",
				"CONTACT_NUMBER" : "02 7955 7777",
				"STREET" : "Endeavour Place",
				"SUBURB" : "Taree",
				"WATERWAY" : "Manning River",
				"STATE" : "NSW",
				"POSTCODE" : 2430,
				"NO_OF_RAMP_LANE" : "4",
				"CAR_TRAILER_SPACE" : "11-20",
				"WATERWAY_ACCESS" : "All Times",
				"CONDITION" : "Good",
				"CONSTRUCTION_MATERIAL" : "Concrete",
				"BBQ" : "Yes",
				"FEE_PAYABLE" : "No",
				"FISH_CLEAN_TABLE" : "Yes",
				"FUEL" : "No",
				"KIOSK" : "No",
				"LIGHTING" : "Yes",
				"TOILET" : "Yes",
				"WASTE_BIN" : "Yes",
				"RAMP_PONTOON" : "No",
				"PONTOON_JETTY_NEARBY" : "Yes"
			}
		},
		{
			"type" : "Feature",
			"geometry" : {
				"type" : "Point",
				"coordinates" : [ 152.6661751368, -31.8830278473 ]
			},
			"properties" : {
				"ASSET_OWNER" : "Mid-Coast Council",
				"BOAT_RAMP_ID" : 225,
				"DESCRIPTION" : "Harrington",
				"CONTACT_NUMBER" : "02 7955 7777",
				"STREET" : "Beach Street",
				"SUBURB" : "Harrington",
				"WATERWAY" : "Manning River",
				"STATE" : "NSW",
				"POSTCODE" : 2427,
				"NO_OF_RAMP_LANE" : "3",
				"CAR_TRAILER_SPACE" : "11-20",
				"WATERWAY_ACCESS" : "All Times",
				"CONDITION" : "Fair",
				"CONSTRUCTION_MATERIAL" : "Concrete",
				"BBQ" : "No",
				"FEE_PAYABLE" : "No",
				"FISH_CLEAN_TABLE" : "Yes",
				"FUEL" : "No",
				"KIOSK" : "No",
				"LIGHTING" : "No",
				"TOILET" : "Yes",
				"WASTE_BIN" : "Yes",
				"RAMP_PONTOON" : "Yes",
				"PONTOON_JETTY_NEARBY" : "Yes"
			}
		},
		{
			"type" : "Feature",
			"geometry" : {
				"type" : "Point",
				"coordinates" : [ 152.3817165577, -31.871252598 ]
			},
			"properties" : {
				"ASSET_OWNER" : "Mid-Coast Council",
				"BOAT_RAMP_ID" : 600,
				"DESCRIPTION" : "Wingham - Manning River",
				"CONTACT_NUMBER" : "02 7955 7777",
				"STREET" : "Farquhar Street",
				"SUBURB" : "Wingham",
				"WATERWAY" : "Manning River",
				"STATE" : "NSW",
				"POSTCODE" : 2429,
				"NO_OF_RAMP_LANE" : "2",
				"CAR_TRAILER_SPACE" : "11-20",
				"WATERWAY_ACCESS" : "All Times",
				"CONDITION" : "Good",
				"CONSTRUCTION_MATERIAL" : "Concrete",
				"BBQ" : "Yes",
				"FEE_PAYABLE" : "No",
				"FISH_CLEAN_TABLE" : "Yes",
				"FUEL" : "No",
				"KIOSK" : "No",
				"LIGHTING" : "No",
				"TOILET" : "Yes",
				"WASTE_BIN" : "Yes",
				"RAMP_PONTOON" : "Yes",
				"PONTOON_JETTY_NEARBY" : "Yes"
			}
		},
		{
			"type" : "Feature",
			"geometry" : {
				"type" : "Point",
				"coordinates" : [ 153.0561078235, -31.0549110323 ]
			},
			"properties" : {
				"ASSET_OWNER" : "Kempsey Shire Council",
				"BOAT_RAMP_ID" : 228,
				"DESCRIPTION" : "Hat Head\r Boat Ramp",
				"CONTACT_NUMBER" : "02 6566 3200",
				"STREET" : "Straight Street",
				"SUBURB" : "Hat Head\r\n",
				"WATERWAY" : "Korogoro Creek",
				"STATE" : "NSW",
				"POSTCODE" : 2440,
				"NO_OF_RAMP_LANE" : "2",
				"CAR_TRAILER_SPACE" : "11-20",
				"WATERWAY_ACCESS" : "Shallow At Times",
				"CONDITION" : "Good",
				"CONSTRUCTION_MATERIAL" : "Concrete",
				"BBQ" : "No",
				"FEE_PAYABLE" : "No",
				"FISH_CLEAN_TABLE" : "Yes",
				"FUEL" : "No",
				"KIOSK" : "No",
				"LIGHTING" : "Yes",
				"TOILET" : "Yes",
				"WASTE_BIN" : "Yes",
				"RAMP_PONTOON" : "No",
				"PONTOON_JETTY_NEARBY" : "No"
			}
		},
		{
			"type" : "Feature",
			"geometry" : {
				"type" : "Point",
				"coordinates" : [ 153.031032442, -30.8880433277 ]
			},
			"properties" : {
				"ASSET_OWNER" : "Kempsey Shire Council",
				"BOAT_RAMP_ID" : 14,
				"DESCRIPTION" : "Back Creek\r Boat Ramp",
				"CONTACT_NUMBER" : "02 6566 3200",
				"STREET" : "Boat Ramp Access Rd\r",
				"SUBURB" : "South West Rocks",
				"WATERWAY" : "South West Rocks Creek",
				"STATE" : "NSW",
				"POSTCODE" : 2431,
				"NO_OF_RAMP_LANE" : "2",
				"CAR_TRAILER_SPACE" : "11-20",
				"WATERWAY_ACCESS" : "All Times",
				"CONDITION" : "Fair",
				"CONSTRUCTION_MATERIAL" : "Concrete",
				"BBQ" : "No",
				"FEE_PAYABLE" : "No",
				"FISH_CLEAN_TABLE" : "Yes",
				"FUEL" : "No",
				"KIOSK" : "No",
				"LIGHTING" : "Yes",
				"TOILET" : "No",
				"WASTE_BIN" : "Yes",
				"RAMP_PONTOON" : "No",
				"PONTOON_JETTY_NEARBY" : "No"
			}
		},
		{
			"type" : "Feature",
			"geometry" : {
				"type" : "Point",
				"coordinates" : [ 151.5513152627, -33.0940154411 ]
			},
			"properties" : {
				"ASSET_OWNER" : "Lake Macquarie City Council",
				"BOAT_RAMP_ID" : 15,
				"DESCRIPTION" : "Balcolyn Hall Reserve Boat Ramp",
				"CONTACT_NUMBER" : "02 4921 0333",
				"STREET" : "Balcolyn Street",
				"SUBURB" : "Balcolyn",
				"WATERWAY" : "Lake Macquarie",
				"STATE" : "NSW",
				"POSTCODE" : 2264,
				"NO_OF_RAMP_LANE" : "2",
				"CAR_TRAILER_SPACE" : "11-20",
				"WATERWAY_ACCESS" : "All Times",
				"CONDITION" : "Good",
				"CONSTRUCTION_MATERIAL" : "Concrete",
				"BBQ" : "No",
				"FEE_PAYABLE" : "No",
				"FISH_CLEAN_TABLE" : "No",
				"FUEL" : "No",
				"KIOSK" : "No",
				"LIGHTING" : "Yes",
				"TOILET" : "Yes",
				"WASTE_BIN" : "Yes",
				"RAMP_PONTOON" : "No",
				"PONTOON_JETTY_NEARBY" : "No"
			}
		},
		{
			"type" : "Feature",
			"geometry" : {
				"type" : "Point",
				"coordinates" : [ 151.6077431358, -33.000874636 ]
			},
			"properties" : {
				"ASSET_OWNER" : "Lake Macquarie City Council",
				"BOAT_RAMP_ID" : 54,
				"DESCRIPTION" : "Bolton Point Boat Ramp",
				"CONTACT_NUMBER" : "02 4921 0333",
				"STREET" : "Middle Point Road",
				"SUBURB" : "Bolton Point",
				"WATERWAY" : "Lake Macquarie",
				"STATE" : "NSW",
				"POSTCODE" : 2283,
				"NO_OF_RAMP_LANE" : "1",
				"CAR_TRAILER_SPACE" : "11-20",
				"WATERWAY_ACCESS" : "All Times",
				"CONDITION" : "Good",
				"CONSTRUCTION_MATERIAL" : "Concrete",
				"BBQ" : "Yes",
				"FEE_PAYABLE" : "No",
				"FISH_CLEAN_TABLE" : "No",
				"FUEL" : "No",
				"KIOSK" : "No",
				"LIGHTING" : "No",
				"TOILET" : "Yes",
				"WASTE_BIN" : "Yes",
				"RAMP_PONTOON" : "No",
				"PONTOON_JETTY_NEARBY" : "Yes"
			}
		},
		{
			"type" : "Feature",
			"geometry" : {
				"type" : "Point",
				"coordinates" : [ 151.5224492148, -33.1070100106 ]
			},
			"properties" : {
				"ASSET_OWNER" : "Lake Macquarie City Council",
				"BOAT_RAMP_ID" : 55,
				"DESCRIPTION" : "Bonnells Bay Boat Ramp (Pendlebury Park)",
				"CONTACT_NUMBER" : "02 4921 0333",
				"STREET" : "Grand Parade",
				"SUBURB" : "Bonnells Bay",
				"WATERWAY" : "Lake Macquarie",
				"STATE" : "NSW",
				"POSTCODE" : 2264,
				"NO_OF_RAMP_LANE" : "2",
				"CAR_TRAILER_SPACE" : "11-20",
				"WATERWAY_ACCESS" : "All Times",
				"CONDITION" : "Good",
				"CONSTRUCTION_MATERIAL" : "Concrete",
				"BBQ" : "No",
				"FEE_PAYABLE" : "No",
				"FISH_CLEAN_TABLE" : "Yes",
				"FUEL" : "No",
				"KIOSK" : "No",
				"LIGHTING" : "Yes",
				"TOILET" : "Yes",
				"WASTE_BIN" : "Yes",
				"RAMP_PONTOON" : "No",
				"PONTOON_JETTY_NEARBY" : "No"
			}
		},
		{
			"type" : "Feature",
			"geometry" : {
				"type" : "Point",
				"coordinates" : [ 151.628406143, -33.088329111 ]
			},
			"properties" : {
				"ASSET_OWNER" : "Lake Macquarie City Council",
				"BOAT_RAMP_ID" : 65,
				"DESCRIPTION" : "Boyds Hole Boat Ramp",
				"CONTACT_NUMBER" : "02 4921 0333",
				"STREET" : "The Esplande",
				"SUBURB" : "Swansea",
				"WATERWAY" : "Lake Macquarie",
				"STATE" : "NSW",
				"POSTCODE" : 2281,
				"NO_OF_RAMP_LANE" : "2",
				"CAR_TRAILER_SPACE" : "11-20",
				"WATERWAY_ACCESS" : "All Times",
				"CONDITION" : "Good",
				"CONSTRUCTION_MATERIAL" : "Concrete",
				"BBQ" : "No",
				"FEE_PAYABLE" : "No",
				"FISH_CLEAN_TABLE" : "Yes",
				"FUEL" : "No",
				"KIOSK" : "No",
				"LIGHTING" : "No",
				"TOILET" : "No",
				"WASTE_BIN" : "Yes",
				"RAMP_PONTOON" : "No",
				"PONTOON_JETTY_NEARBY" : "Yes"
			}
		},
		{
			"type" : "Feature",
			"geometry" : {
				"type" : "Point",
				"coordinates" : [ 151.5318104834, -33.0832687505 ]
			},
			"properties" : {
				"ASSET_OWNER" : "Lake Macquarie City Council",
				"BOAT_RAMP_ID" : 150,
				"DESCRIPTION" : "Dora Creek Entrance Boat Ramp",
				"CONTACT_NUMBER" : "02 4921 0333",
				"STREET" : "Dora Street",
				"SUBURB" : "Dora Creek",
				"WATERWAY" : "Lake Macquarie",
				"STATE" : "NSW",
				"POSTCODE" : 2264,
				"NO_OF_RAMP_LANE" : "2",
				"CAR_TRAILER_SPACE" : "11-20",
				"WATERWAY_ACCESS" : "All Times",
				"CONDITION" : "Good",
				"CONSTRUCTION_MATERIAL" : "Concrete",
				"BBQ" : "No",
				"FEE_PAYABLE" : "No",
				"FISH_CLEAN_TABLE" : "Yes",
				"FUEL" : "No",
				"KIOSK" : "No",
				"LIGHTING" : "Yes",
				"TOILET" : "No",
				"WASTE_BIN" : "Yes",
				"RAMP_PONTOON" : "No",
				"PONTOON_JETTY_NEARBY" : "No"
			}
		},
		{
			"type" : "Feature",
			"geometry" : {
				"type" : "Point",
				"coordinates" : [ 151.5976851805, -32.9995766742 ]
			},
			"properties" : {
				"ASSET_OWNER" : "Lake Macquarie City Council",
				"BOAT_RAMP_ID" : 178,
				"DESCRIPTION" : "Fennell Bay Bridge Boat Ramp (Lions Park)",
				"CONTACT_NUMBER" : "02 4921 0333",
				"STREET" : "Anzac Parade",
				"SUBURB" : "Toronto",
				"WATERWAY" : "Lake Macquarie",
				"STATE" : "NSW",
				"POSTCODE" : 2283,
				"NO_OF_RAMP_LANE" : "1",
				"CAR_TRAILER_SPACE" : "11-20",
				"WATERWAY_ACCESS" : "Shallow At Times",
				"CONDITION" : "Good",
				"CONSTRUCTION_MATERIAL" : "Concrete",
				"BBQ" : "Yes",
				"FEE_PAYABLE" : "No",
				"FISH_CLEAN_TABLE" : "Yes",
				"FUEL" : "No",
				"KIOSK" : "No",
				"LIGHTING" : "Yes",
				"TOILET" : "Yes",
				"WASTE_BIN" : "Yes",
				"RAMP_PONTOON" : "No",
				"PONTOON_JETTY_NEARBY" : "No"
			}
		},
		{
			"type" : "Feature",
			"geometry" : {
				"type" : "Point",
				"coordinates" : [ 151.6198716966, -32.9772131658 ]
			},
			"properties" : {
				"ASSET_OWNER" : "Lake Macquarie City Council",
				"BOAT_RAMP_ID" : 343,
				"DESCRIPTION" : "Marmong Point",
				"CONTACT_NUMBER" : "02 4921 0333",
				"STREET" : "Nanda Street",
				"SUBURB" : "Marnomg Point",
				"WATERWAY" : "Lake Macquarie",
				"STATE" : "NSW",
				"POSTCODE" : 2284,
				"NO_OF_RAMP_LANE" : "1",
				"CAR_TRAILER_SPACE" : "11-20",
				"WATERWAY_ACCESS" : "All Times",
				"CONDITION" : "Good",
				"CONSTRUCTION_MATERIAL" : "Concrete",
				"BBQ" : "No",
				"FEE_PAYABLE" : "No",
				"FISH_CLEAN_TABLE" : "Yes",
				"FUEL" : "Yes",
				"KIOSK" : "Yes",
				"LIGHTING" : "Yes",
				"TOILET" : "No",
				"WASTE_BIN" : "Yes",
				"RAMP_PONTOON" : "No",
				"PONTOON_JETTY_NEARBY" : "No"
			}
		},
		{
			"type" : "Feature",
			"geometry" : {
				"type" : "Point",
				"coordinates" : [ 151.5487031886, -33.0898799111 ]
			},
			"properties" : {
				"ASSET_OWNER" : "Lake Macquarie City Council",
				"BOAT_RAMP_ID" : 470,
				"DESCRIPTION" : "Shingle Splitters Point",
				"CONTACT_NUMBER" : "02 4921 0333",
				"STREET" : "Queen Street",
				"SUBURB" : "Balcolyn",
				"WATERWAY" : "Lake Macquarie",
				"STATE" : "NSW",
				"POSTCODE" : 2264,
				"NO_OF_RAMP_LANE" : "1",
				"CAR_TRAILER_SPACE" : "11-20",
				"WATERWAY_ACCESS" : "All Times",
				"CONDITION" : "Fair",
				"CONSTRUCTION_MATERIAL" : "Concrete",
				"BBQ" : "Yes",
				"FEE_PAYABLE" : "No",
				"FISH_CLEAN_TABLE" : "No",
				"FUEL" : "No",
				"KIOSK" : "No",
				"LIGHTING" : "No",
				"TOILET" : "Yes",
				"WASTE_BIN" : "Yes",
				"RAMP_PONTOON" : "No",
				"PONTOON_JETTY_NEARBY" : "No"
			}
		},
		{
			"type" : "Feature",
			"geometry" : {
				"type" : "Point",
				"coordinates" : [ 151.5918899549, -33.0339303246 ]
			},
			"properties" : {
				"ASSET_OWNER" : "Lake Macquarie City Council",
				"BOAT_RAMP_ID" : 504,
				"DESCRIPTION" : "Styles Point",
				"CONTACT_NUMBER" : "02 4921 0333",
				"STREET" : "Overhill Road",
				"SUBURB" : "Rathmines",
				"WATERWAY" : "Lake Macquarie",
				"STATE" : "NSW",
				"POSTCODE" : 2267,
				"NO_OF_RAMP_LANE" : "2",
				"CAR_TRAILER_SPACE" : "11-20",
				"WATERWAY_ACCESS" : "All Times",
				"CONDITION" : "Good",
				"CONSTRUCTION_MATERIAL" : "Concrete",
				"BBQ" : "No",
				"FEE_PAYABLE" : "No",
				"FISH_CLEAN_TABLE" : "No",
				"FUEL" : "No",
				"KIOSK" : "No",
				"LIGHTING" : "Yes",
				"TOILET" : "Yes",
				"WASTE_BIN" : "Yes",
				"RAMP_PONTOON" : "Yes",
				"PONTOON_JETTY_NEARBY" : "Yes"
			}
		},
		{
			"type" : "Feature",
			"geometry" : {
				"type" : "Point",
				"coordinates" : [ 151.564064017, -33.1098251625 ]
			},
			"properties" : {
				"ASSET_OWNER" : "Lake Macquarie City Council",
				"BOAT_RAMP_ID" : 505,
				"DESCRIPTION" : "Sunshine",
				"CONTACT_NUMBER" : "02 4921 0333",
				"STREET" : "Sunshine Parade",
				"SUBURB" : "Sunshine",
				"WATERWAY" : "Lake Macquarie",
				"STATE" : "NSW",
				"POSTCODE" : 2264,
				"NO_OF_RAMP_LANE" : "1",
				"CAR_TRAILER_SPACE" : "11-20",
				"WATERWAY_ACCESS" : "All Times",
				"CONDITION" : "Good",
				"CONSTRUCTION_MATERIAL" : "Concrete",
				"BBQ" : "No",
				"FEE_PAYABLE" : "No",
				"FISH_CLEAN_TABLE" : "Yes",
				"FUEL" : "No",
				"KIOSK" : "No",
				"LIGHTING" : "Yes",
				"TOILET" : "Yes",
				"WASTE_BIN" : "Yes",
				"RAMP_PONTOON" : "No",
				"PONTOON_JETTY_NEARBY" : "No"
			}
		},
		{
			"type" : "Feature",
			"geometry" : {
				"type" : "Point",
				"coordinates" : [ 151.6293955509, -33.0107038459 ]
			},
			"properties" : {
				"ASSET_OWNER" : "Lake Macquarie City Council",
				"BOAT_RAMP_ID" : 563,
				"DESCRIPTION" : "Valentine",
				"CONTACT_NUMBER" : "02 4350 5555",
				"STREET" : "Dilkera Ave",
				"SUBURB" : "Valentine",
				"WATERWAY" : "Lake Macquarie",
				"STATE" : "NSW",
				"POSTCODE" : 2280,
				"NO_OF_RAMP_LANE" : "1",
				"CAR_TRAILER_SPACE" : "11-20",
				"WATERWAY_ACCESS" : "All Times",
				"CONDITION" : "Good",
				"CONSTRUCTION_MATERIAL" : "Concrete",
				"BBQ" : "Yes",
				"FEE_PAYABLE" : "No",
				"FISH_CLEAN_TABLE" : "No",
				"FUEL" : "No",
				"KIOSK" : "No",
				"LIGHTING" : "Yes",
				"TOILET" : "Yes",
				"WASTE_BIN" : "Yes",
				"RAMP_PONTOON" : "No",
				"PONTOON_JETTY_NEARBY" : "No"
			}
		},
		{
			"type" : "Feature",
			"geometry" : {
				"type" : "Point",
				"coordinates" : [ 151.6355801933, -32.9886953607 ]
			},
			"properties" : {
				"ASSET_OWNER" : "Lake Macquarie City Council",
				"BOAT_RAMP_ID" : 578,
				"DESCRIPTION" : "Eleebana Boat Ramp",
				"CONTACT_NUMBER" : "02 4921 0333",
				"STREET" : "Bareki Road",
				"SUBURB" : "Eleebana",
				"WATERWAY" : "Lake Macquarie",
				"STATE" : "NSW",
				"POSTCODE" : 2282,
				"NO_OF_RAMP_LANE" : "2",
				"CAR_TRAILER_SPACE" : "11-20",
				"WATERWAY_ACCESS" : "All Times",
				"CONDITION" : "Good",
				"CONSTRUCTION_MATERIAL" : "Concrete",
				"BBQ" : "Yes",
				"FEE_PAYABLE" : "No",
				"FISH_CLEAN_TABLE" : "Yes",
				"FUEL" : "No",
				"KIOSK" : "No",
				"LIGHTING" : "Yes",
				"TOILET" : "Yes",
				"WASTE_BIN" : "Yes",
				"RAMP_PONTOON" : "No",
				"PONTOON_JETTY_NEARBY" : "No"
			}
		},
		{
			"type" : "Feature",
			"geometry" : {
				"type" : "Point",
				"coordinates" : [ 151.653408531, -33.0494890316 ]
			},
			"properties" : {
				"ASSET_OWNER" : "Lake Macquarie City Council",
				"BOAT_RAMP_ID" : 637,
				"DESCRIPTION" : "Belmont Park Boat Ramp",
				"CONTACT_NUMBER" : "02 4921 0333",
				"STREET" : "Paley Cresent ",
				"SUBURB" : "Belmont South",
				"WATERWAY" : "Lake Macquarie",
				"STATE" : "NSW",
				"POSTCODE" : 2280,
				"NO_OF_RAMP_LANE" : "1",
				"CAR_TRAILER_SPACE" : "11-20",
				"WATERWAY_ACCESS" : "Shallow At Times",
				"CONDITION" : "Good",
				"CONSTRUCTION_MATERIAL" : "Concrete",
				"BBQ" : "No",
				"FEE_PAYABLE" : "No",
				"FISH_CLEAN_TABLE" : "Yes",
				"FUEL" : "No",
				"KIOSK" : "No",
				"LIGHTING" : "No",
				"TOILET" : "No",
				"WASTE_BIN" : "Yes",
				"RAMP_PONTOON" : "No",
				"PONTOON_JETTY_NEARBY" : "No"
			}
		},
		{
			"type" : "Feature",
			"geometry" : {
				"type" : "Point",
				"coordinates" : [ 150.0776228372, -33.5245088221 ]
			},
			"properties" : {
				"ASSET_OWNER" : "Lithgow City Council",
				"BOAT_RAMP_ID" : 293,
				"DESCRIPTION" : "Lake Lyell (Recreation Area)",
				"CONTACT_NUMBER" : "02 6354 9999",
				"STREET" : "Rydal Sodwalls Tarana Road",
				"SUBURB" : "Rydal",
				"WATERWAY" : "Lake Lyell",
				"STATE" : "NSW",
				"POSTCODE" : 2790,
				"NO_OF_RAMP_LANE" : "2",
				"CAR_TRAILER_SPACE" : "11-20",
				"WATERWAY_ACCESS" : "Shallow At Times",
				"CONDITION" : "Good",
				"CONSTRUCTION_MATERIAL" : "Concrete",
				"BBQ" : "Yes",
				"FEE_PAYABLE" : "Yes",
				"FISH_CLEAN_TABLE" : "No",
				"FUEL" : "No",
				"KIOSK" : "Yes",
				"LIGHTING" : "No",
				"TOILET" : "Yes",
				"WASTE_BIN" : "Yes",
				"RAMP_PONTOON" : "No",
				"PONTOON_JETTY_NEARBY" : "Yes"
			}
		},
		{
			"type" : "Feature",
			"geometry" : {
				"type" : "Point",
				"coordinates" : [ 150.2047504277, -32.8341754759 ]
			},
			"properties" : {
				"ASSET_OWNER" : "National Parks And Wildlife Services",
				"BOAT_RAMP_ID" : 155,
				"DESCRIPTION" : "Dunns Swamp (Wollemi National Park) Boat Ramp",
				"CONTACT_NUMBER" : "1300 072 757",
				"STREET" : "Narango Road",
				"SUBURB" : "Olinda\n(Wollemi National Park)",
				"WATERWAY" : "Cudgegong River",
				"STATE" : "NSW",
				"POSTCODE" : 2849,
				"NO_OF_RAMP_LANE" : "Informal",
				"CAR_TRAILER_SPACE" : "11-20",
				"WATERWAY_ACCESS" : "Shallow At Times",
				"CONDITION" : "Good",
				"CONSTRUCTION_MATERIAL" : "Unsealed",
				"BBQ" : "No",
				"FEE_PAYABLE" : "No",
				"FISH_CLEAN_TABLE" : "No",
				"FUEL" : "No",
				"KIOSK" : "No",
				"LIGHTING" : "No",
				"TOILET" : "Yes",
				"WASTE_BIN" : "Yes",
				"RAMP_PONTOON" : "No",
				"PONTOON_JETTY_NEARBY" : "No"
			}
		},
		{
			"type" : "Feature",
			"geometry" : {
				"type" : "Point",
				"coordinates" : [ 153.0683442263, -30.8764846343 ]
			},
			"properties" : {
				"ASSET_OWNER" : "National Parks And Wildlife Services",
				"BOAT_RAMP_ID" : 551,
				"DESCRIPTION" : "Trial Bay Boat Ramp",
				"CONTACT_NUMBER" : "1300 072 757",
				"STREET" : "Cardwell Street",
				"SUBURB" : "South West Rocks",
				"WATERWAY" : "Tasman Sea",
				"STATE" : "NSW",
				"POSTCODE" : 2431,
				"NO_OF_RAMP_LANE" : "1",
				"CAR_TRAILER_SPACE" : "11-20",
				"WATERWAY_ACCESS" : "Shallow At Times",
				"CONDITION" : "Good",
				"CONSTRUCTION_MATERIAL" : "Concrete",
				"BBQ" : "No",
				"FEE_PAYABLE" : "No",
				"FISH_CLEAN_TABLE" : "No",
				"FUEL" : "No",
				"KIOSK" : "No",
				"LIGHTING" : "No",
				"TOILET" : "Yes",
				"WASTE_BIN" : "Yes",
				"RAMP_PONTOON" : "No",
				"PONTOON_JETTY_NEARBY" : "No"
			}
		},
		{
			"type" : "Feature",
			"geometry" : {
				"type" : "Point",
				"coordinates" : [ 151.7834339829, -32.8831820747 ]
			},
			"properties" : {
				"ASSET_OWNER" : "Crown Lands",
				"BOAT_RAMP_ID" : 499,
				"DESCRIPTION" : "Stockton Bridge (West Side) Hunter River",
				"CONTACT_NUMBER" : "1300 886 235",
				"STREET" : "Greenleaf Road",
				"SUBURB" : "Kooragang",
				"WATERWAY" : "Hunter River",
				"STATE" : "NSW",
				"POSTCODE" : 2304,
				"NO_OF_RAMP_LANE" : "1",
				"CAR_TRAILER_SPACE" : "11-20",
				"WATERWAY_ACCESS" : "All Times",
				"CONDITION" : "Poor",
				"CONSTRUCTION_MATERIAL" : "Concrete",
				"BBQ" : "No",
				"FEE_PAYABLE" : "No",
				"FISH_CLEAN_TABLE" : "No",
				"FUEL" : "No",
				"KIOSK" : "No",
				"LIGHTING" : "Yes",
				"TOILET" : "No",
				"WASTE_BIN" : "No",
				"RAMP_PONTOON" : "No",
				"PONTOON_JETTY_NEARBY" : "No"
			}
		},
		{
			"type" : "Feature",
			"geometry" : {
				"type" : "Point",
				"coordinates" : [ 151.7857541543, -32.8999240662 ]
			},
			"properties" : {
				"ASSET_OWNER" : "Newcastle City Council",
				"BOAT_RAMP_ID" : 500,
				"DESCRIPTION" : "Stockton North",
				"CONTACT_NUMBER" : "02 4974 2000",
				"STREET" : "Booth Street",
				"SUBURB" : "Stockton",
				"WATERWAY" : "Hunter River",
				"STATE" : "NSW",
				"POSTCODE" : 2295,
				"NO_OF_RAMP_LANE" : "2",
				"CAR_TRAILER_SPACE" : "11-20",
				"WATERWAY_ACCESS" : "All Times",
				"CONDITION" : "Good",
				"CONSTRUCTION_MATERIAL" : "Concrete",
				"BBQ" : "No",
				"FEE_PAYABLE" : "No",
				"FISH_CLEAN_TABLE" : "Yes",
				"FUEL" : "No",
				"KIOSK" : "No",
				"LIGHTING" : "Yes",
				"TOILET" : "Yes",
				"WASTE_BIN" : "Yes",
				"RAMP_PONTOON" : "Yes",
				"PONTOON_JETTY_NEARBY" : "Yes"
			}
		},
		{
			"type" : "Feature",
			"geometry" : {
				"type" : "Point",
				"coordinates" : [ 151.7787640674, -32.9152933372 ]
			},
			"properties" : {
				"ASSET_OWNER" : "Newcastle City Council",
				"BOAT_RAMP_ID" : 501,
				"DESCRIPTION" : "Stockton South",
				"CONTACT_NUMBER" : "02 4974 2000",
				"STREET" : "Punt Road",
				"SUBURB" : "Stockton",
				"WATERWAY" : "Hunter River",
				"STATE" : "NSW",
				"POSTCODE" : 2295,
				"NO_OF_RAMP_LANE" : "2",
				"CAR_TRAILER_SPACE" : "11-20",
				"WATERWAY_ACCESS" : "All Times",
				"CONDITION" : "Good",
				"CONSTRUCTION_MATERIAL" : "Concrete",
				"BBQ" : "No",
				"FEE_PAYABLE" : "No",
				"FISH_CLEAN_TABLE" : "Yes",
				"FUEL" : "No",
				"KIOSK" : "No",
				"LIGHTING" : "Yes",
				"TOILET" : "No",
				"WASTE_BIN" : "Yes",
				"RAMP_PONTOON" : "Yes",
				"PONTOON_JETTY_NEARBY" : "Yes"
			}
		},
		{
			"type" : "Feature",
			"geometry" : {
				"type" : "Point",
				"coordinates" : [ 152.8864557384, -31.4208464663 ]
			},
			"properties" : {
				"ASSET_OWNER" : "Port Macquarie-Hastings Council",
				"BOAT_RAMP_ID" : 345,
				"DESCRIPTION" : "Mcinherney Park, Port Macquarie",
				"CONTACT_NUMBER" : "02 6581 8111",
				"STREET" : "River Park Road",
				"SUBURB" : "Port Macquarie",
				"WATERWAY" : "Hastings River",
				"STATE" : "NSW",
				"POSTCODE" : 2444,
				"NO_OF_RAMP_LANE" : "2",
				"CAR_TRAILER_SPACE" : "11-20",
				"WATERWAY_ACCESS" : "All Times",
				"CONDITION" : "Good",
				"CONSTRUCTION_MATERIAL" : "Concrete",
				"BBQ" : "Yes",
				"FEE_PAYABLE" : "No",
				"FISH_CLEAN_TABLE" : "Yes",
				"FUEL" : "No",
				"KIOSK" : "No",
				"LIGHTING" : "Yes",
				"TOILET" : "Yes",
				"WASTE_BIN" : "Yes",
				"RAMP_PONTOON" : "Yes",
				"PONTOON_JETTY_NEARBY" : "No"
			}
		},
		{
			"type" : "Feature",
			"geometry" : {
				"type" : "Point",
				"coordinates" : [ 152.8518548817, -31.4008101117 ]
			},
			"properties" : {
				"ASSET_OWNER" : "Port Macquarie-Hastings Council",
				"BOAT_RAMP_ID" : 44,
				"DESCRIPTION" : "Blackmans Point Boat Ramp",
				"CONTACT_NUMBER" : "02 6581 8111",
				"STREET" : "Blackmans Point Road",
				"SUBURB" : "Blackmans Point",
				"WATERWAY" : "Hastings River",
				"STATE" : "NSW",
				"POSTCODE" : 2444,
				"NO_OF_RAMP_LANE" : "1",
				"CAR_TRAILER_SPACE" : "11-20",
				"WATERWAY_ACCESS" : "Shallow At Times",
				"CONDITION" : "Poor",
				"CONSTRUCTION_MATERIAL" : "Concrete",
				"BBQ" : "No",
				"FEE_PAYABLE" : "No",
				"FISH_CLEAN_TABLE" : "No",
				"FUEL" : "No",
				"KIOSK" : "No",
				"LIGHTING" : "No",
				"TOILET" : "No",
				"WASTE_BIN" : "Yes",
				"RAMP_PONTOON" : "No",
				"PONTOON_JETTY_NEARBY" : "No"
			}
		},
		{
			"type" : "Feature",
			"geometry" : {
				"type" : "Point",
				"coordinates" : [ 150.6754656095, -34.8472714381 ]
			},
			"properties" : {
				"ASSET_OWNER" : "Shoalhaven City Council",
				"BOAT_RAMP_ID" : 60,
				"DESCRIPTION" : "Boughton Creek Boat Ramp",
				"CONTACT_NUMBER" : "1300 293 111",
				"STREET" : "Back Forest Road",
				"SUBURB" : "Back Forest",
				"WATERWAY" : "Broughton Creek",
				"STATE" : "NSW",
				"POSTCODE" : 2535,
				"NO_OF_RAMP_LANE" : "1",
				"CAR_TRAILER_SPACE" : "11-20",
				"WATERWAY_ACCESS" : "All Times",
				"CONDITION" : "Good",
				"CONSTRUCTION_MATERIAL" : "Unsealed",
				"BBQ" : "No",
				"FEE_PAYABLE" : "No",
				"FISH_CLEAN_TABLE" : "No",
				"FUEL" : "No",
				"KIOSK" : "No",
				"LIGHTING" : "No",
				"TOILET" : "No",
				"WASTE_BIN" : "No",
				"RAMP_PONTOON" : "No",
				"PONTOON_JETTY_NEARBY" : "No"
			}
		},
		{
			"type" : "Feature",
			"geometry" : {
				"type" : "Point",
				"coordinates" : [ 150.5010248142, -35.2695989905 ]
			},
			"properties" : {
				"ASSET_OWNER" : "Shoalhaven City Council",
				"BOAT_RAMP_ID" : 122,
				"DESCRIPTION" : "Conjola Beach Boat Ramp",
				"CONTACT_NUMBER" : "1300 293 111",
				"STREET" : "Lake Conjola Entrance Road",
				"SUBURB" : "Lake Conjola",
				"WATERWAY" : "Conjola Lake",
				"STATE" : "NSW",
				"POSTCODE" : 2539,
				"NO_OF_RAMP_LANE" : "1",
				"CAR_TRAILER_SPACE" : "11-20",
				"WATERWAY_ACCESS" : "Shallow At Times",
				"CONDITION" : "Fair",
				"CONSTRUCTION_MATERIAL" : "Concrete",
				"BBQ" : "Yes",
				"FEE_PAYABLE" : "No",
				"FISH_CLEAN_TABLE" : "Yes",
				"FUEL" : "No",
				"KIOSK" : "No",
				"LIGHTING" : "No",
				"TOILET" : "Yes",
				"WASTE_BIN" : "Yes",
				"RAMP_PONTOON" : "No",
				"PONTOON_JETTY_NEARBY" : "No"
			}
		},
		{
			"type" : "Feature",
			"geometry" : {
				"type" : "Point",
				"coordinates" : [ 150.4758018993, -35.3578320956 ]
			},
			"properties" : {
				"ASSET_OWNER" : "Shoalhaven City Council",
				"BOAT_RAMP_ID" : 561,
				"DESCRIPTION" : "Ulladulla - South Harbour",
				"CONTACT_NUMBER" : "1300 293 111",
				"STREET" : "Via Watson Street",
				"SUBURB" : "Ulladulla",
				"WATERWAY" : "Ulladulla Harbour",
				"STATE" : "NSW",
				"POSTCODE" : 2539,
				"NO_OF_RAMP_LANE" : "2",
				"CAR_TRAILER_SPACE" : "11-20",
				"WATERWAY_ACCESS" : "All Times",
				"CONDITION" : "Good",
				"CONSTRUCTION_MATERIAL" : "Concrete",
				"BBQ" : "No",
				"FEE_PAYABLE" : "No",
				"FISH_CLEAN_TABLE" : "No",
				"FUEL" : "No",
				"KIOSK" : "Yes",
				"LIGHTING" : "Yes",
				"TOILET" : "Yes",
				"WASTE_BIN" : "Yes",
				"RAMP_PONTOON" : "Yes",
				"PONTOON_JETTY_NEARBY" : "No"
			}
		},
		{
			"type" : "Feature",
			"geometry" : {
				"type" : "Point",
				"coordinates" : [ 150.7247021489, -35.0003905695 ]
			},
			"properties" : {
				"ASSET_OWNER" : "Shoalhaven City Council",
				"BOAT_RAMP_ID" : 583,
				"DESCRIPTION" : "Callala Bay Boat Ramp",
				"CONTACT_NUMBER" : "1300 293 111",
				"STREET" : "Watt Street",
				"SUBURB" : "Callala Bay",
				"WATERWAY" : "Jervis Bay",
				"STATE" : "NSW",
				"POSTCODE" : 2540,
				"NO_OF_RAMP_LANE" : "1",
				"CAR_TRAILER_SPACE" : "21-30",
				"WATERWAY_ACCESS" : "Shallow At Times",
				"CONDITION" : "Fair",
				"CONSTRUCTION_MATERIAL" : "Concrete",
				"BBQ" : "Yes",
				"FEE_PAYABLE" : "No",
				"FISH_CLEAN_TABLE" : "Yes",
				"FUEL" : "No",
				"KIOSK" : "No",
				"LIGHTING" : "Yes",
				"TOILET" : "Yes",
				"WASTE_BIN" : "Yes",
				"RAMP_PONTOON" : "Yes",
				"PONTOON_JETTY_NEARBY" : "No"
			}
		},
		{
			"type" : "Feature",
			"geometry" : {
				"type" : "Point",
				"coordinates" : [ 150.8241232769, -35.012879198 ]
			},
			"properties" : {
				"ASSET_OWNER" : "Shoalhaven City Council",
				"BOAT_RAMP_ID" : 624,
				"DESCRIPTION" : "Currarong Boat Ramp (Yalwal Street)",
				"CONTACT_NUMBER" : "1300 293 111",
				"STREET" : "Yalwal Street",
				"SUBURB" : "Currarong",
				"WATERWAY" : "Ocean",
				"STATE" : "NSW",
				"POSTCODE" : 2540,
				"NO_OF_RAMP_LANE" : "2",
				"CAR_TRAILER_SPACE" : "11-20",
				"WATERWAY_ACCESS" : "All Times",
				"CONDITION" : "Good",
				"CONSTRUCTION_MATERIAL" : "Concrete",
				"BBQ" : "Yes",
				"FEE_PAYABLE" : "No",
				"FISH_CLEAN_TABLE" : "No",
				"FUEL" : "No",
				"KIOSK" : "No",
				"LIGHTING" : "Yes",
				"TOILET" : "Yes",
				"WASTE_BIN" : "Yes",
				"RAMP_PONTOON" : "No",
				"PONTOON_JETTY_NEARBY" : "No"
			}
		},
		{
			"type" : "Feature",
			"geometry" : {
				"type" : "Point",
				"coordinates" : [ 150.7301332119, -34.8600026744 ]
			},
			"properties" : {
				"ASSET_OWNER" : "Shoalhaven City Council",
				"BOAT_RAMP_ID" : 472,
				"DESCRIPTION" : "Shoalhaven Heads - Hay Ave Ramp Shoalhaven River",
				"CONTACT_NUMBER" : "1300 293 111",
				"STREET" : "Hay Avenue",
				"SUBURB" : "Shoalhaven Heads",
				"WATERWAY" : "Shoalhaven River",
				"STATE" : "NSW",
				"POSTCODE" : 2535,
				"NO_OF_RAMP_LANE" : "1",
				"CAR_TRAILER_SPACE" : "11-20",
				"WATERWAY_ACCESS" : "Shallow At Times",
				"CONDITION" : "Fair",
				"CONSTRUCTION_MATERIAL" : "Concrete",
				"BBQ" : "No",
				"FEE_PAYABLE" : "No",
				"FISH_CLEAN_TABLE" : "Yes",
				"FUEL" : "No",
				"KIOSK" : "No",
				"LIGHTING" : "No",
				"TOILET" : "Yes",
				"WASTE_BIN" : "Yes",
				"RAMP_PONTOON" : "No",
				"PONTOON_JETTY_NEARBY" : "No"
			}
		},
		{
			"type" : "Feature",
			"geometry" : {
				"type" : "Point",
				"coordinates" : [ 150.7450930557, -34.8544086803 ]
			},
			"properties" : {
				"ASSET_OWNER" : "Shoalhaven City Council",
				"BOAT_RAMP_ID" : 473,
				"DESCRIPTION" : "Shoalhaven Heads - River Rd Ramp Shoalhaven River",
				"CONTACT_NUMBER" : "1300 293 111",
				"STREET" : "River Road",
				"SUBURB" : "Shoalhaven Heads",
				"WATERWAY" : "Shoalhaven River",
				"STATE" : "NSW",
				"POSTCODE" : 2535,
				"NO_OF_RAMP_LANE" : "1",
				"CAR_TRAILER_SPACE" : "11-20",
				"WATERWAY_ACCESS" : "All Times",
				"CONDITION" : "Good",
				"CONSTRUCTION_MATERIAL" : "Concrete",
				"BBQ" : "Yes",
				"FEE_PAYABLE" : "No",
				"FISH_CLEAN_TABLE" : "Yes",
				"FUEL" : "No",
				"KIOSK" : "No",
				"LIGHTING" : "Yes",
				"TOILET" : "Yes",
				"WASTE_BIN" : "Yes",
				"RAMP_PONTOON" : "Yes",
				"PONTOON_JETTY_NEARBY" : "No"
			}
		},
		{
			"type" : "Feature",
			"geometry" : {
				"type" : "Point",
				"coordinates" : [ 150.5965100371, -35.1008229293 ]
			},
			"properties" : {
				"ASSET_OWNER" : "Shoalhaven City Council",
				"BOAT_RAMP_ID" : 247,
				"DESCRIPTION" : "Island Point Boat Ramp",
				"CONTACT_NUMBER" : "1300 293 111",
				"STREET" : "Island Point Road",
				"SUBURB" : "St Georges Basin",
				"WATERWAY" : "St Georges Basin",
				"STATE" : "NSW",
				"POSTCODE" : 2540,
				"NO_OF_RAMP_LANE" : "3",
				"CAR_TRAILER_SPACE" : "11-20",
				"WATERWAY_ACCESS" : "Shallow At Times",
				"CONDITION" : "Good",
				"CONSTRUCTION_MATERIAL" : "Concrete",
				"BBQ" : "Yes",
				"FEE_PAYABLE" : "No",
				"FISH_CLEAN_TABLE" : "Yes",
				"FUEL" : "No",
				"KIOSK" : "Yes",
				"LIGHTING" : "Yes",
				"TOILET" : "Yes",
				"WASTE_BIN" : "Yes",
				"RAMP_PONTOON" : "No",
				"PONTOON_JETTY_NEARBY" : "Yes"
			}
		},
		{
			"type" : "Feature",
			"geometry" : {
				"type" : "Point",
				"coordinates" : [ 150.6398665691, -35.1144516241 ]
			},
			"properties" : {
				"ASSET_OWNER" : "Shoalhaven City Council",
				"BOAT_RAMP_ID" : 451,
				"DESCRIPTION" : "Sanctuary Point Boat Ramp (John Williams Reserve) ",
				"CONTACT_NUMBER" : "1300 293 111",
				"STREET" : "Sanctuary Point Road",
				"SUBURB" : "Sanctuary Point Road",
				"WATERWAY" : "St Georges Basin",
				"STATE" : "NSW",
				"POSTCODE" : 2540,
				"NO_OF_RAMP_LANE" : "2",
				"CAR_TRAILER_SPACE" : "21-30",
				"WATERWAY_ACCESS" : "All Times",
				"CONDITION" : "Good",
				"CONSTRUCTION_MATERIAL" : "Concrete",
				"BBQ" : "No",
				"FEE_PAYABLE" : "No",
				"FISH_CLEAN_TABLE" : "Yes",
				"FUEL" : "No",
				"KIOSK" : "No",
				"LIGHTING" : "Yes",
				"TOILET" : "Yes",
				"WASTE_BIN" : "Yes",
				"RAMP_PONTOON" : "Yes",
				"PONTOON_JETTY_NEARBY" : "No"
			}
		},
		{
			"type" : "Feature",
			"geometry" : {
				"type" : "Point",
				"coordinates" : [ 150.5903943375, -35.1718813823 ]
			},
			"properties" : {
				"ASSET_OWNER" : "Shoalhaven City Council",
				"BOAT_RAMP_ID" : 304,
				"DESCRIPTION" : "Lakehaven Drive Boat Ramp",
				"CONTACT_NUMBER" : "1300 293 111",
				"STREET" : "Lakehaven Drive",
				"SUBURB" : "Sussex Inlet",
				"WATERWAY" : "Sussex Inlet",
				"STATE" : "NSW",
				"POSTCODE" : 2540,
				"NO_OF_RAMP_LANE" : "4",
				"CAR_TRAILER_SPACE" : "11-20",
				"WATERWAY_ACCESS" : "All Times",
				"CONDITION" : "Good",
				"CONSTRUCTION_MATERIAL" : "Concrete",
				"BBQ" : "Yes",
				"FEE_PAYABLE" : "No",
				"FISH_CLEAN_TABLE" : "Yes",
				"FUEL" : "No",
				"KIOSK" : "No",
				"LIGHTING" : "Yes",
				"TOILET" : "Yes",
				"WASTE_BIN" : "Yes",
				"RAMP_PONTOON" : "Yes",
				"PONTOON_JETTY_NEARBY" : "Yes"
			}
		},
		{
			"type" : "Feature",
			"geometry" : {
				"type" : "Point",
				"coordinates" : [ 150.5951748323, -35.1688634894 ]
			},
			"properties" : {
				"ASSET_OWNER" : "Shoalhaven City Council",
				"BOAT_RAMP_ID" : 506,
				"DESCRIPTION" : "Sussex Road Boat Ramp ",
				"CONTACT_NUMBER" : "1300 293 111",
				"STREET" : "Sussex Road",
				"SUBURB" : "Sussex Inlet",
				"WATERWAY" : "Sussex Inlet",
				"STATE" : "NSW",
				"POSTCODE" : 2540,
				"NO_OF_RAMP_LANE" : "1",
				"CAR_TRAILER_SPACE" : "11-20",
				"WATERWAY_ACCESS" : "Shallow At Times",
				"CONDITION" : "Poor",
				"CONSTRUCTION_MATERIAL" : "Concrete",
				"BBQ" : "No",
				"FEE_PAYABLE" : "No",
				"FISH_CLEAN_TABLE" : "No",
				"FUEL" : "No",
				"KIOSK" : "Yes",
				"LIGHTING" : "No",
				"TOILET" : "Yes",
				"WASTE_BIN" : "Yes",
				"RAMP_PONTOON" : "No",
				"PONTOON_JETTY_NEARBY" : "No"
			}
		},
		{
			"type" : "Feature",
			"geometry" : {
				"type" : "Point",
				"coordinates" : [ 150.3831323031, -35.5581946409 ]
			},
			"properties" : {
				"ASSET_OWNER" : "Shoalhaven City Council",
				"BOAT_RAMP_ID" : 271,
				"DESCRIPTION" : "Kioloa Beach",
				"CONTACT_NUMBER" : "1300 293 111",
				"STREET" : "Kioloa",
				"SUBURB" : "Kioloa",
				"WATERWAY" : "Ocean - Tasman Sea",
				"STATE" : "NSW",
				"POSTCODE" : 2539,
				"NO_OF_RAMP_LANE" : "1",
				"CAR_TRAILER_SPACE" : "11-20",
				"WATERWAY_ACCESS" : "Shallow At Times",
				"CONDITION" : "Fair",
				"CONSTRUCTION_MATERIAL" : "Concrete",
				"BBQ" : "Yes",
				"FEE_PAYABLE" : "No",
				"FISH_CLEAN_TABLE" : "Yes",
				"FUEL" : "No",
				"KIOSK" : "No",
				"LIGHTING" : "Yes",
				"TOILET" : "Yes",
				"WASTE_BIN" : "Yes",
				"RAMP_PONTOON" : "No",
				"PONTOON_JETTY_NEARBY" : "No"
			}
		},
		{
			"type" : "Feature",
			"geometry" : {
				"type" : "Point",
				"coordinates" : [ 151.1124277868, -34.0050683791 ]
			},
			"properties" : {
				"ASSET_OWNER" : "Sutherland Shire Council",
				"BOAT_RAMP_ID" : 667,
				"DESCRIPTION" : "Tom Uglys Bridge Boat Ramp (Horse Rock Point)",
				"CONTACT_NUMBER" : "02 9710 0333",
				"STREET" : "Princes Highway",
				"SUBURB" : "Sylvania",
				"WATERWAY" : "Georges River",
				"STATE" : "NSW",
				"POSTCODE" : 2224,
				"NO_OF_RAMP_LANE" : "2",
				"CAR_TRAILER_SPACE" : "11-20",
				"WATERWAY_ACCESS" : "All Times",
				"CONDITION" : "Good",
				"CONSTRUCTION_MATERIAL" : "Concrete",
				"BBQ" : "No",
				"FEE_PAYABLE" : "No",
				"FISH_CLEAN_TABLE" : "No",
				"FUEL" : "No",
				"KIOSK" : "No",
				"LIGHTING" : "Yes",
				"TOILET" : "Yes",
				"WASTE_BIN" : "Yes",
				"RAMP_PONTOON" : "Yes",
				"PONTOON_JETTY_NEARBY" : "Yes"
			}
		},
		{
			"type" : "Feature",
			"geometry" : {
				"type" : "Point",
				"coordinates" : [ 151.150087415, -34.0553988178 ]
			},
			"properties" : {
				"ASSET_OWNER" : "Sutherland Shire Council",
				"BOAT_RAMP_ID" : 544,
				"DESCRIPTION" : "Tonkin Park - Cronulla",
				"CONTACT_NUMBER" : "02 9710 0333",
				"STREET" : "Tonkin St",
				"SUBURB" : "Cronulla",
				"WATERWAY" : "Port Hacking",
				"STATE" : "NSW",
				"POSTCODE" : 2230,
				"NO_OF_RAMP_LANE" : "1",
				"CAR_TRAILER_SPACE" : "11-20",
				"WATERWAY_ACCESS" : "Mid to High Tide Only",
				"CONDITION" : "Fair",
				"CONSTRUCTION_MATERIAL" : "Concrete",
				"BBQ" : "No",
				"FEE_PAYABLE" : "No",
				"FISH_CLEAN_TABLE" : "No",
				"FUEL" : "No",
				"KIOSK" : "No",
				"LIGHTING" : "Yes",
				"TOILET" : "Yes",
				"WASTE_BIN" : "Yes",
				"RAMP_PONTOON" : "Yes",
				"PONTOON_JETTY_NEARBY" : "No"
			}
		},
		{
			"type" : "Feature",
			"geometry" : {
				"type" : "Point",
				"coordinates" : [ 151.0502097106, -34.0185105067 ]
			},
			"properties" : {
				"ASSET_OWNER" : "Sutherland Shire Council",
				"BOAT_RAMP_ID" : 249,
				"DESCRIPTION" : "Burnum Burnum Sanctuary Boat Ramp",
				"CONTACT_NUMBER" : "02 9710 0333",
				"STREET" : "Menai Road",
				"SUBURB" : "Woronora",
				"WATERWAY" : "Woronora River",
				"STATE" : "NSW",
				"POSTCODE" : 2232,
				"NO_OF_RAMP_LANE" : "1",
				"CAR_TRAILER_SPACE" : "11-20",
				"WATERWAY_ACCESS" : "All Times",
				"CONDITION" : "Fair",
				"CONSTRUCTION_MATERIAL" : "Concrete",
				"BBQ" : "Yes",
				"FEE_PAYABLE" : "No",
				"FISH_CLEAN_TABLE" : "Yes",
				"FUEL" : "No",
				"KIOSK" : "No",
				"LIGHTING" : "Yes",
				"TOILET" : "Yes",
				"WASTE_BIN" : "Yes",
				"RAMP_PONTOON" : "Yes",
				"PONTOON_JETTY_NEARBY" : "No"
			}
		},
		{
			"type" : "Feature",
			"geometry" : {
				"type" : "Point",
				"coordinates" : [ 151.1077834644, -34.0480754491 ]
			},
			"properties" : {
				"ASSET_OWNER" : "Sutherland Shire Council",
				"BOAT_RAMP_ID" : 634,
				"DESCRIPTION" : "Yowie Bay Boat Ramp",
				"CONTACT_NUMBER" : "02 9710 0333",
				"STREET" : "Wonga Road",
				"SUBURB" : "Yowie Bay",
				"WATERWAY" : "Port Hacking",
				"STATE" : "NSW",
				"POSTCODE" : 2228,
				"NO_OF_RAMP_LANE" : "2",
				"CAR_TRAILER_SPACE" : "11-20",
				"WATERWAY_ACCESS" : "All Times",
				"CONDITION" : "Good",
				"CONSTRUCTION_MATERIAL" : "Concrete",
				"BBQ" : "No",
				"FEE_PAYABLE" : "No",
				"FISH_CLEAN_TABLE" : "No",
				"FUEL" : "No",
				"KIOSK" : "No",
				"LIGHTING" : "Yes",
				"TOILET" : "No",
				"WASTE_BIN" : "Yes",
				"RAMP_PONTOON" : "Yes",
				"PONTOON_JETTY_NEARBY" : "No"
			}
		},
		{
			"type" : "Feature",
			"geometry" : {
				"type" : "Point",
				"coordinates" : [ 153.3296590872, -29.4532328524 ]
			},
			"properties" : {
				"ASSET_OWNER" : "Clarence Valley Council",
				"BOAT_RAMP_ID" : 95,
				"DESCRIPTION" : "Carrs Drive Boat Ramp ",
				"CONTACT_NUMBER" : "02 6643 0200",
				"STREET" : "Carrs Drive",
				"SUBURB" : "Wooloweyah",
				"WATERWAY" : "Oyster Channel (Wooloweyah Lagoon)",
				"STATE" : "NSW",
				"POSTCODE" : 2464,
				"NO_OF_RAMP_LANE" : "1",
				"CAR_TRAILER_SPACE" : "11-20",
				"WATERWAY_ACCESS" : "Shallow At Times",
				"CONDITION" : "Poor",
				"CONSTRUCTION_MATERIAL" : "Unsealed",
				"BBQ" : "No",
				"FEE_PAYABLE" : "No",
				"FISH_CLEAN_TABLE" : "No",
				"FUEL" : "No",
				"KIOSK" : "No",
				"LIGHTING" : "No",
				"TOILET" : "No",
				"WASTE_BIN" : "No",
				"RAMP_PONTOON" : "No",
				"PONTOON_JETTY_NEARBY" : "No"
			}
		},
		{
			"type" : "Feature",
			"geometry" : {
				"type" : "Point",
				"coordinates" : [ 146.3795075745, -33.2956457582 ]
			},
			"properties" : {
				"ASSET_OWNER" : "Lachlan Shire Council",
				"BOAT_RAMP_ID" : 282,
				"DESCRIPTION" : "Lake Cargelligo (Bogan Street)",
				"CONTACT_NUMBER" : "02 6895 1900",
				"STREET" : "Bogan Street",
				"SUBURB" : "Lake Cargelligo",
				"WATERWAY" : "Lake Cargelligo",
				"STATE" : "NSW",
				"POSTCODE" : 2672,
				"NO_OF_RAMP_LANE" : "1",
				"CAR_TRAILER_SPACE" : "11-20",
				"WATERWAY_ACCESS" : "Shallow At Times",
				"CONDITION" : "Good",
				"CONSTRUCTION_MATERIAL" : "Concrete",
				"BBQ" : "Yes",
				"FEE_PAYABLE" : "No",
				"FISH_CLEAN_TABLE" : "No",
				"FUEL" : "No",
				"KIOSK" : "No",
				"LIGHTING" : "Yes",
				"TOILET" : "No",
				"WASTE_BIN" : "Yes",
				"RAMP_PONTOON" : "No",
				"PONTOON_JETTY_NEARBY" : "No"
			}
		},
		{
			"type" : "Feature",
			"geometry" : {
				"type" : "Point",
				"coordinates" : [ 148.5783012372, -29.5465113701 ]
			},
			"properties" : {
				"ASSET_OWNER" : "Walgett Shire Council",
				"BOAT_RAMP_ID" : 118,
				"DESCRIPTION" : "Collarenebri Boat Ramp",
				"CONTACT_NUMBER" : "02 6828 6100",
				"STREET" : "Walgett Street",
				"SUBURB" : "Collarenebri",
				"WATERWAY" : "Barwon River",
				"STATE" : "NSW",
				"POSTCODE" : 2833,
				"NO_OF_RAMP_LANE" : "1",
				"CAR_TRAILER_SPACE" : "11-20",
				"WATERWAY_ACCESS" : "Shallow At Times",
				"CONDITION" : "Good",
				"CONSTRUCTION_MATERIAL" : "Concrete",
				"BBQ" : "Yes",
				"FEE_PAYABLE" : "No",
				"FISH_CLEAN_TABLE" : "No",
				"FUEL" : "No",
				"KIOSK" : "No",
				"LIGHTING" : "No",
				"TOILET" : "No",
				"WASTE_BIN" : "Yes",
				"RAMP_PONTOON" : "Yes",
				"PONTOON_JETTY_NEARBY" : "No"
			}
		},
		{
			"type" : "Feature",
			"geometry" : {
				"type" : "Point",
				"coordinates" : [ 148.1207541254, -30.0160033367 ]
			},
			"properties" : {
				"ASSET_OWNER" : "Walgett Shire Council",
				"BOAT_RAMP_ID" : 569,
				"DESCRIPTION" : "Walgett Boat Ramp",
				"CONTACT_NUMBER" : "02 6828 6100",
				"STREET" : "Castlereagh Highway",
				"SUBURB" : "Walgett",
				"WATERWAY" : "Namoi River",
				"STATE" : "NSW",
				"POSTCODE" : 2832,
				"NO_OF_RAMP_LANE" : "1",
				"CAR_TRAILER_SPACE" : "11-20",
				"WATERWAY_ACCESS" : "Shallow At Times",
				"CONDITION" : "Good",
				"CONSTRUCTION_MATERIAL" : "Concrete",
				"BBQ" : "No",
				"FEE_PAYABLE" : "No",
				"FISH_CLEAN_TABLE" : "Yes",
				"FUEL" : "No",
				"KIOSK" : "No",
				"LIGHTING" : "No",
				"TOILET" : "No",
				"WASTE_BIN" : "Yes",
				"RAMP_PONTOON" : "No",
				"PONTOON_JETTY_NEARBY" : "No"
			}
		},
		{
			"type" : "Feature",
			"geometry" : {
				"type" : "Point",
				"coordinates" : [ 147.1843286824, -31.5580544091 ]
			},
			"properties" : {
				"ASSET_OWNER" : "Bogan Shire Council",
				"BOAT_RAMP_ID" : 395,
				"DESCRIPTION" : "Nyngan Boat Ramp - Bogan River",
				"CONTACT_NUMBER" : "02 6835 9000",
				"STREET" : "Rotary Park",
				"SUBURB" : "Nyngan",
				"WATERWAY" : "Bogan River",
				"STATE" : "NSW",
				"POSTCODE" : 2825,
				"NO_OF_RAMP_LANE" : "1",
				"CAR_TRAILER_SPACE" : "11-20",
				"WATERWAY_ACCESS" : "Shallow At Times",
				"CONDITION" : "Good",
				"CONSTRUCTION_MATERIAL" : "Concrete",
				"BBQ" : "No",
				"FEE_PAYABLE" : "No",
				"FISH_CLEAN_TABLE" : "No",
				"FUEL" : "No",
				"KIOSK" : "No",
				"LIGHTING" : "No",
				"TOILET" : "Yes",
				"WASTE_BIN" : "Yes",
				"RAMP_PONTOON" : "No",
				"PONTOON_JETTY_NEARBY" : "No"
			}
		},
		{
			"type" : "Feature",
			"geometry" : {
				"type" : "Point",
				"coordinates" : [ 141.9035782466, -34.0355894473 ]
			},
			"properties" : {
				"ASSET_OWNER" : "Wentworth Shire Council",
				"BOAT_RAMP_ID" : 418,
				"DESCRIPTION" : "Pomona , Darling River",
				"CONTACT_NUMBER" : "03 5027 5027",
				"STREET" : "Neilpo Street",
				"SUBURB" : "Pomona",
				"WATERWAY" : "Darling River",
				"STATE" : "NSW",
				"POSTCODE" : 2648,
				"NO_OF_RAMP_LANE" : "1",
				"CAR_TRAILER_SPACE" : "11-20",
				"WATERWAY_ACCESS" : "All Times",
				"CONDITION" : "Good",
				"CONSTRUCTION_MATERIAL" : "Concrete",
				"BBQ" : "No",
				"FEE_PAYABLE" : "No",
				"FISH_CLEAN_TABLE" : "No",
				"FUEL" : "No",
				"KIOSK" : "No",
				"LIGHTING" : "Yes",
				"TOILET" : "No",
				"WASTE_BIN" : "Yes",
				"RAMP_PONTOON" : "No",
				"PONTOON_JETTY_NEARBY" : "No"
			}
		},
		{
			"type" : "Feature",
			"geometry" : {
				"type" : "Point",
				"coordinates" : [ 141.9825627539, -34.1111113636 ]
			},
			"properties" : {
				"ASSET_OWNER" : "Wentworth Shire Council",
				"BOAT_RAMP_ID" : 143,
				"DESCRIPTION" : "Curlwaa Boat Ramp",
				"CONTACT_NUMBER" : "03 5027 5027",
				"STREET" : "Silver City Highway",
				"SUBURB" : "Curlwaa",
				"WATERWAY" : "Murray River",
				"STATE" : "NSW",
				"POSTCODE" : 2648,
				"NO_OF_RAMP_LANE" : "1",
				"CAR_TRAILER_SPACE" : "11-20",
				"WATERWAY_ACCESS" : "All Times",
				"CONDITION" : "Good",
				"CONSTRUCTION_MATERIAL" : "Concrete",
				"BBQ" : "No",
				"FEE_PAYABLE" : "No",
				"FISH_CLEAN_TABLE" : "No",
				"FUEL" : "No",
				"KIOSK" : "No",
				"LIGHTING" : "Yes",
				"TOILET" : "No",
				"WASTE_BIN" : "Yes",
				"RAMP_PONTOON" : "No",
				"PONTOON_JETTY_NEARBY" : "Yes"
			}
		},
		{
			"type" : "Feature",
			"geometry" : {
				"type" : "Point",
				"coordinates" : [ 142.0374761804, -34.0980525564 ]
			},
			"properties" : {
				"ASSET_OWNER" : "Wentworth Shire Council",
				"BOAT_RAMP_ID" : 144,
				"DESCRIPTION" : "Dareton Boat Ramp",
				"CONTACT_NUMBER" : "03 5027 5027",
				"STREET" : "Kookaburra Drive",
				"SUBURB" : "Dareton",
				"WATERWAY" : "Murray River",
				"STATE" : "NSW",
				"POSTCODE" : 2717,
				"NO_OF_RAMP_LANE" : "1",
				"CAR_TRAILER_SPACE" : "11-20",
				"WATERWAY_ACCESS" : "All Times",
				"CONDITION" : "Good",
				"CONSTRUCTION_MATERIAL" : "Concrete",
				"BBQ" : "No",
				"FEE_PAYABLE" : "No",
				"FISH_CLEAN_TABLE" : "No",
				"FUEL" : "No",
				"KIOSK" : "No",
				"LIGHTING" : "Yes",
				"TOILET" : "No",
				"WASTE_BIN" : "Yes",
				"RAMP_PONTOON" : "No",
				"PONTOON_JETTY_NEARBY" : "No"
			}
		},
		{
			"type" : "Feature",
			"geometry" : {
				"type" : "Point",
				"coordinates" : [ 142.2214843806, -34.1805765483 ]
			},
			"properties" : {
				"ASSET_OWNER" : "Wentworth Shire Council",
				"BOAT_RAMP_ID" : 205,
				"DESCRIPTION" : "James King Park Boat Ramp, Gol Gol - Murray River",
				"CONTACT_NUMBER" : "03 5027 5027",
				"STREET" : "Sturt Highway",
				"SUBURB" : "Gol Gol",
				"WATERWAY" : "Murray River",
				"STATE" : "NSW",
				"POSTCODE" : 2738,
				"NO_OF_RAMP_LANE" : "2",
				"CAR_TRAILER_SPACE" : "11-20",
				"WATERWAY_ACCESS" : "All Times",
				"CONDITION" : "Good",
				"CONSTRUCTION_MATERIAL" : "Concrete",
				"BBQ" : "Yes",
				"FEE_PAYABLE" : "No",
				"FISH_CLEAN_TABLE" : "No",
				"FUEL" : "No",
				"KIOSK" : "No",
				"LIGHTING" : "Yes",
				"TOILET" : "Yes",
				"WASTE_BIN" : "Yes",
				"RAMP_PONTOON" : "No",
				"PONTOON_JETTY_NEARBY" : "No"
			}
		},
		{
			"type" : "Feature",
			"geometry" : {
				"type" : "Point",
				"coordinates" : [ 141.9210515224, -34.1125022284 ]
			},
			"properties" : {
				"ASSET_OWNER" : "Wentworth Shire Council",
				"BOAT_RAMP_ID" : 590,
				"DESCRIPTION" : "Wentworth Hospital Boat Ramp",
				"CONTACT_NUMBER" : "03 5027 5027",
				"STREET" : "Silver City Highway",
				"SUBURB" : "Wentworth",
				"WATERWAY" : "Murray River",
				"STATE" : "NSW",
				"POSTCODE" : 2648,
				"NO_OF_RAMP_LANE" : "1",
				"CAR_TRAILER_SPACE" : "11-20",
				"WATERWAY_ACCESS" : "All Times",
				"CONDITION" : "Good",
				"CONSTRUCTION_MATERIAL" : "Concrete",
				"BBQ" : "No",
				"FEE_PAYABLE" : "No",
				"FISH_CLEAN_TABLE" : "No",
				"FUEL" : "No",
				"KIOSK" : "No",
				"LIGHTING" : "Yes",
				"TOILET" : "Yes",
				"WASTE_BIN" : "Yes",
				"RAMP_PONTOON" : "No",
				"PONTOON_JETTY_NEARBY" : "No"
			}
		},
		{
			"type" : "Feature",
			"geometry" : {
				"type" : "Point",
				"coordinates" : [ 141.9208292684, -34.108028064 ]
			},
			"properties" : {
				"ASSET_OWNER" : "Wentworth Shire Council",
				"BOAT_RAMP_ID" : 588,
				"DESCRIPTION" : "Wentworth Waterfront Boat Ramp, Darling River",
				"CONTACT_NUMBER" : "03 5027 5027",
				"STREET" : "Adelaide Street",
				"SUBURB" : "Wentworth",
				"WATERWAY" : "Darling River",
				"STATE" : "NSW",
				"POSTCODE" : 2648,
				"NO_OF_RAMP_LANE" : "1",
				"CAR_TRAILER_SPACE" : "11-20",
				"WATERWAY_ACCESS" : "All Times",
				"CONDITION" : "Good",
				"CONSTRUCTION_MATERIAL" : "Concrete",
				"BBQ" : "No",
				"FEE_PAYABLE" : "No",
				"FISH_CLEAN_TABLE" : "No",
				"FUEL" : "No",
				"KIOSK" : "No",
				"LIGHTING" : "No",
				"TOILET" : "Yes",
				"WASTE_BIN" : "Yes",
				"RAMP_PONTOON" : "No",
				"PONTOON_JETTY_NEARBY" : "Yes"
			}
		},
		{
			"type" : "Feature",
			"geometry" : {
				"type" : "Point",
				"coordinates" : [ 151.5656762163, -33.136407761 ]
			},
			"properties" : {
				"ASSET_OWNER" : "Central Coast Council",
				"BOAT_RAMP_ID" : 199,
				"DESCRIPTION" : "Summerland Point Reserve Boat Ramp",
				"CONTACT_NUMBER" : "02 4306 7900",
				"STREET" : "Kullaroo Road",
				"SUBURB" : "Summerland Point",
				"WATERWAY" : "Lake Macquarie",
				"STATE" : "NSW",
				"POSTCODE" : 2259,
				"NO_OF_RAMP_LANE" : "3",
				"CAR_TRAILER_SPACE" : "11-20",
				"WATERWAY_ACCESS" : "All Times",
				"CONDITION" : "Good",
				"CONSTRUCTION_MATERIAL" : "Concrete",
				"BBQ" : "Yes",
				"FEE_PAYABLE" : "No",
				"FISH_CLEAN_TABLE" : "Yes",
				"FUEL" : "Yes",
				"KIOSK" : "Yes",
				"LIGHTING" : "Yes",
				"TOILET" : "Yes",
				"WASTE_BIN" : "Yes",
				"RAMP_PONTOON" : "No",
				"PONTOON_JETTY_NEARBY" : "Yes"
			}
		},
		{
			"type" : "Feature",
			"geometry" : {
				"type" : "Point",
				"coordinates" : [ 151.5872627234, -33.1379485951 ]
			},
			"properties" : {
				"ASSET_OWNER" : "Central Coast Council",
				"BOAT_RAMP_ID" : 221,
				"DESCRIPTION" : "Gwandalan North (Koowong Road) Boat Ramp",
				"CONTACT_NUMBER" : "02 4306 7900",
				"STREET" : "Koowong Road",
				"SUBURB" : "Gwandalan",
				"WATERWAY" : "Lake Macquarie",
				"STATE" : "NSW",
				"POSTCODE" : 2259,
				"NO_OF_RAMP_LANE" : "1",
				"CAR_TRAILER_SPACE" : "11-20",
				"WATERWAY_ACCESS" : "Shallow At Times",
				"CONDITION" : "Fair",
				"CONSTRUCTION_MATERIAL" : "Concrete",
				"BBQ" : "Yes",
				"FEE_PAYABLE" : "No",
				"FISH_CLEAN_TABLE" : "No",
				"FUEL" : "No",
				"KIOSK" : "No",
				"LIGHTING" : "No",
				"TOILET" : "Yes",
				"WASTE_BIN" : "Yes",
				"RAMP_PONTOON" : "Yes",
				"PONTOON_JETTY_NEARBY" : "Yes"
			}
		},
		{
			"type" : "Feature",
			"geometry" : {
				"type" : "Point",
				"coordinates" : [ 151.5892742973, -33.1480949707 ]
			},
			"properties" : {
				"ASSET_OWNER" : "Central Coast Council",
				"BOAT_RAMP_ID" : 222,
				"DESCRIPTION" : "Gamban Road Boat Ramp",
				"CONTACT_NUMBER" : "02 4306 7900",
				"STREET" : "Gamban Road",
				"SUBURB" : "Gwandalan",
				"WATERWAY" : "Lake Macquarie",
				"STATE" : "NSW",
				"POSTCODE" : 2259,
				"NO_OF_RAMP_LANE" : "2",
				"CAR_TRAILER_SPACE" : "11-20",
				"WATERWAY_ACCESS" : "All Times",
				"CONDITION" : "Good",
				"CONSTRUCTION_MATERIAL" : "Concrete",
				"BBQ" : "Yes",
				"FEE_PAYABLE" : "No",
				"FISH_CLEAN_TABLE" : "Yes",
				"FUEL" : "No",
				"KIOSK" : "No",
				"LIGHTING" : "Yes",
				"TOILET" : "Yes",
				"WASTE_BIN" : "Yes",
				"RAMP_PONTOON" : "Yes",
				"PONTOON_JETTY_NEARBY" : "Yes"
			}
		},
		{
			"type" : "Feature",
			"geometry" : {
				"type" : "Point",
				"coordinates" : [ 152.8415553598, -31.0832592364 ]
			},
			"properties" : {
				"ASSET_OWNER" : "Kempsey Shire Council",
				"BOAT_RAMP_ID" : 438,
				"DESCRIPTION" : "Riverside Park\r Boat Ramp",
				"CONTACT_NUMBER" : "02 6566 3200",
				"STREET" : "Austral Street",
				"SUBURB" : "Kempsey",
				"WATERWAY" : "Macleay River",
				"STATE" : "NSW",
				"POSTCODE" : 2440,
				"NO_OF_RAMP_LANE" : "2",
				"CAR_TRAILER_SPACE" : "20-30",
				"WATERWAY_ACCESS" : "All Times",
				"CONDITION" : "Good",
				"CONSTRUCTION_MATERIAL" : "Concrete",
				"BBQ" : "Yes",
				"FEE_PAYABLE" : "No",
				"FISH_CLEAN_TABLE" : "No",
				"FUEL" : "No",
				"KIOSK" : "No",
				"LIGHTING" : "No",
				"TOILET" : "Yes",
				"WASTE_BIN" : "Yes",
				"RAMP_PONTOON" : "No",
				"PONTOON_JETTY_NEARBY" : "Yes"
			}
		},
		{
			"type" : "Feature",
			"geometry" : {
				"type" : "Point",
				"coordinates" : [ 149.6337986731, -33.5637945577 ]
			},
			"properties" : {
				"ASSET_OWNER" : "Bathurst Regional Council",
				"BOAT_RAMP_ID" : 32,
				"DESCRIPTION" : "Ben Chifley Dam Boat Ramp",
				"CONTACT_NUMBER" : "02 6333 6111",
				"STREET" : "Chifley Dam Road",
				"SUBURB" : "The Lagoon",
				"WATERWAY" : "Chifley Dam",
				"STATE" : "NSW",
				"POSTCODE" : 2795,
				"NO_OF_RAMP_LANE" : "1",
				"CAR_TRAILER_SPACE" : "21-50",
				"WATERWAY_ACCESS" : "Shallow At Times",
				"CONDITION" : "Good",
				"CONSTRUCTION_MATERIAL" : "Concrete",
				"BBQ" : "Yes",
				"FEE_PAYABLE" : "No",
				"FISH_CLEAN_TABLE" : "Yes",
				"FUEL" : "No",
				"KIOSK" : "No",
				"LIGHTING" : "Yes",
				"TOILET" : "Yes",
				"WASTE_BIN" : "Yes",
				"RAMP_PONTOON" : "No",
				"PONTOON_JETTY_NEARBY" : "No"
			}
		},
		{
			"type" : "Feature",
			"geometry" : {
				"type" : "Point",
				"coordinates" : [ 149.9765628025, -36.7005970854 ]
			},
			"properties" : {
				"ASSET_OWNER" : "Bega Valley Shire Council",
				"BOAT_RAMP_ID" : 359,
				"DESCRIPTION" : "Mogareeka Boat Ramp",
				"CONTACT_NUMBER" : "02 6499 2222",
				"STREET" : "Tathra-Bermagui Road",
				"SUBURB" : "Mogareeka",
				"WATERWAY" : "Bega River",
				"STATE" : "NSW",
				"POSTCODE" : 2550,
				"NO_OF_RAMP_LANE" : "2",
				"CAR_TRAILER_SPACE" : "21-50",
				"WATERWAY_ACCESS" : "All Times",
				"CONDITION" : "Good",
				"CONSTRUCTION_MATERIAL" : "Concrete",
				"BBQ" : "Yes",
				"FEE_PAYABLE" : "No",
				"FISH_CLEAN_TABLE" : "No",
				"FUEL" : "No",
				"KIOSK" : "No",
				"LIGHTING" : "Yes",
				"TOILET" : "Yes",
				"WASTE_BIN" : "Yes",
				"RAMP_PONTOON" : "No",
				"PONTOON_JETTY_NEARBY" : "Yes"
			}
		},
		{
			"type" : "Feature",
			"geometry" : {
				"type" : "Point",
				"coordinates" : [ 150.0731494842, -36.4251875905 ]
			},
			"properties" : {
				"ASSET_OWNER" : "Bega Valley Shire Council",
				"BOAT_RAMP_ID" : 36,
				"DESCRIPTION" : "Bermagui Boat Harbour Boat Ramp",
				"CONTACT_NUMBER" : "02 6499 2222",
				"STREET" : "Lamont Street",
				"SUBURB" : "Bermagui",
				"WATERWAY" : "Bermagui River (Ocean)",
				"STATE" : "NSW",
				"POSTCODE" : 2546,
				"NO_OF_RAMP_LANE" : "3",
				"CAR_TRAILER_SPACE" : "21-50",
				"WATERWAY_ACCESS" : "All Times",
				"CONDITION" : "Good",
				"CONSTRUCTION_MATERIAL" : "Concrete",
				"BBQ" : "No",
				"FEE_PAYABLE" : "No",
				"FISH_CLEAN_TABLE" : "Yes",
				"FUEL" : "Yes",
				"KIOSK" : "No",
				"LIGHTING" : "Yes",
				"TOILET" : "Yes",
				"WASTE_BIN" : "Yes",
				"RAMP_PONTOON" : "Yes",
				"PONTOON_JETTY_NEARBY" : "Yes"
			}
		},
		{
			"type" : "Feature",
			"geometry" : {
				"type" : "Point",
				"coordinates" : [ 149.9829439391, -36.7369379961 ]
			},
			"properties" : {
				"ASSET_OWNER" : "Bega Valley Shire Council",
				"BOAT_RAMP_ID" : 265,
				"DESCRIPTION" : "Kianinny Bay Boat Ramp ",
				"CONTACT_NUMBER" : "02 6499 2222",
				"STREET" : "Kianinny Street",
				"SUBURB" : "Tathra",
				"WATERWAY" : "Ocean",
				"STATE" : "NSW",
				"POSTCODE" : 2550,
				"NO_OF_RAMP_LANE" : "3",
				"CAR_TRAILER_SPACE" : "21-50",
				"WATERWAY_ACCESS" : "All Times",
				"CONDITION" : "Good",
				"CONSTRUCTION_MATERIAL" : "Concrete",
				"BBQ" : "Yes",
				"FEE_PAYABLE" : "Yes",
				"FISH_CLEAN_TABLE" : "Yes",
				"FUEL" : "No",
				"KIOSK" : "No",
				"LIGHTING" : "Yes",
				"TOILET" : "Yes",
				"WASTE_BIN" : "Yes",
				"RAMP_PONTOON" : "No",
				"PONTOON_JETTY_NEARBY" : "Yes"
			}
		},
		{
			"type" : "Feature",
			"geometry" : {
				"type" : "Point",
				"coordinates" : [ 153.3458839712, -29.4018920848 ]
			},
			"properties" : {
				"ASSET_OWNER" : "Clarence Valley Council",
				"BOAT_RAMP_ID" : 245,
				"DESCRIPTION" : "Spenser Street Boat Ramp, Iluka",
				"CONTACT_NUMBER" : "02 6643 0200",
				"STREET" : "Spenser Street",
				"SUBURB" : "Iluka",
				"WATERWAY" : "Clarence River",
				"STATE" : "NSW",
				"POSTCODE" : 2466,
				"NO_OF_RAMP_LANE" : "2",
				"CAR_TRAILER_SPACE" : "21-50",
				"WATERWAY_ACCESS" : "All Times",
				"CONDITION" : "Good",
				"CONSTRUCTION_MATERIAL" : "Concrete",
				"BBQ" : "Yes",
				"FEE_PAYABLE" : "No",
				"FISH_CLEAN_TABLE" : "Yes",
				"FUEL" : "No",
				"KIOSK" : "No",
				"LIGHTING" : "Yes",
				"TOILET" : "Yes",
				"WASTE_BIN" : "Yes",
				"RAMP_PONTOON" : "Yes",
				"PONTOON_JETTY_NEARBY" : "Yes"
			}
		},
		{
			"type" : "Feature",
			"geometry" : {
				"type" : "Point",
				"coordinates" : [ 153.343439296, -29.4341633771 ]
			},
			"properties" : {
				"ASSET_OWNER" : "Clarence Valley Council",
				"BOAT_RAMP_ID" : 188,
				"DESCRIPTION" : "Yamba Rd Boat Ramp, (opp Golding St)",
				"CONTACT_NUMBER" : "02 6643 0200",
				"STREET" : "Yamba Road",
				"SUBURB" : "Yamba",
				"WATERWAY" : "Clarence River (Yamba Bay)",
				"STATE" : "NSW",
				"POSTCODE" : 2464,
				"NO_OF_RAMP_LANE" : "2",
				"CAR_TRAILER_SPACE" : "21-50",
				"WATERWAY_ACCESS" : "All Times",
				"CONDITION" : "Good",
				"CONSTRUCTION_MATERIAL" : "Concrete",
				"BBQ" : "No",
				"FEE_PAYABLE" : "No",
				"FISH_CLEAN_TABLE" : "Yes",
				"FUEL" : "Yes",
				"KIOSK" : "Yes",
				"LIGHTING" : "Yes",
				"TOILET" : "Yes",
				"WASTE_BIN" : "Yes",
				"RAMP_PONTOON" : "Yes",
				"PONTOON_JETTY_NEARBY" : "Yes"
			}
		},
		{
			"type" : "Feature",
			"geometry" : {
				"type" : "Point",
				"coordinates" : [ 148.3982875761, -30.9540072688 ]
			},
			"properties" : {
				"ASSET_OWNER" : "Coonamble Shire Council",
				"BOAT_RAMP_ID" : 577,
				"DESCRIPTION" : "Warrana Weir",
				"CONTACT_NUMBER" : "02 6827 1900",
				"STREET" : "Weir road",
				"SUBURB" : "Coonamble",
				"WATERWAY" : "Warrana Weir",
				"STATE" : "NSW",
				"POSTCODE" : 2829,
				"NO_OF_RAMP_LANE" : "2",
				"CAR_TRAILER_SPACE" : "21-50",
				"WATERWAY_ACCESS" : "Shallow At Times",
				"CONDITION" : "Good",
				"CONSTRUCTION_MATERIAL" : "Concrete",
				"BBQ" : "Yes",
				"FEE_PAYABLE" : "Yes",
				"FISH_CLEAN_TABLE" : "No",
				"FUEL" : "No",
				"KIOSK" : "No",
				"LIGHTING" : "No",
				"TOILET" : "Yes",
				"WASTE_BIN" : "No",
				"RAMP_PONTOON" : "No",
				"PONTOON_JETTY_NEARBY" : "No"
			}
		},
		{
			"type" : "Feature",
			"geometry" : {
				"type" : "Point",
				"coordinates" : [ 151.3352684517, -33.4846136459 ]
			},
			"properties" : {
				"ASSET_OWNER" : "Central Coast Council",
				"BOAT_RAMP_ID" : 317,
				"DESCRIPTION" : "Lions Park Western Boat Ramp",
				"CONTACT_NUMBER" : "02 4306 7900",
				"STREET" : "North Burge Road",
				"SUBURB" : "Woy Woy",
				"WATERWAY" : "Brisbane Water",
				"STATE" : "NSW",
				"POSTCODE" : 2256,
				"NO_OF_RAMP_LANE" : "2",
				"CAR_TRAILER_SPACE" : "21-50",
				"WATERWAY_ACCESS" : "All Times",
				"CONDITION" : "Good",
				"CONSTRUCTION_MATERIAL" : "Concrete",
				"BBQ" : "No",
				"FEE_PAYABLE" : "No",
				"FISH_CLEAN_TABLE" : "Yes",
				"FUEL" : "No",
				"KIOSK" : "No",
				"LIGHTING" : "Yes",
				"TOILET" : "Yes",
				"WASTE_BIN" : "No",
				"RAMP_PONTOON" : "Yes",
				"PONTOON_JETTY_NEARBY" : "No"
			}
		},
		{
			"type" : "Feature",
			"geometry" : {
				"type" : "Point",
				"coordinates" : [ 151.3157962165, -33.4556800317 ]
			},
			"properties" : {
				"ASSET_OWNER" : "Central Coast Council",
				"BOAT_RAMP_ID" : 522,
				"DESCRIPTION" : "Tascott Boat Ramp ",
				"CONTACT_NUMBER" : "02 4306 7900",
				"STREET" : "Brisbane Water Drive",
				"SUBURB" : "Tascott",
				"WATERWAY" : "Brisbane Water",
				"STATE" : "NSW",
				"POSTCODE" : 2250,
				"NO_OF_RAMP_LANE" : "1",
				"CAR_TRAILER_SPACE" : "21-50",
				"WATERWAY_ACCESS" : "High Tide Only",
				"CONDITION" : "Poor",
				"CONSTRUCTION_MATERIAL" : "Concrete",
				"BBQ" : "No",
				"FEE_PAYABLE" : "No",
				"FISH_CLEAN_TABLE" : "No",
				"FUEL" : "No",
				"KIOSK" : "No",
				"LIGHTING" : "Yes",
				"TOILET" : "Yes",
				"WASTE_BIN" : "Yes",
				"RAMP_PONTOON" : "No",
				"PONTOON_JETTY_NEARBY" : "No"
			}
		},
		{
			"type" : "Feature",
			"geometry" : {
				"type" : "Point",
				"coordinates" : [ 151.3364739903, -33.4851798965 ]
			},
			"properties" : {
				"ASSET_OWNER" : "Central Coast Council",
				"BOAT_RAMP_ID" : 617,
				"DESCRIPTION" : "Lions Park Eastern Boat Ramp",
				"CONTACT_NUMBER" : "02 4306 7900",
				"STREET" : "North Burge Road",
				"SUBURB" : "Woy Woy",
				"WATERWAY" : "Brisbane Water",
				"STATE" : "NSW",
				"POSTCODE" : 2256,
				"NO_OF_RAMP_LANE" : "2",
				"CAR_TRAILER_SPACE" : "21-50",
				"WATERWAY_ACCESS" : "All Times",
				"CONDITION" : "Good",
				"CONSTRUCTION_MATERIAL" : "Concrete",
				"BBQ" : "No",
				"FEE_PAYABLE" : "No",
				"FISH_CLEAN_TABLE" : "No",
				"FUEL" : "No",
				"KIOSK" : "No",
				"LIGHTING" : "Yes",
				"TOILET" : "Yes",
				"WASTE_BIN" : "No",
				"RAMP_PONTOON" : "No",
				"PONTOON_JETTY_NEARBY" : "Yes"
			}
		},
		{
			"type" : "Feature",
			"geometry" : {
				"type" : "Point",
				"coordinates" : [ 151.2775605509, -33.5507465218 ]
			},
			"properties" : {
				"ASSET_OWNER" : "Central Coast Council",
				"BOAT_RAMP_ID" : 407,
				"DESCRIPTION" : "Patonga Beach ",
				"CONTACT_NUMBER" : "02 4306 7900",
				"STREET" : "Patonga Drive",
				"SUBURB" : "Patonga",
				"WATERWAY" : "Hawkesbury River",
				"STATE" : "NSW",
				"POSTCODE" : 2256,
				"NO_OF_RAMP_LANE" : "1",
				"CAR_TRAILER_SPACE" : "21-50",
				"WATERWAY_ACCESS" : "All Times",
				"CONDITION" : "Good",
				"CONSTRUCTION_MATERIAL" : "Concrete",
				"BBQ" : "No",
				"FEE_PAYABLE" : "No",
				"FISH_CLEAN_TABLE" : "No",
				"FUEL" : "No",
				"KIOSK" : "No",
				"LIGHTING" : "No",
				"TOILET" : "Yes",
				"WASTE_BIN" : "No",
				"RAMP_PONTOON" : "No",
				"PONTOON_JETTY_NEARBY" : "Yes"
			}
		},
		{
			"type" : "Feature",
			"geometry" : {
				"type" : "Point",
				"coordinates" : [ 151.1976252022, -33.5340274868 ]
			},
			"properties" : {
				"ASSET_OWNER" : "Central Coast Council",
				"BOAT_RAMP_ID" : 446,
				"DESCRIPTION" : "Deerubbun Reserve",
				"CONTACT_NUMBER" : "02 4306 7900",
				"STREET" : "Peats Ferry Road",
				"SUBURB" : "Mooney Mooney",
				"WATERWAY" : "Hawkesbury River",
				"STATE" : "NSW",
				"POSTCODE" : 2083,
				"NO_OF_RAMP_LANE" : "2",
				"CAR_TRAILER_SPACE" : "21-50",
				"WATERWAY_ACCESS" : "All Times",
				"CONDITION" : "Good",
				"CONSTRUCTION_MATERIAL" : "Concrete",
				"BBQ" : "No",
				"FEE_PAYABLE" : "No",
				"FISH_CLEAN_TABLE" : "Yes",
				"FUEL" : "No",
				"KIOSK" : "No",
				"LIGHTING" : "Yes",
				"TOILET" : "Yes",
				"WASTE_BIN" : "Yes",
				"RAMP_PONTOON" : "Yes",
				"PONTOON_JETTY_NEARBY" : "No"
			}
		},
		{
			"type" : "Feature",
			"geometry" : {
				"type" : "Point",
				"coordinates" : [ 152.1705015596, -32.6710187916 ]
			},
			"properties" : {
				"ASSET_OWNER" : "Mid-Coast Council",
				"BOAT_RAMP_ID" : 231,
				"DESCRIPTION" : "Hawks Nest - Moira Parade Boat Ramp",
				"CONTACT_NUMBER" : "02 7955 7777",
				"STREET" : "Moira Parade",
				"SUBURB" : "Hawks Nest",
				"WATERWAY" : "Myall River",
				"STATE" : "NSW",
				"POSTCODE" : 2324,
				"NO_OF_RAMP_LANE" : "2",
				"CAR_TRAILER_SPACE" : "21-50",
				"WATERWAY_ACCESS" : "All Times",
				"CONDITION" : "Fair",
				"CONSTRUCTION_MATERIAL" : "Concrete",
				"BBQ" : "Yes",
				"FEE_PAYABLE" : "No",
				"FISH_CLEAN_TABLE" : "Yes",
				"FUEL" : "No",
				"KIOSK" : "No",
				"LIGHTING" : "Yes",
				"TOILET" : "Yes",
				"WASTE_BIN" : "Yes",
				"RAMP_PONTOON" : "Yes",
				"PONTOON_JETTY_NEARBY" : "Yes"
			}
		},
		{
			"type" : "Feature",
			"geometry" : {
				"type" : "Point",
				"coordinates" : [ 152.1661339726, -32.6695149106 ]
			},
			"properties" : {
				"ASSET_OWNER" : "Mid-Coast Council",
				"BOAT_RAMP_ID" : 527,
				"DESCRIPTION" : "Tea Gardens - Marine Drive East Boat Ramp ",
				"CONTACT_NUMBER" : "02 7955 7777",
				"STREET" : "Marine Drive",
				"SUBURB" : "Tea Gardens",
				"WATERWAY" : "Myall River",
				"STATE" : "NSW",
				"POSTCODE" : 2324,
				"NO_OF_RAMP_LANE" : "2",
				"CAR_TRAILER_SPACE" : "21-50",
				"WATERWAY_ACCESS" : "All Times",
				"CONDITION" : "Good",
				"CONSTRUCTION_MATERIAL" : "Concrete",
				"BBQ" : "No",
				"FEE_PAYABLE" : "No",
				"FISH_CLEAN_TABLE" : "Yes",
				"FUEL" : "No",
				"KIOSK" : "Yes",
				"LIGHTING" : "Yes",
				"TOILET" : "Yes",
				"WASTE_BIN" : "Yes",
				"RAMP_PONTOON" : "Yes",
				"PONTOON_JETTY_NEARBY" : "Yes"
			}
		},
		{
			"type" : "Feature",
			"geometry" : {
				"type" : "Point",
				"coordinates" : [ 152.4995237588, -32.1813880749 ]
			},
			"properties" : {
				"ASSET_OWNER" : "Mid-Coast Council",
				"BOAT_RAMP_ID" : 555,
				"DESCRIPTION" : "Tuncurry - Point Road Boat Ramp",
				"CONTACT_NUMBER" : "02 7955 7777",
				"STREET" : "Point Road",
				"SUBURB" : "Tuncurry",
				"WATERWAY" : "Wallis Lake",
				"STATE" : "NSW",
				"POSTCODE" : 2428,
				"NO_OF_RAMP_LANE" : "4",
				"CAR_TRAILER_SPACE" : "21-50",
				"WATERWAY_ACCESS" : "All Times",
				"CONDITION" : "Good",
				"CONSTRUCTION_MATERIAL" : "Concrete",
				"BBQ" : "Yes",
				"FEE_PAYABLE" : "No",
				"FISH_CLEAN_TABLE" : "Yes",
				"FUEL" : "No",
				"KIOSK" : "No",
				"LIGHTING" : "Yes",
				"TOILET" : "No",
				"WASTE_BIN" : "Yes",
				"RAMP_PONTOON" : "Yes",
				"PONTOON_JETTY_NEARBY" : "Yes"
			}
		},
		{
			"type" : "Feature",
			"geometry" : {
				"type" : "Point",
				"coordinates" : [ 152.5152889637, -31.898344364 ]
			},
			"properties" : {
				"ASSET_OWNER" : "Mid-Coast Council",
				"BOAT_RAMP_ID" : 141,
				"DESCRIPTION" : "Cundletown Boat Ramp (River Street) ",
				"CONTACT_NUMBER" : "02 7955 7777",
				"STREET" : "River Street",
				"SUBURB" : "Cundletown",
				"WATERWAY" : "Manning River",
				"STATE" : "NSW",
				"POSTCODE" : 2430,
				"NO_OF_RAMP_LANE" : "2",
				"CAR_TRAILER_SPACE" : "21-50",
				"WATERWAY_ACCESS" : "All Times",
				"CONDITION" : "Fair",
				"CONSTRUCTION_MATERIAL" : "Concrete",
				"BBQ" : "Yes",
				"FEE_PAYABLE" : "No",
				"FISH_CLEAN_TABLE" : "Yes",
				"FUEL" : "No",
				"KIOSK" : "No",
				"LIGHTING" : "No",
				"TOILET" : "No",
				"WASTE_BIN" : "No",
				"RAMP_PONTOON" : "Yes",
				"PONTOON_JETTY_NEARBY" : "Yes"
			}
		},
		{
			"type" : "Feature",
			"geometry" : {
				"type" : "Point",
				"coordinates" : [ 151.2300451921, -33.5477220333 ]
			},
			"properties" : {
				"ASSET_OWNER" : "The Council Of The Shire Of Hornsby",
				"BOAT_RAMP_ID" : 406,
				"DESCRIPTION" : "Parsley Bay, Brooklyn",
				"CONTACT_NUMBER" : "02 9847 6666",
				"STREET" : "George Street",
				"SUBURB" : "Brooklyn",
				"WATERWAY" : "Hawkesbury River",
				"STATE" : "NSW",
				"POSTCODE" : 2083,
				"NO_OF_RAMP_LANE" : "4",
				"CAR_TRAILER_SPACE" : "21-50",
				"WATERWAY_ACCESS" : "All Times",
				"CONDITION" : "Good",
				"CONSTRUCTION_MATERIAL" : "Concrete",
				"BBQ" : "No",
				"FEE_PAYABLE" : "No",
				"FISH_CLEAN_TABLE" : "Yes",
				"FUEL" : "No",
				"KIOSK" : "No",
				"LIGHTING" : "Yes",
				"TOILET" : "Yes",
				"WASTE_BIN" : "Yes",
				"RAMP_PONTOON" : "Yes",
				"PONTOON_JETTY_NEARBY" : "Yes"
			}
		},
		{
			"type" : "Feature",
			"geometry" : {
				"type" : "Point",
				"coordinates" : [ 147.1004729053, -33.0763901994 ]
			},
			"properties" : {
				"ASSET_OWNER" : "Lachlan Shire Council",
				"BOAT_RAMP_ID" : 218,
				"DESCRIPTION" : "Gum Bend Lake Boat Ramp",
				"CONTACT_NUMBER" : "02 6895 1900",
				"STREET" : "Gum Bend Road",
				"SUBURB" : "Condobolin",
				"WATERWAY" : "Gum Bend Lake",
				"STATE" : "NSW",
				"POSTCODE" : 2877,
				"NO_OF_RAMP_LANE" : "1",
				"CAR_TRAILER_SPACE" : "21-50",
				"WATERWAY_ACCESS" : "Shallow At Times",
				"CONDITION" : "Good",
				"CONSTRUCTION_MATERIAL" : "Concrete",
				"BBQ" : "Yes",
				"FEE_PAYABLE" : "No",
				"FISH_CLEAN_TABLE" : "No",
				"FUEL" : "No",
				"KIOSK" : "No",
				"LIGHTING" : "Yes",
				"TOILET" : "Yes",
				"WASTE_BIN" : "Yes",
				"RAMP_PONTOON" : "No",
				"PONTOON_JETTY_NEARBY" : "Yes"
			}
		},
		{
			"type" : "Feature",
			"geometry" : {
				"type" : "Point",
				"coordinates" : [ 151.6411606609, -33.0649374992 ]
			},
			"properties" : {
				"ASSET_OWNER" : "Lake Macquarie City Council",
				"BOAT_RAMP_ID" : 30,
				"DESCRIPTION" : "Belmont Airport Boat Ramp ",
				"CONTACT_NUMBER" : "02 4921 0333",
				"STREET" : "Naru Street",
				"SUBURB" : "Pelican",
				"WATERWAY" : "Lake Macquarie",
				"STATE" : "NSW",
				"POSTCODE" : 2281,
				"NO_OF_RAMP_LANE" : "1",
				"CAR_TRAILER_SPACE" : "21-50",
				"WATERWAY_ACCESS" : "Shallow At Times",
				"CONDITION" : "Fair",
				"CONSTRUCTION_MATERIAL" : "Concrete",
				"BBQ" : "No",
				"FEE_PAYABLE" : "No",
				"FISH_CLEAN_TABLE" : "No",
				"FUEL" : "No",
				"KIOSK" : "No",
				"LIGHTING" : "No",
				"TOILET" : "No",
				"WASTE_BIN" : "Yes",
				"RAMP_PONTOON" : "No",
				"PONTOON_JETTY_NEARBY" : "No"
			}
		},
		{
			"type" : "Feature",
			"geometry" : {
				"type" : "Point",
				"coordinates" : [ 151.6495925246, -33.0823301661 ]
			},
			"properties" : {
				"ASSET_OWNER" : "Lake Macquarie City Council",
				"BOAT_RAMP_ID" : 45,
				"DESCRIPTION" : "Blacksmiths Boat Harbour",
				"CONTACT_NUMBER" : "02 4921 0333",
				"STREET" : "Bali Street",
				"SUBURB" : "Blacksmiths",
				"WATERWAY" : "Lake Macquarie",
				"STATE" : "NSW",
				"POSTCODE" : 2281,
				"NO_OF_RAMP_LANE" : "2",
				"CAR_TRAILER_SPACE" : "21-50",
				"WATERWAY_ACCESS" : "All Times",
				"CONDITION" : "Good",
				"CONSTRUCTION_MATERIAL" : "Concrete",
				"BBQ" : "No",
				"FEE_PAYABLE" : "No",
				"FISH_CLEAN_TABLE" : "No",
				"FUEL" : "No",
				"KIOSK" : "No",
				"LIGHTING" : "No",
				"TOILET" : "No",
				"WASTE_BIN" : "No",
				"RAMP_PONTOON" : "Yes",
				"PONTOON_JETTY_NEARBY" : "No"
			}
		},
		{
			"type" : "Feature",
			"geometry" : {
				"type" : "Point",
				"coordinates" : [ 151.6139193736, -33.125943443 ]
			},
			"properties" : {
				"ASSET_OWNER" : "Lake Macquarie City Council",
				"BOAT_RAMP_ID" : 90,
				"DESCRIPTION" : "Cams Wharf Boat Ramp ",
				"CONTACT_NUMBER" : "02 4921 0333",
				"STREET" : "Cams Wharf Road",
				"SUBURB" : "Cams Wharf",
				"WATERWAY" : "Lake Macquarie",
				"STATE" : "NSW",
				"POSTCODE" : 2281,
				"NO_OF_RAMP_LANE" : "2",
				"CAR_TRAILER_SPACE" : "21-50",
				"WATERWAY_ACCESS" : "Shallow At Times",
				"CONDITION" : "Good",
				"CONSTRUCTION_MATERIAL" : "Concrete",
				"BBQ" : "Yes",
				"FEE_PAYABLE" : "No",
				"FISH_CLEAN_TABLE" : "Yes",
				"FUEL" : "No",
				"KIOSK" : "No",
				"LIGHTING" : "Yes",
				"TOILET" : "Yes",
				"WASTE_BIN" : "Yes",
				"RAMP_PONTOON" : "No",
				"PONTOON_JETTY_NEARBY" : "No"
			}
		},
		{
			"type" : "Feature",
			"geometry" : {
				"type" : "Point",
				"coordinates" : [ 151.5953504977, -33.0387130142 ]
			},
			"properties" : {
				"ASSET_OWNER" : "Lake Macquarie City Council",
				"BOAT_RAMP_ID" : 97,
				"DESCRIPTION" : "Rathmines Boat Ramp ",
				"CONTACT_NUMBER" : "02 4921 0333",
				"STREET" : "Dorrington Road",
				"SUBURB" : "Rathmines",
				"WATERWAY" : "Lake Macquarie",
				"STATE" : "NSW",
				"POSTCODE" : 2283,
				"NO_OF_RAMP_LANE" : "6",
				"CAR_TRAILER_SPACE" : "21-50",
				"WATERWAY_ACCESS" : "All Times",
				"CONDITION" : "Good",
				"CONSTRUCTION_MATERIAL" : "Concrete",
				"BBQ" : "Yes",
				"FEE_PAYABLE" : "No",
				"FISH_CLEAN_TABLE" : "No",
				"FUEL" : "No",
				"KIOSK" : "No",
				"LIGHTING" : "No",
				"TOILET" : "Yes",
				"WASTE_BIN" : "Yes",
				"RAMP_PONTOON" : "No",
				"PONTOON_JETTY_NEARBY" : "Yes"
			}
		},
		{
			"type" : "Feature",
			"geometry" : {
				"type" : "Point",
				"coordinates" : [ 151.6146734286, -32.9613515315 ]
			},
			"properties" : {
				"ASSET_OWNER" : "Lake Macquarie City Council",
				"BOAT_RAMP_ID" : 113,
				"DESCRIPTION" : "Speers Point Boat Ramp, Cockle Creek",
				"CONTACT_NUMBER" : "02 4921 0333",
				"STREET" : "Creek Reseve Road",
				"SUBURB" : "Speers Point ",
				"WATERWAY" : "Lake Macquarie",
				"STATE" : "NSW",
				"POSTCODE" : 2284,
				"NO_OF_RAMP_LANE" : "5",
				"CAR_TRAILER_SPACE" : "21-50",
				"WATERWAY_ACCESS" : "All Times",
				"CONDITION" : "Good",
				"CONSTRUCTION_MATERIAL" : "Concrete",
				"BBQ" : "Yes",
				"FEE_PAYABLE" : "No",
				"FISH_CLEAN_TABLE" : "Yes",
				"FUEL" : "No",
				"KIOSK" : "No",
				"LIGHTING" : "Yes",
				"TOILET" : "Yes",
				"WASTE_BIN" : "Yes",
				"RAMP_PONTOON" : "Yes",
				"PONTOON_JETTY_NEARBY" : "Yes"
			}
		},
		{
			"type" : "Feature",
			"geometry" : {
				"type" : "Point",
				"coordinates" : [ 151.6378331294, -33.0746649637 ]
			},
			"properties" : {
				"ASSET_OWNER" : "Lake Macquarie City Council",
				"BOAT_RAMP_ID" : 127,
				"DESCRIPTION" : "Thomas Humphries Reserve Boat Ramp",
				"CONTACT_NUMBER" : "02 4921 0333",
				"STREET" : "Wallarah Street",
				"SUBURB" : "Swansea",
				"WATERWAY" : "Lake Macquarie",
				"STATE" : "NSW",
				"POSTCODE" : 2281,
				"NO_OF_RAMP_LANE" : "3",
				"CAR_TRAILER_SPACE" : "21-50",
				"WATERWAY_ACCESS" : "All Times",
				"CONDITION" : "Good",
				"CONSTRUCTION_MATERIAL" : "Concrete",
				"BBQ" : "No",
				"FEE_PAYABLE" : "No",
				"FISH_CLEAN_TABLE" : "Yes",
				"FUEL" : "No",
				"KIOSK" : "No",
				"LIGHTING" : "Yes",
				"TOILET" : "Yes",
				"WASTE_BIN" : "Yes",
				"RAMP_PONTOON" : "No",
				"PONTOON_JETTY_NEARBY" : "No"
			}
		},
		{
			"type" : "Feature",
			"geometry" : {
				"type" : "Point",
				"coordinates" : [ 151.6374401258, -32.9983849742 ]
			},
			"properties" : {
				"ASSET_OWNER" : "Lake Macquarie City Council",
				"BOAT_RAMP_ID" : 160,
				"DESCRIPTION" : "Croudace Bay Boat Ramp",
				"CONTACT_NUMBER" : "02 4921 0333",
				"STREET" : "Bareki Road",
				"SUBURB" : "Eleebana",
				"WATERWAY" : "Lake Macquarie",
				"STATE" : "NSW",
				"POSTCODE" : 2282,
				"NO_OF_RAMP_LANE" : "3",
				"CAR_TRAILER_SPACE" : "21-50",
				"WATERWAY_ACCESS" : "All Times",
				"CONDITION" : "Good",
				"CONSTRUCTION_MATERIAL" : "Concrete",
				"BBQ" : "Yes",
				"FEE_PAYABLE" : "No",
				"FISH_CLEAN_TABLE" : "Yes",
				"FUEL" : "No",
				"KIOSK" : "No",
				"LIGHTING" : "Yes",
				"TOILET" : "Yes",
				"WASTE_BIN" : "Yes",
				"RAMP_PONTOON" : "No",
				"PONTOON_JETTY_NEARBY" : "No"
			}
		},
		{
			"type" : "Feature",
			"geometry" : {
				"type" : "Point",
				"coordinates" : [ 151.6420740917, -33.070334932 ]
			},
			"properties" : {
				"ASSET_OWNER" : "Lake Macquarie City Council",
				"BOAT_RAMP_ID" : 410,
				"DESCRIPTION" : "Pelican",
				"CONTACT_NUMBER" : "02 4921 0333",
				"STREET" : "Lakeview Street",
				"SUBURB" : "Pelican",
				"WATERWAY" : "Lake Macquarie",
				"STATE" : "NSW",
				"POSTCODE" : 2281,
				"NO_OF_RAMP_LANE" : "2",
				"CAR_TRAILER_SPACE" : "21-50",
				"WATERWAY_ACCESS" : "All Times",
				"CONDITION" : "Good",
				"CONSTRUCTION_MATERIAL" : "Concrete",
				"BBQ" : "Yes",
				"FEE_PAYABLE" : "No",
				"FISH_CLEAN_TABLE" : "Yes",
				"FUEL" : "No",
				"KIOSK" : "No",
				"LIGHTING" : "Yes",
				"TOILET" : "Yes",
				"WASTE_BIN" : "Yes",
				"RAMP_PONTOON" : "Yes",
				"PONTOON_JETTY_NEARBY" : "No"
			}
		},
		{
			"type" : "Feature",
			"geometry" : {
				"type" : "Point",
				"coordinates" : [ 151.7611216872, -32.916664924 ]
			},
			"properties" : {
				"ASSET_OWNER" : "Transport for NSW (Maritime)",
				"BOAT_RAMP_ID" : 94,
				"DESCRIPTION" : "Carrington Boat Ramp",
				"CONTACT_NUMBER" : "13 12 36",
				"STREET" : "Tully Street",
				"SUBURB" : "Carrington",
				"WATERWAY" : "Hunter River",
				"STATE" : "NSW",
				"POSTCODE" : 2294,
				"NO_OF_RAMP_LANE" : "2",
				"CAR_TRAILER_SPACE" : "21-50",
				"WATERWAY_ACCESS" : "All Times",
				"CONDITION" : "Good",
				"CONSTRUCTION_MATERIAL" : "Concrete",
				"BBQ" : "No",
				"FEE_PAYABLE" : "No",
				"FISH_CLEAN_TABLE" : "Yes",
				"FUEL" : "No",
				"KIOSK" : "No",
				"LIGHTING" : "Yes",
				"TOILET" : "No",
				"WASTE_BIN" : "Yes",
				"RAMP_PONTOON" : "Yes",
				"PONTOON_JETTY_NEARBY" : "No"
			}
		},
		{
			"type" : "Feature",
			"geometry" : {
				"type" : "Point",
				"coordinates" : [ 151.7913304172, -32.9215987939 ]
			},
			"properties" : {
				"ASSET_OWNER" : "Newcastle City Council",
				"BOAT_RAMP_ID" : 238,
				"DESCRIPTION" : "Horseshoe Beach",
				"CONTACT_NUMBER" : "02 4974 2000",
				"STREET" : "Wharf Road",
				"SUBURB" : "Newcastle",
				"WATERWAY" : "Hunter River",
				"STATE" : "NSW",
				"POSTCODE" : 2300,
				"NO_OF_RAMP_LANE" : "1",
				"CAR_TRAILER_SPACE" : "21-50",
				"WATERWAY_ACCESS" : "All Times",
				"CONDITION" : "Poor",
				"CONSTRUCTION_MATERIAL" : "Sand",
				"BBQ" : "No",
				"FEE_PAYABLE" : "No",
				"FISH_CLEAN_TABLE" : "No",
				"FUEL" : "No",
				"KIOSK" : "No",
				"LIGHTING" : "Yes",
				"TOILET" : "No",
				"WASTE_BIN" : "Yes",
				"RAMP_PONTOON" : "No",
				"PONTOON_JETTY_NEARBY" : "No"
			}
		},
		{
			"type" : "Feature",
			"geometry" : {
				"type" : "Point",
				"coordinates" : [ 150.7520453027, -35.1259444324 ]
			},
			"properties" : {
				"ASSET_OWNER" : "Parks Australia",
				"BOAT_RAMP_ID" : 372,
				"DESCRIPTION" : "Murray Beach Jervis Bay",
				"CONTACT_NUMBER" : "02 6274 1111",
				"STREET" : "Jervis Bay Road",
				"SUBURB" : "Jervis Bay",
				"WATERWAY" : "Jervis Bay",
				"STATE" : "NSW",
				"POSTCODE" : 2540,
				"NO_OF_RAMP_LANE" : "2",
				"CAR_TRAILER_SPACE" : "21-50",
				"WATERWAY_ACCESS" : "All Times",
				"CONDITION" : "Good",
				"CONSTRUCTION_MATERIAL" : "Concrete",
				"BBQ" : "No",
				"FEE_PAYABLE" : "Yes",
				"FISH_CLEAN_TABLE" : "Yes",
				"FUEL" : "No",
				"KIOSK" : "No",
				"LIGHTING" : "Yes",
				"TOILET" : "Yes",
				"WASTE_BIN" : "No",
				"RAMP_PONTOON" : "No",
				"PONTOON_JETTY_NEARBY" : "Yes"
			}
		},
		{
			"type" : "Feature",
			"geometry" : {
				"type" : "Point",
				"coordinates" : [ 152.8173152154, -31.6403143835 ]
			},
			"properties" : {
				"ASSET_OWNER" : "Port Macquarie-Hastings Council",
				"BOAT_RAMP_ID" : 391,
				"DESCRIPTION" : "North Haven",
				"CONTACT_NUMBER" : "02 6581 8111",
				"STREET" : "Ocean Drive",
				"SUBURB" : "North Haven",
				"WATERWAY" : "Camden Haven River",
				"STATE" : "NSW",
				"POSTCODE" : 2443,
				"NO_OF_RAMP_LANE" : "2",
				"CAR_TRAILER_SPACE" : "21-50",
				"WATERWAY_ACCESS" : "Shallow At Times",
				"CONDITION" : "Good",
				"CONSTRUCTION_MATERIAL" : "Bitumen",
				"BBQ" : "No",
				"FEE_PAYABLE" : "No",
				"FISH_CLEAN_TABLE" : "Yes",
				"FUEL" : "No",
				"KIOSK" : "No",
				"LIGHTING" : "Yes",
				"TOILET" : "Yes",
				"WASTE_BIN" : "Yes",
				"RAMP_PONTOON" : "Yes",
				"PONTOON_JETTY_NEARBY" : "No"
			}
		},
		{
			"type" : "Feature",
			"geometry" : {
				"type" : "Point",
				"coordinates" : [ 152.7473498305, -31.4524842049 ]
			},
			"properties" : {
				"ASSET_OWNER" : "Port Macquarie-Hastings Council",
				"BOAT_RAMP_ID" : 441,
				"DESCRIPTION" : "Rocks Ferry Reserve Boat Ramp",
				"CONTACT_NUMBER" : "02 6581 8111",
				"STREET" : "Rocks Ferry Road",
				"SUBURB" : "Wauchope",
				"WATERWAY" : "Hastings River",
				"STATE" : "NSW",
				"POSTCODE" : 2446,
				"NO_OF_RAMP_LANE" : "2",
				"CAR_TRAILER_SPACE" : "21-50",
				"WATERWAY_ACCESS" : "All Times",
				"CONDITION" : "Good",
				"CONSTRUCTION_MATERIAL" : "Concrete",
				"BBQ" : "Yes",
				"FEE_PAYABLE" : "No",
				"FISH_CLEAN_TABLE" : "Yes",
				"FUEL" : "No",
				"KIOSK" : "No",
				"LIGHTING" : "Yes",
				"TOILET" : "Yes",
				"WASTE_BIN" : "Yes",
				"RAMP_PONTOON" : "Yes",
				"PONTOON_JETTY_NEARBY" : "No"
			}
		},
		{
			"type" : "Feature",
			"geometry" : {
				"type" : "Point",
				"coordinates" : [ 152.9002994823, -31.4287143226 ]
			},
			"properties" : {
				"ASSET_OWNER" : "Port Macquarie-Hastings Council",
				"BOAT_RAMP_ID" : 594,
				"DESCRIPTION" : "Westport Park Boat Ramp",
				"CONTACT_NUMBER" : "02 6581 8111",
				"STREET" : "Park Street",
				"SUBURB" : "Port Macquarie",
				"WATERWAY" : "Hastings River",
				"STATE" : "NSW",
				"POSTCODE" : 2444,
				"NO_OF_RAMP_LANE" : "4",
				"CAR_TRAILER_SPACE" : "21-50",
				"WATERWAY_ACCESS" : "All Times",
				"CONDITION" : "Good",
				"CONSTRUCTION_MATERIAL" : "Concrete",
				"BBQ" : "No",
				"FEE_PAYABLE" : "No",
				"FISH_CLEAN_TABLE" : "Yes",
				"FUEL" : "No",
				"KIOSK" : "No",
				"LIGHTING" : "Yes",
				"TOILET" : "No",
				"WASTE_BIN" : "Yes",
				"RAMP_PONTOON" : "Yes",
				"PONTOON_JETTY_NEARBY" : "Yes"
			}
		},
		{
			"type" : "Feature",
			"geometry" : {
				"type" : "Point",
				"coordinates" : [ 153.4324936933, -29.1228813037 ]
			},
			"properties" : {
				"ASSET_OWNER" : "Richmond Valley Council",
				"BOAT_RAMP_ID" : 174,
				"DESCRIPTION" : "Evans Head & South Evans Head Boat Ramp",
				"CONTACT_NUMBER" : "02 6660 0300",
				"STREET" : "Ocean Drive",
				"SUBURB" : "South Evans Head",
				"WATERWAY" : "Evans River",
				"STATE" : "NSW",
				"POSTCODE" : 2473,
				"NO_OF_RAMP_LANE" : "5",
				"CAR_TRAILER_SPACE" : "21-50",
				"WATERWAY_ACCESS" : "All Times",
				"CONDITION" : "Good",
				"CONSTRUCTION_MATERIAL" : "Concrete",
				"BBQ" : "Yes",
				"FEE_PAYABLE" : "No",
				"FISH_CLEAN_TABLE" : "Yes",
				"FUEL" : "No",
				"KIOSK" : "No",
				"LIGHTING" : "Yes",
				"TOILET" : "Yes",
				"WASTE_BIN" : "Yes",
				"RAMP_PONTOON" : "Yes",
				"PONTOON_JETTY_NEARBY" : "Yes"
			}
		},
		{
			"type" : "Feature",
			"geometry" : {
				"type" : "Point",
				"coordinates" : [ 150.7605142362, -34.9053612782 ]
			},
			"properties" : {
				"ASSET_OWNER" : "Shoalhaven City Council",
				"BOAT_RAMP_ID" : 136,
				"DESCRIPTION" : "Crookhaven Heads Boat Ramp",
				"CONTACT_NUMBER" : "1300 293 111",
				"STREET" : "Prince Edward Avenue",
				"SUBURB" : "Crookhaven Heads",
				"WATERWAY" : "Crookhaven River",
				"STATE" : "NSW",
				"POSTCODE" : 2540,
				"NO_OF_RAMP_LANE" : "3",
				"CAR_TRAILER_SPACE" : "21-50",
				"WATERWAY_ACCESS" : "All Times",
				"CONDITION" : "Fair",
				"CONSTRUCTION_MATERIAL" : "Concrete",
				"BBQ" : "No",
				"FEE_PAYABLE" : "No",
				"FISH_CLEAN_TABLE" : "Yes",
				"FUEL" : "No",
				"KIOSK" : "No",
				"LIGHTING" : "Yes",
				"TOILET" : "Yes",
				"WASTE_BIN" : "Yes",
				"RAMP_PONTOON" : "Yes",
				"PONTOON_JETTY_NEARBY" : "Yes"
			}
		},
		{
			"type" : "Feature",
			"geometry" : {
				"type" : "Point",
				"coordinates" : [ 150.735438963, -34.9060595716 ]
			},
			"properties" : {
				"ASSET_OWNER" : "Shoalhaven City Council",
				"BOAT_RAMP_ID" : 216,
				"DESCRIPTION" : "Greenwell Point Boat Ramp - Titania Park Adelaide Street",
				"CONTACT_NUMBER" : "1300 293 111",
				"STREET" : "Adelaide Street",
				"SUBURB" : "Greenwell Point",
				"WATERWAY" : "Crookhaven River",
				"STATE" : "NSW",
				"POSTCODE" : 2540,
				"NO_OF_RAMP_LANE" : "2",
				"CAR_TRAILER_SPACE" : "30-50",
				"WATERWAY_ACCESS" : "All Times",
				"CONDITION" : "Good",
				"CONSTRUCTION_MATERIAL" : "Concrete",
				"BBQ" : "Yes",
				"FEE_PAYABLE" : "No",
				"FISH_CLEAN_TABLE" : "Yes",
				"FUEL" : "No",
				"KIOSK" : "Yes",
				"LIGHTING" : "Yes",
				"TOILET" : "Yes",
				"WASTE_BIN" : "Yes",
				"RAMP_PONTOON" : "Yes",
				"PONTOON_JETTY_NEARBY" : "Yes"
			}
		},
		{
			"type" : "Feature",
			"geometry" : {
				"type" : "Point",
				"coordinates" : [ 150.477114324, -35.354682966 ]
			},
			"properties" : {
				"ASSET_OWNER" : "Shoalhaven City Council",
				"BOAT_RAMP_ID" : 560,
				"DESCRIPTION" : "Ulladulla - North Harbour",
				"CONTACT_NUMBER" : "1300 293 111",
				"STREET" : "Crescent Street",
				"SUBURB" : "Ulladulla",
				"WATERWAY" : "Ulladulla Harbour",
				"STATE" : "NSW",
				"POSTCODE" : 2539,
				"NO_OF_RAMP_LANE" : "2",
				"CAR_TRAILER_SPACE" : "21-50",
				"WATERWAY_ACCESS" : "All Times",
				"CONDITION" : "Good",
				"CONSTRUCTION_MATERIAL" : "Concrete",
				"BBQ" : "Yes",
				"FEE_PAYABLE" : "No",
				"FISH_CLEAN_TABLE" : "Yes",
				"FUEL" : "No",
				"KIOSK" : "No",
				"LIGHTING" : "No",
				"TOILET" : "Yes",
				"WASTE_BIN" : "Yes",
				"RAMP_PONTOON" : "Yes",
				"PONTOON_JETTY_NEARBY" : "Yes"
			}
		},
		{
			"type" : "Feature",
			"geometry" : {
				"type" : "Point",
				"coordinates" : [ 150.5979236265, -34.8627932163 ]
			},
			"properties" : {
				"ASSET_OWNER" : "Shoalhaven City Council",
				"BOAT_RAMP_ID" : 217,
				"DESCRIPTION" : "Greys Beach Boat Ramp",
				"CONTACT_NUMBER" : "1300 293 111",
				"STREET" : "Fairway Drive",
				"SUBURB" : "North Nowra",
				"WATERWAY" : "Shoalhaven River",
				"STATE" : "NSW",
				"POSTCODE" : 2541,
				"NO_OF_RAMP_LANE" : "3",
				"CAR_TRAILER_SPACE" : "21-50",
				"WATERWAY_ACCESS" : "All Times",
				"CONDITION" : "Good",
				"CONSTRUCTION_MATERIAL" : "Concrete",
				"BBQ" : "No",
				"FEE_PAYABLE" : "No",
				"FISH_CLEAN_TABLE" : "Yes",
				"FUEL" : "No",
				"KIOSK" : "No",
				"LIGHTING" : "Yes",
				"TOILET" : "Yes",
				"WASTE_BIN" : "Yes",
				"RAMP_PONTOON" : "Yes",
				"PONTOON_JETTY_NEARBY" : "Yes"
			}
		},
		{
			"type" : "Feature",
			"geometry" : {
				"type" : "Point",
				"coordinates" : [ 150.5874651126, -35.1725630268 ]
			},
			"properties" : {
				"ASSET_OWNER" : "Shoalhaven City Council",
				"BOAT_RAMP_ID" : 404,
				"DESCRIPTION" : "Pacificana Drive Boat Ramp",
				"CONTACT_NUMBER" : "1300 293 111",
				"STREET" : "Pacificana Drive",
				"SUBURB" : "Sussex Inlet",
				"WATERWAY" : "Sussex Inlet",
				"STATE" : "NSW",
				"POSTCODE" : 2540,
				"NO_OF_RAMP_LANE" : "1",
				"CAR_TRAILER_SPACE" : "11-20",
				"WATERWAY_ACCESS" : "Shallow At Times",
				"CONDITION" : "Poor",
				"CONSTRUCTION_MATERIAL" : "Concrete",
				"BBQ" : "No",
				"FEE_PAYABLE" : "No",
				"FISH_CLEAN_TABLE" : "No",
				"FUEL" : "No",
				"KIOSK" : "No",
				"LIGHTING" : "No",
				"TOILET" : "No",
				"WASTE_BIN" : "No",
				"RAMP_PONTOON" : "No",
				"PONTOON_JETTY_NEARBY" : "Yes"
			}
		},
		{
			"type" : "Feature",
			"geometry" : {
				"type" : "Point",
				"coordinates" : [ 150.6663830704, -35.0256162511 ]
			},
			"properties" : {
				"ASSET_OWNER" : "Shoalhaven City Council",
				"BOAT_RAMP_ID" : 614,
				"DESCRIPTION" : "Woollamia Regional Ramp ",
				"CONTACT_NUMBER" : "1300 293 111",
				"STREET" : "Frank Lewis Way",
				"SUBURB" : "Woollamia",
				"WATERWAY" : "Currambene Creek",
				"STATE" : "NSW",
				"POSTCODE" : 2540,
				"NO_OF_RAMP_LANE" : "2",
				"CAR_TRAILER_SPACE" : "21-50",
				"WATERWAY_ACCESS" : "All Times",
				"CONDITION" : "Good",
				"CONSTRUCTION_MATERIAL" : "Concrete",
				"BBQ" : "No",
				"FEE_PAYABLE" : "No",
				"FISH_CLEAN_TABLE" : "Yes",
				"FUEL" : "No",
				"KIOSK" : "No",
				"LIGHTING" : "Yes",
				"TOILET" : "Yes",
				"WASTE_BIN" : "Yes",
				"RAMP_PONTOON" : "Yes",
				"PONTOON_JETTY_NEARBY" : "Yes"
			}
		},
		{
			"type" : "Feature",
			"geometry" : {
				"type" : "Point",
				"coordinates" : [ 151.1922476705, -34.007183872 ]
			},
			"properties" : {
				"ASSET_OWNER" : "Sutherland Shire Council",
				"BOAT_RAMP_ID" : 475,
				"DESCRIPTION" : "Bonna Point",
				"CONTACT_NUMBER" : "02 9710 0333",
				"STREET" : "Prince Charles Parade",
				"SUBURB" : "Kurnell",
				"WATERWAY" : "Botany Bay",
				"STATE" : "NSW",
				"POSTCODE" : 2231,
				"NO_OF_RAMP_LANE" : "2",
				"CAR_TRAILER_SPACE" : "21-50",
				"WATERWAY_ACCESS" : "Mid to High Tide Only",
				"CONDITION" : "Good",
				"CONSTRUCTION_MATERIAL" : "Concrete",
				"BBQ" : "No",
				"FEE_PAYABLE" : "No",
				"FISH_CLEAN_TABLE" : "No",
				"FUEL" : "No",
				"KIOSK" : "No",
				"LIGHTING" : "Yes",
				"TOILET" : "Yes",
				"WASTE_BIN" : "Yes",
				"RAMP_PONTOON" : "Yes",
				"PONTOON_JETTY_NEARBY" : "No"
			}
		},
		{
			"type" : "Feature",
			"geometry" : {
				"type" : "Point",
				"coordinates" : [ 151.119565102, -34.0157463582 ]
			},
			"properties" : {
				"ASSET_OWNER" : "Sutherland Shire Council",
				"BOAT_RAMP_ID" : 230,
				"DESCRIPTION" : "Hawkesbury Reserve (Sylvania Waters) Boat Ramp",
				"CONTACT_NUMBER" : "02 9710 0333",
				"STREET" : "Moruya Avenua",
				"SUBURB" : "Sylvania Waters",
				"WATERWAY" : "Georges River",
				"STATE" : "NSW",
				"POSTCODE" : 2224,
				"NO_OF_RAMP_LANE" : "2",
				"CAR_TRAILER_SPACE" : "21-50",
				"WATERWAY_ACCESS" : "All Times",
				"CONDITION" : "Good",
				"CONSTRUCTION_MATERIAL" : "Concrete",
				"BBQ" : "No",
				"FEE_PAYABLE" : "No",
				"FISH_CLEAN_TABLE" : "No",
				"FUEL" : "No",
				"KIOSK" : "No",
				"LIGHTING" : "Yes",
				"TOILET" : "Yes",
				"WASTE_BIN" : "Yes",
				"RAMP_PONTOON" : "Yes",
				"PONTOON_JETTY_NEARBY" : "Yes"
			}
		},
		{
			"type" : "Feature",
			"geometry" : {
				"type" : "Point",
				"coordinates" : [ 151.117071188, -34.0131231288 ]
			},
			"properties" : {
				"ASSET_OWNER" : "Sutherland Shire Council",
				"BOAT_RAMP_ID" : 236,
				"DESCRIPTION" : "Holts Point Place Boat Ramp",
				"CONTACT_NUMBER" : "02 9710 0333",
				"STREET" : "Holts Point Place",
				"SUBURB" : "Sylvania Waters",
				"WATERWAY" : "Georges River",
				"STATE" : "NSW",
				"POSTCODE" : 2224,
				"NO_OF_RAMP_LANE" : "1",
				"CAR_TRAILER_SPACE" : "21-50",
				"WATERWAY_ACCESS" : "Shallow At Times",
				"CONDITION" : "Good",
				"CONSTRUCTION_MATERIAL" : "Concrete",
				"BBQ" : "No",
				"FEE_PAYABLE" : "No",
				"FISH_CLEAN_TABLE" : "No",
				"FUEL" : "No",
				"KIOSK" : "No",
				"LIGHTING" : "No",
				"TOILET" : "No",
				"WASTE_BIN" : "No",
				"RAMP_PONTOON" : "No",
				"PONTOON_JETTY_NEARBY" : "No"
			}
		},
		{
			"type" : "Feature",
			"geometry" : {
				"type" : "Point",
				"coordinates" : [ 151.0794615222, -34.0620307958 ]
			},
			"properties" : {
				"ASSET_OWNER" : "Sutherland Shire Council",
				"BOAT_RAMP_ID" : 507,
				"DESCRIPTION" : "Swallow Rock - Grays Point",
				"CONTACT_NUMBER" : "02 9710 0333",
				"STREET" : "Swallow Rock Dr",
				"SUBURB" : "Grays Point",
				"WATERWAY" : "Port Hacking",
				"STATE" : "NSW",
				"POSTCODE" : 2232,
				"NO_OF_RAMP_LANE" : "2",
				"CAR_TRAILER_SPACE" : "21-50",
				"WATERWAY_ACCESS" : "All Times",
				"CONDITION" : "Good",
				"CONSTRUCTION_MATERIAL" : "Concrete",
				"BBQ" : "Yes",
				"FEE_PAYABLE" : "No",
				"FISH_CLEAN_TABLE" : "No",
				"FUEL" : "No",
				"KIOSK" : "No",
				"LIGHTING" : "Yes",
				"TOILET" : "Yes",
				"WASTE_BIN" : "Yes",
				"RAMP_PONTOON" : "Yes",
				"PONTOON_JETTY_NEARBY" : "Yes"
			}
		},
		{
			"type" : "Feature",
			"geometry" : {
				"type" : "Point",
				"coordinates" : [ 147.4961800385, -31.4094772262 ]
			},
			"properties" : {
				"ASSET_OWNER" : "Bogan Shire Council",
				"BOAT_RAMP_ID" : 580,
				"DESCRIPTION" : "Warren (Macquarie River) Ramp",
				"CONTACT_NUMBER" : "02 6835 9000",
				"STREET" : "Industrial Accessroad",
				"SUBURB" : "Warren",
				"WATERWAY" : "Macquarie River",
				"STATE" : "NSW",
				"POSTCODE" : 2824,
				"NO_OF_RAMP_LANE" : "1",
				"CAR_TRAILER_SPACE" : "21-50",
				"WATERWAY_ACCESS" : "Shallow At Times",
				"CONDITION" : "Good",
				"CONSTRUCTION_MATERIAL" : "Concrete",
				"BBQ" : "No",
				"FEE_PAYABLE" : "No",
				"FISH_CLEAN_TABLE" : "No",
				"FUEL" : "No",
				"KIOSK" : "No",
				"LIGHTING" : "No",
				"TOILET" : "No",
				"WASTE_BIN" : "No",
				"RAMP_PONTOON" : "No",
				"PONTOON_JETTY_NEARBY" : "No"
			}
		},
		{
			"type" : "Feature",
			"geometry" : {
				"type" : "Point",
				"coordinates" : [ 141.8993900414, -34.1092600638 ]
			},
			"properties" : {
				"ASSET_OWNER" : "Wentworth Shire Council",
				"BOAT_RAMP_ID" : 589,
				"DESCRIPTION" : "Wentworth 1 (Lock), Murray River",
				"CONTACT_NUMBER" : "03 5027 5027",
				"STREET" : "Log Bridge Road",
				"SUBURB" : "Wentworth",
				"WATERWAY" : "Murray River",
				"STATE" : "NSW",
				"POSTCODE" : 2648,
				"NO_OF_RAMP_LANE" : "1",
				"CAR_TRAILER_SPACE" : "21-50",
				"WATERWAY_ACCESS" : "All Times",
				"CONDITION" : "Good",
				"CONSTRUCTION_MATERIAL" : "Concrete",
				"BBQ" : "No",
				"FEE_PAYABLE" : "No",
				"FISH_CLEAN_TABLE" : "No",
				"FUEL" : "No",
				"KIOSK" : "No",
				"LIGHTING" : "No",
				"TOILET" : "No",
				"WASTE_BIN" : "Yes",
				"RAMP_PONTOON" : "No",
				"PONTOON_JETTY_NEARBY" : "No"
			}
		},
		{
			"type" : "Feature",
			"geometry" : {
				"type" : "Point",
				"coordinates" : [ 149.8919810005, -36.8913262325 ]
			},
			"properties" : {
				"ASSET_OWNER" : "Bega Valley Shire Council",
				"BOAT_RAMP_ID" : 650,
				"DESCRIPTION" : "Top Lake Boat Ramp",
				"CONTACT_NUMBER" : "02 6499 2222",
				"STREET" : "Lakewood Drive",
				"SUBURB" : "Merimbula ",
				"WATERWAY" : "Merimbula Lake",
				"STATE" : "NSW",
				"POSTCODE" : 2548,
				"NO_OF_RAMP_LANE" : "1",
				"CAR_TRAILER_SPACE" : "21-51",
				"WATERWAY_ACCESS" : "Shallow At Times",
				"CONDITION" : "Fair",
				"CONSTRUCTION_MATERIAL" : "Concrete",
				"BBQ" : "No",
				"FEE_PAYABLE" : "No",
				"FISH_CLEAN_TABLE" : "No",
				"FUEL" : "No",
				"KIOSK" : "Yes",
				"LIGHTING" : "No",
				"TOILET" : "Yes",
				"WASTE_BIN" : "Yes",
				"RAMP_PONTOON" : "No",
				"PONTOON_JETTY_NEARBY" : "No"
			}
		},
		{
			"type" : "Feature",
			"geometry" : {
				"type" : "Point",
				"coordinates" : [ 144.9991976502, -35.853068803 ]
			},
			"properties" : {
				"ASSET_OWNER" : "Murray River Council",
				"BOAT_RAMP_ID" : 412,
				"DESCRIPTION" : "Picnic Pt Mathoura - Murray River",
				"CONTACT_NUMBER" : "1300 087 004",
				"STREET" : "Picnic Point Road",
				"SUBURB" : "Mathoura",
				"WATERWAY" : "Murray River",
				"STATE" : "NSW",
				"POSTCODE" : 2710,
				"NO_OF_RAMP_LANE" : "1",
				"CAR_TRAILER_SPACE" : "22 & 10+ informal",
				"WATERWAY_ACCESS" : "Shallow At Times",
				"CONDITION" : "Good",
				"CONSTRUCTION_MATERIAL" : "Concrete",
				"BBQ" : "Yes",
				"FEE_PAYABLE" : "No",
				"FISH_CLEAN_TABLE" : "No",
				"FUEL" : "Yes",
				"KIOSK" : "Yes",
				"LIGHTING" : "Yes",
				"TOILET" : "Yes",
				"WASTE_BIN" : "Yes",
				"RAMP_PONTOON" : "No",
				"PONTOON_JETTY_NEARBY" : "Yes"
			}
		},
		{
			"type" : "Feature",
			"geometry" : {
				"type" : "Point",
				"coordinates" : [ 152.8307117282, -31.0860934147 ]
			},
			"properties" : {
				"ASSET_OWNER" : "Kempsey Shire Council",
				"BOAT_RAMP_ID" : 259,
				"DESCRIPTION" : "West Kempsey\r Boat Ramp",
				"CONTACT_NUMBER" : "02 6566 3200",
				"STREET" : "Kemp Street \r",
				"SUBURB" : "Kempsey",
				"WATERWAY" : "Macleay River",
				"STATE" : "NSW",
				"POSTCODE" : 2440,
				"NO_OF_RAMP_LANE" : "1",
				"CAR_TRAILER_SPACE" : "40-50",
				"WATERWAY_ACCESS" : "All Times",
				"CONDITION" : "Poor",
				"CONSTRUCTION_MATERIAL" : "Concrete",
				"BBQ" : "No",
				"FEE_PAYABLE" : "No",
				"FISH_CLEAN_TABLE" : "No",
				"FUEL" : "No",
				"KIOSK" : "No",
				"LIGHTING" : "No",
				"TOILET" : "No",
				"WASTE_BIN" : "No",
				"RAMP_PONTOON" : "No",
				"PONTOON_JETTY_NEARBY" : "No"
			}
		},
		{
			"type" : "Feature",
			"geometry" : {
				"type" : "Point",
				"coordinates" : [ 142.8692645665, -34.5231789067 ]
			},
			"properties" : {
				"ASSET_OWNER" : "Balranald Shire Council",
				"BOAT_RAMP_ID" : 281,
				"DESCRIPTION" : "Lake Benanee",
				"CONTACT_NUMBER" : "03 5020 1300",
				"STREET" : "Stuart Highway",
				"SUBURB" : "Euston",
				"WATERWAY" : "Lake Benanee",
				"STATE" : "NSW",
				"POSTCODE" : 2737,
				"NO_OF_RAMP_LANE" : "1",
				"CAR_TRAILER_SPACE" : "51+",
				"WATERWAY_ACCESS" : "All Times",
				"CONDITION" : "Good",
				"CONSTRUCTION_MATERIAL" : "Sand",
				"BBQ" : "No",
				"FEE_PAYABLE" : "No",
				"FISH_CLEAN_TABLE" : "No",
				"FUEL" : "No",
				"KIOSK" : "No",
				"LIGHTING" : "No",
				"TOILET" : "Yes",
				"WASTE_BIN" : "Yes",
				"RAMP_PONTOON" : "No",
				"PONTOON_JETTY_NEARBY" : "No"
			}
		},
		{
			"type" : "Feature",
			"geometry" : {
				"type" : "Point",
				"coordinates" : [ 149.9105688505, -36.8962233164 ]
			},
			"properties" : {
				"ASSET_OWNER" : "Bega Valley Shire Council",
				"BOAT_RAMP_ID" : 349,
				"DESCRIPTION" : "Merimbula South Boat Ramp",
				"CONTACT_NUMBER" : "02 6499 2222",
				"STREET" : "Arthur Kaine Drive",
				"SUBURB" : "Merimbula ",
				"WATERWAY" : "Merimbula Lake (Ocean)",
				"STATE" : "NSW",
				"POSTCODE" : 2548,
				"NO_OF_RAMP_LANE" : "3",
				"CAR_TRAILER_SPACE" : "51+",
				"WATERWAY_ACCESS" : "All Times",
				"CONDITION" : "Good",
				"CONSTRUCTION_MATERIAL" : "Concrete",
				"BBQ" : "No",
				"FEE_PAYABLE" : "No",
				"FISH_CLEAN_TABLE" : "No",
				"FUEL" : "No",
				"KIOSK" : "No",
				"LIGHTING" : "Yes",
				"TOILET" : "Yes",
				"WASTE_BIN" : "Yes",
				"RAMP_PONTOON" : "Yes",
				"PONTOON_JETTY_NEARBY" : "Yes"
			}
		},
		{
			"type" : "Feature",
			"geometry" : {
				"type" : "Point",
				"coordinates" : [ 149.8845157517, -36.9671362687 ]
			},
			"properties" : {
				"ASSET_OWNER" : "Bega Valley Shire Council",
				"BOAT_RAMP_ID" : 405,
				"DESCRIPTION" : "Pambula Lake Boat Ramp",
				"CONTACT_NUMBER" : "02 6499 2222",
				"STREET" : "Landing Road",
				"SUBURB" : "Broadwater",
				"WATERWAY" : "Pambula Lake (Ocean)",
				"STATE" : "NSW",
				"POSTCODE" : 2549,
				"NO_OF_RAMP_LANE" : "2",
				"CAR_TRAILER_SPACE" : "51+",
				"WATERWAY_ACCESS" : "All Times",
				"CONDITION" : "Good",
				"CONSTRUCTION_MATERIAL" : "Concrete",
				"BBQ" : "Yes",
				"FEE_PAYABLE" : "No",
				"FISH_CLEAN_TABLE" : "Yes",
				"FUEL" : "No",
				"KIOSK" : "No",
				"LIGHTING" : "No",
				"TOILET" : "Yes",
				"WASTE_BIN" : "Yes",
				"RAMP_PONTOON" : "Yes",
				"PONTOON_JETTY_NEARBY" : "Yes"
			}
		},
		{
			"type" : "Feature",
			"geometry" : {
				"type" : "Point",
				"coordinates" : [ 149.8845034501, -37.0779219994 ]
			},
			"properties" : {
				"ASSET_OWNER" : "Bega Valley Shire Council",
				"BOAT_RAMP_ID" : 427,
				"DESCRIPTION" : "Quarantine Bay Boat Ramp",
				"CONTACT_NUMBER" : "02 6499 2222",
				"STREET" : "Quarantine Bay Road",
				"SUBURB" : "Eden",
				"WATERWAY" : "Twofold Bay (Ocean)",
				"STATE" : "NSW",
				"POSTCODE" : 2551,
				"NO_OF_RAMP_LANE" : "3",
				"CAR_TRAILER_SPACE" : "51+",
				"WATERWAY_ACCESS" : "All Times",
				"CONDITION" : "Good",
				"CONSTRUCTION_MATERIAL" : "Concrete",
				"BBQ" : "No",
				"FEE_PAYABLE" : "No",
				"FISH_CLEAN_TABLE" : "Yes",
				"FUEL" : "No",
				"KIOSK" : "No",
				"LIGHTING" : "Yes",
				"TOILET" : "Yes",
				"WASTE_BIN" : "Yes",
				"RAMP_PONTOON" : "Yes",
				"PONTOON_JETTY_NEARBY" : "Yes"
			}
		},
		{
			"type" : "Feature",
			"geometry" : {
				"type" : "Point",
				"coordinates" : [ 151.3134788069, -33.4610170431 ]
			},
			"properties" : {
				"ASSET_OWNER" : "Central Coast Council",
				"BOAT_RAMP_ID" : 273,
				"DESCRIPTION" : "Koolewong North Boat Ramp ",
				"CONTACT_NUMBER" : "02 4306 7900",
				"STREET" : "Brisbane Water Drive",
				"SUBURB" : "Koolewong",
				"WATERWAY" : "Brisbane Water",
				"STATE" : "NSW",
				"POSTCODE" : 2256,
				"NO_OF_RAMP_LANE" : "1",
				"CAR_TRAILER_SPACE" : "51+",
				"WATERWAY_ACCESS" : "All Times",
				"CONDITION" : "Good",
				"CONSTRUCTION_MATERIAL" : "Concrete",
				"BBQ" : "No",
				"FEE_PAYABLE" : "No",
				"FISH_CLEAN_TABLE" : "Yes",
				"FUEL" : "No",
				"KIOSK" : "No",
				"LIGHTING" : "Yes",
				"TOILET" : "No",
				"WASTE_BIN" : "No",
				"RAMP_PONTOON" : "No",
				"PONTOON_JETTY_NEARBY" : "Yes"
			}
		},
		{
			"type" : "Feature",
			"geometry" : {
				"type" : "Point",
				"coordinates" : [ 151.3136866586, -33.4614153772 ]
			},
			"properties" : {
				"ASSET_OWNER" : "Central Coast Council",
				"BOAT_RAMP_ID" : 274,
				"DESCRIPTION" : "Koolewong South Boat Ramp",
				"CONTACT_NUMBER" : "02 4306 7900",
				"STREET" : "Brisbane Water Drive",
				"SUBURB" : "Koolewong",
				"WATERWAY" : "Brisbane Water",
				"STATE" : "NSW",
				"POSTCODE" : 2256,
				"NO_OF_RAMP_LANE" : "2",
				"CAR_TRAILER_SPACE" : "51+",
				"WATERWAY_ACCESS" : "All Times",
				"CONDITION" : "Good",
				"CONSTRUCTION_MATERIAL" : "Concrete",
				"BBQ" : "No",
				"FEE_PAYABLE" : "No",
				"FISH_CLEAN_TABLE" : "Yes",
				"FUEL" : "No",
				"KIOSK" : "No",
				"LIGHTING" : "Yes",
				"TOILET" : "No",
				"WASTE_BIN" : "No",
				"RAMP_PONTOON" : "Yes",
				"PONTOON_JETTY_NEARBY" : "Yes"
			}
		},
		{
			"type" : "Feature",
			"geometry" : {
				"type" : "Point",
				"coordinates" : [ 151.4504121306, -33.4476155319 ]
			},
			"properties" : {
				"ASSET_OWNER" : "Central Coast Council",
				"BOAT_RAMP_ID" : 530,
				"DESCRIPTION" : "Terrigal Haven",
				"CONTACT_NUMBER" : "02 4306 7900",
				"STREET" : "Terrigal Esplanade",
				"SUBURB" : "Terrigal",
				"WATERWAY" : "Tasman Sea",
				"STATE" : "NSW",
				"POSTCODE" : 2260,
				"NO_OF_RAMP_LANE" : "2",
				"CAR_TRAILER_SPACE" : "51+",
				"WATERWAY_ACCESS" : "All Times",
				"CONDITION" : "Good",
				"CONSTRUCTION_MATERIAL" : "Concrete",
				"BBQ" : "Yes",
				"FEE_PAYABLE" : "No",
				"FISH_CLEAN_TABLE" : "Yes",
				"FUEL" : "No",
				"KIOSK" : "Yes",
				"LIGHTING" : "Yes",
				"TOILET" : "Yes",
				"WASTE_BIN" : "Yes",
				"RAMP_PONTOON" : "No",
				"PONTOON_JETTY_NEARBY" : "No"
			}
		},
		{
			"type" : "Feature",
			"geometry" : {
				"type" : "Point",
				"coordinates" : [ 151.3415607112, -33.4340692356 ]
			},
			"properties" : {
				"ASSET_OWNER" : "Central Coast Council",
				"BOAT_RAMP_ID" : 344,
				"DESCRIPTION" : "Masons Parade - Gosford Main Boat Ramp",
				"CONTACT_NUMBER" : "02 4306 7900",
				"STREET" : "Masons Parade",
				"SUBURB" : "Gosford",
				"WATERWAY" : "The Broad Water (Brisbane Water)",
				"STATE" : "NSW",
				"POSTCODE" : 2250,
				"NO_OF_RAMP_LANE" : "3",
				"CAR_TRAILER_SPACE" : "51+",
				"WATERWAY_ACCESS" : "All Times",
				"CONDITION" : "Good",
				"CONSTRUCTION_MATERIAL" : "Concrete",
				"BBQ" : "Yes",
				"FEE_PAYABLE" : "No",
				"FISH_CLEAN_TABLE" : "No",
				"FUEL" : "No",
				"KIOSK" : "No",
				"LIGHTING" : "Yes",
				"TOILET" : "Yes",
				"WASTE_BIN" : "No",
				"RAMP_PONTOON" : "Yes",
				"PONTOON_JETTY_NEARBY" : "No"
			}
		},
		{
			"type" : "Feature",
			"geometry" : {
				"type" : "Point",
				"coordinates" : [ 152.5077635886, -32.177008441 ]
			},
			"properties" : {
				"ASSET_OWNER" : "Mid-Coast Council",
				"BOAT_RAMP_ID" : 192,
				"DESCRIPTION" : "Forster Boatharbour Boat Ramp",
				"CONTACT_NUMBER" : "02 7955 7777",
				"STREET" : "Mackeral Terrace",
				"SUBURB" : "Forster",
				"WATERWAY" : "Wallis Lake",
				"STATE" : "NSW",
				"POSTCODE" : 2428,
				"NO_OF_RAMP_LANE" : "4",
				"CAR_TRAILER_SPACE" : "51+",
				"WATERWAY_ACCESS" : "All Times",
				"CONDITION" : "Good",
				"CONSTRUCTION_MATERIAL" : "Concrete",
				"BBQ" : "No",
				"FEE_PAYABLE" : "No",
				"FISH_CLEAN_TABLE" : "Yes",
				"FUEL" : "No",
				"KIOSK" : "No",
				"LIGHTING" : "Yes",
				"TOILET" : "No",
				"WASTE_BIN" : "Yes",
				"RAMP_PONTOON" : "No",
				"PONTOON_JETTY_NEARBY" : "Yes"
			}
		},
		{
			"type" : "Feature",
			"geometry" : {
				"type" : "Point",
				"coordinates" : [ 152.7492027288, -31.8398505969 ]
			},
			"properties" : {
				"ASSET_OWNER" : "Mid-Coast Council",
				"BOAT_RAMP_ID" : 137,
				"DESCRIPTION" : "Crowdy Head Boat Harbour",
				"CONTACT_NUMBER" : "02 7955 7777",
				"STREET" : "Crowdy Street",
				"SUBURB" : "Crowdy Head",
				"WATERWAY" : "Ocean",
				"STATE" : "NSW",
				"POSTCODE" : 2427,
				"NO_OF_RAMP_LANE" : "4",
				"CAR_TRAILER_SPACE" : "51+",
				"WATERWAY_ACCESS" : "All Times",
				"CONDITION" : "Good",
				"CONSTRUCTION_MATERIAL" : "Concrete",
				"BBQ" : "Yes",
				"FEE_PAYABLE" : "No",
				"FISH_CLEAN_TABLE" : "Yes",
				"FUEL" : "No",
				"KIOSK" : "No",
				"LIGHTING" : "Yes",
				"TOILET" : "Yes",
				"WASTE_BIN" : "Yes",
				"RAMP_PONTOON" : "Yes",
				"PONTOON_JETTY_NEARBY" : "Yes"
			}
		},
		{
			"type" : "Feature",
			"geometry" : {
				"type" : "Point",
				"coordinates" : [ 151.0198148673, -33.9760717004 ]
			},
			"properties" : {
				"ASSET_OWNER" : "National Parks And Wildlife Services",
				"BOAT_RAMP_ID" : 202,
				"DESCRIPTION" : "Georges River National Park Boat Ramp",
				"CONTACT_NUMBER" : "1300 072 757",
				"STREET" : "The River Road",
				"SUBURB" : "Revesby",
				"WATERWAY" : "Georges River",
				"STATE" : "NSW",
				"POSTCODE" : 2213,
				"NO_OF_RAMP_LANE" : "2",
				"CAR_TRAILER_SPACE" : "51+",
				"WATERWAY_ACCESS" : "All Times",
				"CONDITION" : "Good",
				"CONSTRUCTION_MATERIAL" : "Concrete",
				"BBQ" : "Yes",
				"FEE_PAYABLE" : "Yes",
				"FISH_CLEAN_TABLE" : "No",
				"FUEL" : "No",
				"KIOSK" : "No",
				"LIGHTING" : "Yes",
				"TOILET" : "Yes",
				"WASTE_BIN" : "Yes",
				"RAMP_PONTOON" : "Yes",
				"PONTOON_JETTY_NEARBY" : "Yes"
			}
		},
		{
			"type" : "Feature",
			"geometry" : {
				"type" : "Point",
				"coordinates" : [ 151.9015103478, -31.9715945685 ]
			},
			"properties" : {
				"ASSET_OWNER" : "Mid-Coast Council",
				"BOAT_RAMP_ID" : 21,
				"DESCRIPTION" : "Barrington Reserve Kayak & Canoe Launch Facility",
				"CONTACT_NUMBER" : "02 7955 7777",
				"STREET" : "Thunderbolts Way",
				"SUBURB" : "Barrington",
				"WATERWAY" : "Barrington River",
				"STATE" : "NSW",
				"POSTCODE" : 2422,
				"NO_OF_RAMP_LANE" : "0",
				"CAR_TRAILER_SPACE" : "51+",
				"WATERWAY_ACCESS" : "Passive Craft Only",
				"CONDITION" : "Good",
				"CONSTRUCTION_MATERIAL" : "Concrete",
				"BBQ" : "Yes",
				"FEE_PAYABLE" : "Yes",
				"FISH_CLEAN_TABLE" : "No",
				"FUEL" : "Yes",
				"KIOSK" : "No",
				"LIGHTING" : "No",
				"TOILET" : "Yes",
				"WASTE_BIN" : "Yes",
				"RAMP_PONTOON" : "No",
				"PONTOON_JETTY_NEARBY" : "No"
			}
		},
		{
			"type" : "Feature",
			"geometry" : {
				"type" : "Point",
				"coordinates" : [ 151.8712413765, -32.0379116555 ]
			},
			"properties" : {
				"ASSET_OWNER" : "Mid-Coast Council",
				"BOAT_RAMP_ID" : 442,
				"DESCRIPTION" : "Rocky Crossing Reserve, Barrington River",
				"CONTACT_NUMBER" : "02 7955 7777",
				"STREET" : "Barrington West Road",
				"SUBURB" : "Barrington",
				"WATERWAY" : "Barrington River",
				"STATE" : "NSW",
				"POSTCODE" : 2422,
				"NO_OF_RAMP_LANE" : "1",
				"CAR_TRAILER_SPACE" : "51+",
				"WATERWAY_ACCESS" : "All Times",
				"CONDITION" : "Poor",
				"CONSTRUCTION_MATERIAL" : "Unsealed",
				"BBQ" : "Yes",
				"FEE_PAYABLE" : "No",
				"FISH_CLEAN_TABLE" : "No",
				"FUEL" : "No",
				"KIOSK" : "No",
				"LIGHTING" : "No",
				"TOILET" : "Yes",
				"WASTE_BIN" : "Yes",
				"RAMP_PONTOON" : "No",
				"PONTOON_JETTY_NEARBY" : "No"
			}
		},
		{
			"type" : "Feature",
			"geometry" : {
				"type" : "Point",
				"coordinates" : [ 151.8429459628, -32.0294176174 ]
			},
			"properties" : {
				"ASSET_OWNER" : "Mid-Coast Council",
				"BOAT_RAMP_ID" : 664,
				"DESCRIPTION" : "The Cove",
				"CONTACT_NUMBER" : "02 7955 7777",
				"STREET" : "Manchester Road",
				"SUBURB" : "Bindera",
				"WATERWAY" : "Barrington River",
				"STATE" : "NSW",
				"POSTCODE" : 2422,
				"NO_OF_RAMP_LANE" : "1",
				"CAR_TRAILER_SPACE" : "51+",
				"WATERWAY_ACCESS" : "Shallow At Times",
				"CONDITION" : "Poor",
				"CONSTRUCTION_MATERIAL" : "Unsealed",
				"BBQ" : "No",
				"FEE_PAYABLE" : "No",
				"FISH_CLEAN_TABLE" : "No",
				"FUEL" : "No",
				"KIOSK" : "No",
				"LIGHTING" : "No",
				"TOILET" : "No",
				"WASTE_BIN" : "No",
				"RAMP_PONTOON" : "No",
				"PONTOON_JETTY_NEARBY" : "No"
			}
		},
		{
			"type" : "Feature",
			"geometry" : {
				"type" : "Point",
				"coordinates" : [ 148.7387323089, -34.897591802 ]
			},
			"properties" : {
				"ASSET_OWNER" : "Yass Valley Council",
				"BOAT_RAMP_ID" : 610,
				"DESCRIPTION" : "Woolgarlo Access Point, Lake Burrinjuck",
				"CONTACT_NUMBER" : "02 6226 1477",
				"STREET" : "Burrinjuck Road",
				"SUBURB" : "Bowning",
				"WATERWAY" : "Lake Burrinjuck",
				"STATE" : "NSW",
				"POSTCODE" : 2582,
				"NO_OF_RAMP_LANE" : "1",
				"CAR_TRAILER_SPACE" : "51+",
				"WATERWAY_ACCESS" : "All Times",
				"CONDITION" : "Good",
				"CONSTRUCTION_MATERIAL" : "Unsealed",
				"BBQ" : "No",
				"FEE_PAYABLE" : "No",
				"FISH_CLEAN_TABLE" : "No",
				"FUEL" : "Yes",
				"KIOSK" : "Yes",
				"LIGHTING" : "No",
				"TOILET" : "Yes",
				"WASTE_BIN" : "Yes",
				"RAMP_PONTOON" : "No",
				"PONTOON_JETTY_NEARBY" : "No"
			}
		},
		{
			"type" : "Feature",
			"geometry" : {
				"type" : "Point",
				"coordinates" : [ 147.8338088438, -31.6861282084 ]
			},
			"properties" : {
				"ASSET_OWNER" : "Warren Shire Council",
				"BOAT_RAMP_ID" : 59,
				"DESCRIPTION" : "Bottom Weir Boat Ramp",
				"CONTACT_NUMBER" : "02 6847 6600",
				"STREET" : "Industrial Access Road",
				"SUBURB" : "Warren",
				"WATERWAY" : "Macquarie River",
				"STATE" : "NSW",
				"POSTCODE" : 2824,
				"NO_OF_RAMP_LANE" : "1",
				"CAR_TRAILER_SPACE" : "51+",
				"WATERWAY_ACCESS" : "Shallow At Times",
				"CONDITION" : "Good",
				"CONSTRUCTION_MATERIAL" : "Concrete",
				"BBQ" : "No",
				"FEE_PAYABLE" : "No",
				"FISH_CLEAN_TABLE" : "No",
				"FUEL" : "No",
				"KIOSK" : "No",
				"LIGHTING" : "No",
				"TOILET" : "No",
				"WASTE_BIN" : "No",
				"RAMP_PONTOON" : "No",
				"PONTOON_JETTY_NEARBY" : "No"
			}
		},
		{
			"type" : "Feature",
			"geometry" : {
				"type" : "Point",
				"coordinates" : [ 151.7359760806, -30.2829563303 ]
			},
			"properties" : {
				"ASSET_OWNER" : "Armidale Regional Council",
				"BOAT_RAMP_ID" : 337,
				"DESCRIPTION" : "Malpas Dam Boat Ramp",
				"CONTACT_NUMBER" : "1300 136 833",
				"STREET" : "Malpas Dam Road",
				"SUBURB" : "Black Mountain",
				"WATERWAY" : "Malpas Dam",
				"STATE" : "NSW",
				"POSTCODE" : 2365,
				"NO_OF_RAMP_LANE" : "1",
				"CAR_TRAILER_SPACE" : "Unconfirmed",
				"WATERWAY_ACCESS" : "All Times",
				"CONDITION" : "Fair",
				"CONSTRUCTION_MATERIAL" : "Concrete",
				"BBQ" : "No",
				"FEE_PAYABLE" : "No",
				"FISH_CLEAN_TABLE" : "No",
				"FUEL" : "No",
				"KIOSK" : "No",
				"LIGHTING" : "No",
				"TOILET" : "No",
				"WASTE_BIN" : "No",
				"RAMP_PONTOON" : "Yes",
				"PONTOON_JETTY_NEARBY" : "No"
			}
		},
		{
			"type" : "Feature",
			"geometry" : {
				"type" : "Point",
				"coordinates" : [ 153.1916707343, -29.4565951167 ]
			},
			"properties" : {
				"ASSET_OWNER" : "Clarence Valley Council",
				"BOAT_RAMP_ID" : 332,
				"DESCRIPTION" : "Old Ferry Road Boat Ramp",
				"CONTACT_NUMBER" : "02 6643 0200",
				"STREET" : "Old Ferry Road",
				"SUBURB" : "Ashby",
				"WATERWAY" : "Clarence River",
				"STATE" : "NSW",
				"POSTCODE" : 2463,
				"NO_OF_RAMP_LANE" : "1",
				"CAR_TRAILER_SPACE" : "Unconfirmed",
				"WATERWAY_ACCESS" : "All Times",
				"CONDITION" : "Poor",
				"CONSTRUCTION_MATERIAL" : "Not Provided",
				"BBQ" : "No",
				"FEE_PAYABLE" : "No",
				"FISH_CLEAN_TABLE" : "No",
				"FUEL" : "No",
				"KIOSK" : "No",
				"LIGHTING" : "No",
				"TOILET" : "No",
				"WASTE_BIN" : "No",
				"RAMP_PONTOON" : "No",
				"PONTOON_JETTY_NEARBY" : "No"
			}
		},
		{
			"type" : "Feature",
			"geometry" : {
				"type" : "Point",
				"coordinates" : [ 153.07726712, -29.5689737476 ]
			},
			"properties" : {
				"ASSET_OWNER" : "Clarence Valley Council",
				"BOAT_RAMP_ID" : 133,
				"DESCRIPTION" : "Cowper Boat Ramp ",
				"CONTACT_NUMBER" : "02 6643 0200",
				"STREET" : "Clarence St",
				"SUBURB" : "Cowper",
				"WATERWAY" : "Clarence River (South Arm)",
				"STATE" : "NSW",
				"POSTCODE" : 2460,
				"NO_OF_RAMP_LANE" : "1",
				"CAR_TRAILER_SPACE" : "Unconfirmed",
				"WATERWAY_ACCESS" : "All Times",
				"CONDITION" : "Poor",
				"CONSTRUCTION_MATERIAL" : "Not Provided",
				"BBQ" : "No",
				"FEE_PAYABLE" : "No",
				"FISH_CLEAN_TABLE" : "No",
				"FUEL" : "No",
				"KIOSK" : "No",
				"LIGHTING" : "No",
				"TOILET" : "No",
				"WASTE_BIN" : "No",
				"RAMP_PONTOON" : "No",
				"PONTOON_JETTY_NEARBY" : "Yes"
			}
		},
		{
			"type" : "Feature",
			"geometry" : {
				"type" : "Point",
				"coordinates" : [ 152.9136564096, -29.6338201551 ]
			},
			"properties" : {
				"ASSET_OWNER" : "Clarence Valley Council",
				"BOAT_RAMP_ID" : 488,
				"DESCRIPTION" : "Carrs Peninsular Boat Ramp",
				"CONTACT_NUMBER" : "02 6643 0200",
				"STREET" : "Carrs Peninsular Road",
				"SUBURB" : "Junction Hill",
				"WATERWAY" : "Clarence River",
				"STATE" : "NSW",
				"POSTCODE" : 2460,
				"NO_OF_RAMP_LANE" : "1",
				"CAR_TRAILER_SPACE" : "Unconfirmed",
				"WATERWAY_ACCESS" : "All Times",
				"CONDITION" : "Poor",
				"CONSTRUCTION_MATERIAL" : "Not Provided",
				"BBQ" : "No",
				"FEE_PAYABLE" : "No",
				"FISH_CLEAN_TABLE" : "No",
				"FUEL" : "No",
				"KIOSK" : "No",
				"LIGHTING" : "No",
				"TOILET" : "No",
				"WASTE_BIN" : "No",
				"RAMP_PONTOON" : "No",
				"PONTOON_JETTY_NEARBY" : "No"
			}
		},
		{
			"type" : "Feature",
			"geometry" : {
				"type" : "Point",
				"coordinates" : [ 153.104867123, -29.6663157643 ]
			},
			"properties" : {
				"ASSET_OWNER" : "Clarence Valley Council",
				"BOAT_RAMP_ID" : 552,
				"DESCRIPTION" : "Coldstream Terrace - Tucabia",
				"CONTACT_NUMBER" : "02 6643 0200",
				"STREET" : " Coldstream Terrace",
				"SUBURB" : "Tucabia",
				"WATERWAY" : "Coldstream River",
				"STATE" : "NSW",
				"POSTCODE" : 2462,
				"NO_OF_RAMP_LANE" : "1",
				"CAR_TRAILER_SPACE" : "Unconfirmed",
				"WATERWAY_ACCESS" : "All Times",
				"CONDITION" : "Poor",
				"CONSTRUCTION_MATERIAL" : "Bitumen",
				"BBQ" : "No",
				"FEE_PAYABLE" : "No",
				"FISH_CLEAN_TABLE" : "No",
				"FUEL" : "No",
				"KIOSK" : "No",
				"LIGHTING" : "No",
				"TOILET" : "No",
				"WASTE_BIN" : "No",
				"RAMP_PONTOON" : "No",
				"PONTOON_JETTY_NEARBY" : "No"
			}
		},
		{
			"type" : "Feature",
			"geometry" : {
				"type" : "Point",
				"coordinates" : [ 152.7834767773, -29.5910548239 ]
			},
			"properties" : {
				"ASSET_OWNER" : "Clarence Valley Council",
				"BOAT_RAMP_ID" : 130,
				"DESCRIPTION" : "Copmanhurst Boat Ramp ",
				"CONTACT_NUMBER" : "02 6643 0200",
				"STREET" : "Lawrence Street",
				"SUBURB" : "Copmanhurst",
				"WATERWAY" : "Clarence River",
				"STATE" : "NSW",
				"POSTCODE" : 2460,
				"NO_OF_RAMP_LANE" : "1",
				"CAR_TRAILER_SPACE" : "Unconfirmed",
				"WATERWAY_ACCESS" : "All Times",
				"CONDITION" : "Poor",
				"CONSTRUCTION_MATERIAL" : "Not Provided",
				"BBQ" : "No",
				"FEE_PAYABLE" : "No",
				"FISH_CLEAN_TABLE" : "No",
				"FUEL" : "No",
				"KIOSK" : "No",
				"LIGHTING" : "No",
				"TOILET" : "No",
				"WASTE_BIN" : "No",
				"RAMP_PONTOON" : "No",
				"PONTOON_JETTY_NEARBY" : "No"
			}
		},
		{
			"type" : "Feature",
			"geometry" : {
				"type" : "Point",
				"coordinates" : [ 153.184105843, -29.4694496584 ]
			},
			"properties" : {
				"ASSET_OWNER" : "Clarence Valley Council",
				"BOAT_RAMP_ID" : 243,
				"DESCRIPTION" : "Ilarwil Boat Ramp",
				"CONTACT_NUMBER" : "02 6643 0200",
				"STREET" : "Lawrence Road",
				"SUBURB" : "Ilarwill",
				"WATERWAY" : "Clarence River",
				"STATE" : "NSW",
				"POSTCODE" : 2463,
				"NO_OF_RAMP_LANE" : "1",
				"CAR_TRAILER_SPACE" : "Unconfirmed",
				"WATERWAY_ACCESS" : "All Times",
				"CONDITION" : "Poor",
				"CONSTRUCTION_MATERIAL" : "Unsealed",
				"BBQ" : "No",
				"FEE_PAYABLE" : "No",
				"FISH_CLEAN_TABLE" : "No",
				"FUEL" : "No",
				"KIOSK" : "No",
				"LIGHTING" : "No",
				"TOILET" : "No",
				"WASTE_BIN" : "No",
				"RAMP_PONTOON" : "No",
				"PONTOON_JETTY_NEARBY" : "No"
			}
		},
		{
			"type" : "Feature",
			"geometry" : {
				"type" : "Point",
				"coordinates" : [ 152.9533241795, -29.6782004788 ]
			},
			"properties" : {
				"ASSET_OWNER" : "Clarence Valley Council",
				"BOAT_RAMP_ID" : 275,
				"DESCRIPTION" : "Kirchner Street Boat Ramp",
				"CONTACT_NUMBER" : "02 6643 0200",
				"STREET" : "Kirchner Street",
				"SUBURB" : "Grafton",
				"WATERWAY" : "Clarence River",
				"STATE" : "NSW",
				"POSTCODE" : 2460,
				"NO_OF_RAMP_LANE" : "2",
				"CAR_TRAILER_SPACE" : "Unconfirmed",
				"WATERWAY_ACCESS" : "All Times",
				"CONDITION" : "Good",
				"CONSTRUCTION_MATERIAL" : "Not Provided",
				"BBQ" : "Yes",
				"FEE_PAYABLE" : "No",
				"FISH_CLEAN_TABLE" : "No",
				"FUEL" : "No",
				"KIOSK" : "No",
				"LIGHTING" : "Yes",
				"TOILET" : "Yes",
				"WASTE_BIN" : "No",
				"RAMP_PONTOON" : "No",
				"PONTOON_JETTY_NEARBY" : "Yes"
			}
		},
		{
			"type" : "Feature",
			"geometry" : {
				"type" : "Point",
				"coordinates" : [ 153.0276417037, -29.6303449482 ]
			},
			"properties" : {
				"ASSET_OWNER" : "Clarence Valley Council",
				"BOAT_RAMP_ID" : 562,
				"DESCRIPTION" : "River Street Boat Ramp",
				"CONTACT_NUMBER" : "02 6643 0200",
				"STREET" : "River Street",
				"SUBURB" : "Ulmarra",
				"WATERWAY" : "Clarence River",
				"STATE" : "NSW",
				"POSTCODE" : 2462,
				"NO_OF_RAMP_LANE" : "1",
				"CAR_TRAILER_SPACE" : "Unconfirmed",
				"WATERWAY_ACCESS" : "All Times",
				"CONDITION" : "Good",
				"CONSTRUCTION_MATERIAL" : "Not Provided",
				"BBQ" : "No",
				"FEE_PAYABLE" : "No",
				"FISH_CLEAN_TABLE" : "No",
				"FUEL" : "No",
				"KIOSK" : "No",
				"LIGHTING" : "No",
				"TOILET" : "No",
				"WASTE_BIN" : "No",
				"RAMP_PONTOON" : "Yes",
				"PONTOON_JETTY_NEARBY" : "Yes"
			}
		},
		{
			"type" : "Feature",
			"geometry" : {
				"type" : "Point",
				"coordinates" : [ 152.9352739428, -29.7008451132 ]
			},
			"properties" : {
				"ASSET_OWNER" : "Clarence Valley Council",
				"BOAT_RAMP_ID" : 489,
				"DESCRIPTION" : "Through Street Boat Ramp",
				"CONTACT_NUMBER" : "02 6643 0200",
				"STREET" : "Through Street",
				"SUBURB" : "South Grafton",
				"WATERWAY" : "Clarence River",
				"STATE" : "NSW",
				"POSTCODE" : 2460,
				"NO_OF_RAMP_LANE" : "1",
				"CAR_TRAILER_SPACE" : "Unconfirmed",
				"WATERWAY_ACCESS" : "All Times",
				"CONDITION" : "Good",
				"CONSTRUCTION_MATERIAL" : "Not Provided",
				"BBQ" : "No",
				"FEE_PAYABLE" : "No",
				"FISH_CLEAN_TABLE" : "No",
				"FUEL" : "No",
				"KIOSK" : "No",
				"LIGHTING" : "No",
				"TOILET" : "No",
				"WASTE_BIN" : "No",
				"RAMP_PONTOON" : "Yes",
				"PONTOON_JETTY_NEARBY" : "Yes"
			}
		},
		{
			"type" : "Feature",
			"geometry" : {
				"type" : "Point",
				"coordinates" : [ 153.0969746616, -29.5069306855 ]
			},
			"properties" : {
				"ASSET_OWNER" : "Clarence Valley Council",
				"BOAT_RAMP_ID" : 330,
				"DESCRIPTION" : "Weir Road Boat Ramp",
				"CONTACT_NUMBER" : "02 6643 0200",
				"STREET" : "Weir Road",
				"SUBURB" : "Lower Southgate",
				"WATERWAY" : "Clarence River",
				"STATE" : "NSW",
				"POSTCODE" : 2460,
				"NO_OF_RAMP_LANE" : "1",
				"CAR_TRAILER_SPACE" : "Unconfirmed",
				"WATERWAY_ACCESS" : "All Times",
				"CONDITION" : "Poor",
				"CONSTRUCTION_MATERIAL" : "Not Provided",
				"BBQ" : "Yes",
				"FEE_PAYABLE" : "No",
				"FISH_CLEAN_TABLE" : "No",
				"FUEL" : "No",
				"KIOSK" : "No",
				"LIGHTING" : "No",
				"TOILET" : "No",
				"WASTE_BIN" : "No",
				"RAMP_PONTOON" : "No",
				"PONTOON_JETTY_NEARBY" : "No"
			}
		},
		{
			"type" : "Feature",
			"geometry" : {
				"type" : "Point",
				"coordinates" : [ 153.2646424953, -29.8706021587 ]
			},
			"properties" : {
				"ASSET_OWNER" : "Clarence Valley Council",
				"BOAT_RAMP_ID" : 612,
				"DESCRIPTION" : "Wooli River Caravan Park Boat Ramp",
				"CONTACT_NUMBER" : "02 6643 0200",
				"STREET" : "Riverside Drive",
				"SUBURB" : "Wooli ",
				"WATERWAY" : "Wooli Wooli River",
				"STATE" : "NSW",
				"POSTCODE" : 2462,
				"NO_OF_RAMP_LANE" : "1",
				"CAR_TRAILER_SPACE" : "Unconfirmed",
				"WATERWAY_ACCESS" : "Shallow At Times",
				"CONDITION" : "Poor",
				"CONSTRUCTION_MATERIAL" : "Concrete",
				"BBQ" : "No",
				"FEE_PAYABLE" : "No",
				"FISH_CLEAN_TABLE" : "No",
				"FUEL" : "No",
				"KIOSK" : "No",
				"LIGHTING" : "No",
				"TOILET" : "No",
				"WASTE_BIN" : "No",
				"RAMP_PONTOON" : "No",
				"PONTOON_JETTY_NEARBY" : "Yes"
			}
		},
		{
			"type" : "Feature",
			"geometry" : {
				"type" : "Point",
				"coordinates" : [ 153.3486832827, -29.4078006092 ]
			},
			"properties" : {
				"ASSET_OWNER" : "Clarence Valley Council",
				"BOAT_RAMP_ID" : 593,
				"DESCRIPTION" : "Charlie Ryan Park Boat Ramp",
				"CONTACT_NUMBER" : "02 6643 0200",
				"STREET" : "Young Street",
				"SUBURB" : "Iluka",
				"WATERWAY" : "Clarence River (Iluka Bay)",
				"STATE" : "NSW",
				"POSTCODE" : 2466,
				"NO_OF_RAMP_LANE" : "1",
				"CAR_TRAILER_SPACE" : "Unconfirmed",
				"WATERWAY_ACCESS" : "All Times",
				"CONDITION" : "Poor",
				"CONSTRUCTION_MATERIAL" : "Sand",
				"BBQ" : "No",
				"FEE_PAYABLE" : "No",
				"FISH_CLEAN_TABLE" : "No",
				"FUEL" : "No",
				"KIOSK" : "No",
				"LIGHTING" : "No",
				"TOILET" : "No",
				"WASTE_BIN" : "No",
				"RAMP_PONTOON" : "No",
				"PONTOON_JETTY_NEARBY" : "No"
			}
		},
		{
			"type" : "Feature",
			"geometry" : {
				"type" : "Point",
				"coordinates" : [ 151.7834857735, -32.5819686395 ]
			},
			"properties" : {
				"ASSET_OWNER" : "Dungog Shire Council",
				"BOAT_RAMP_ID" : 640,
				"DESCRIPTION" : "Bridge Reserve Boat Ramp",
				"CONTACT_NUMBER" : "02 4995 7777",
				"STREET" : "Durham Street",
				"SUBURB" : "Clarence Town",
				"WATERWAY" : "Williams River",
				"STATE" : "NSW",
				"POSTCODE" : 2321,
				"NO_OF_RAMP_LANE" : "1",
				"CAR_TRAILER_SPACE" : "Unconfirmed",
				"WATERWAY_ACCESS" : "All Times",
				"CONDITION" : "Fair",
				"CONSTRUCTION_MATERIAL" : "Concrete",
				"BBQ" : "Yes",
				"FEE_PAYABLE" : "No",
				"FISH_CLEAN_TABLE" : "No",
				"FUEL" : "No",
				"KIOSK" : "No",
				"LIGHTING" : "No",
				"TOILET" : "Yes",
				"WASTE_BIN" : "Yes",
				"RAMP_PONTOON" : "Yes",
				"PONTOON_JETTY_NEARBY" : "Yes"
			}
		},
		{
			"type" : "Feature",
			"geometry" : {
				"type" : "Point",
				"coordinates" : [ 148.8055079302, -34.9240330008 ]
			},
			"properties" : {
				"ASSET_OWNER" : "Good Hope Resort ",
				"BOAT_RAMP_ID" : 207,
				"DESCRIPTION" : "Good Hope Resort Boat Ramp -\nLake Burrinjuck",
				"CONTACT_NUMBER" : "02 6227 1234",
				"STREET" : "Good Hope Road",
				"SUBURB" : "Good Hope",
				"WATERWAY" : "Lake Burrinjuck / Murrumbidgee River",
				"STATE" : "NSW",
				"POSTCODE" : 2582,
				"NO_OF_RAMP_LANE" : "1",
				"CAR_TRAILER_SPACE" : "Unconfirmed",
				"WATERWAY_ACCESS" : "All Times",
				"CONDITION" : "Fair",
				"CONSTRUCTION_MATERIAL" : "Concrete",
				"BBQ" : "No",
				"FEE_PAYABLE" : "Yes",
				"FISH_CLEAN_TABLE" : "No",
				"FUEL" : "No",
				"KIOSK" : "Yes",
				"LIGHTING" : "No",
				"TOILET" : "Yes",
				"WASTE_BIN" : "No",
				"RAMP_PONTOON" : "No",
				"PONTOON_JETTY_NEARBY" : "No"
			}
		},
		{
			"type" : "Feature",
			"geometry" : {
				"type" : "Point",
				"coordinates" : [ 151.3451967694, -33.4913800776 ]
			},
			"properties" : {
				"ASSET_OWNER" : "Central Coast Council",
				"BOAT_RAMP_ID" : 661,
				"DESCRIPTION" : "St Huberts Island Boat Ramp",
				"CONTACT_NUMBER" : "02 4306 7900",
				"STREET" : "Beachfront Parade",
				"SUBURB" : "St Huberts Island",
				"WATERWAY" : "Brisbane Water",
				"STATE" : "NSW",
				"POSTCODE" : 2257,
				"NO_OF_RAMP_LANE" : "1",
				"CAR_TRAILER_SPACE" : "Unconfirmed",
				"WATERWAY_ACCESS" : "All Times",
				"CONDITION" : "Fair",
				"CONSTRUCTION_MATERIAL" : "Sand",
				"BBQ" : "No",
				"FEE_PAYABLE" : "No",
				"FISH_CLEAN_TABLE" : "No",
				"FUEL" : "No",
				"KIOSK" : "No",
				"LIGHTING" : "No",
				"TOILET" : "No",
				"WASTE_BIN" : "No",
				"RAMP_PONTOON" : "No",
				"PONTOON_JETTY_NEARBY" : "No"
			}
		},
		{
			"type" : "Feature",
			"geometry" : {
				"type" : "Point",
				"coordinates" : [ 151.9628680764, -32.5427745584 ]
			},
			"properties" : {
				"ASSET_OWNER" : "Mid-Coast Council",
				"BOAT_RAMP_ID" : 636,
				"DESCRIPTION" : "Allworth Boat Ramp",
				"CONTACT_NUMBER" : "02 7955 7777",
				"STREET" : "Stroud Street",
				"SUBURB" : "Allworth",
				"WATERWAY" : "Karuah River",
				"STATE" : "NSW",
				"POSTCODE" : 2425,
				"NO_OF_RAMP_LANE" : "2",
				"CAR_TRAILER_SPACE" : "Unconfirmed",
				"WATERWAY_ACCESS" : "All Times",
				"CONDITION" : "Fair",
				"CONSTRUCTION_MATERIAL" : "Concrete",
				"BBQ" : "No",
				"FEE_PAYABLE" : "No",
				"FISH_CLEAN_TABLE" : "No",
				"FUEL" : "No",
				"KIOSK" : "No",
				"LIGHTING" : "No",
				"TOILET" : "No",
				"WASTE_BIN" : "No",
				"RAMP_PONTOON" : "No",
				"PONTOON_JETTY_NEARBY" : "Yes"
			}
		},
		{
			"type" : "Feature",
			"geometry" : {
				"type" : "Point",
				"coordinates" : [ 152.1590725865, -32.6649008603 ]
			},
			"properties" : {
				"ASSET_OWNER" : "Mid-Coast Council",
				"BOAT_RAMP_ID" : 653,
				"DESCRIPTION" : "Marine Drive Boat Ramp",
				"CONTACT_NUMBER" : "02 7955 7777",
				"STREET" : "Marine Drive",
				"SUBURB" : "Tea Gardens",
				"WATERWAY" : "Myall River",
				"STATE" : "NSW",
				"POSTCODE" : 2324,
				"NO_OF_RAMP_LANE" : "1",
				"CAR_TRAILER_SPACE" : "Unconfirmed",
				"WATERWAY_ACCESS" : "All Times",
				"CONDITION" : "Fair",
				"CONSTRUCTION_MATERIAL" : "Concrete",
				"BBQ" : "No",
				"FEE_PAYABLE" : "No",
				"FISH_CLEAN_TABLE" : "No",
				"FUEL" : "No",
				"KIOSK" : "No",
				"LIGHTING" : "Yes",
				"TOILET" : "No",
				"WASTE_BIN" : "No",
				"RAMP_PONTOON" : "No",
				"PONTOON_JETTY_NEARBY" : "Yes"
			}
		},
		{
			"type" : "Feature",
			"geometry" : {
				"type" : "Point",
				"coordinates" : [ 152.0610242248, -32.6629466967 ]
			},
			"properties" : {
				"ASSET_OWNER" : "Mid-Coast Council",
				"BOAT_RAMP_ID" : 642,
				"DESCRIPTION" : "Bundabah Boat Ramp",
				"CONTACT_NUMBER" : "02 7955 7777",
				"STREET" : "Bundabah Road",
				"SUBURB" : "Bundabah",
				"WATERWAY" : "Port Stephens",
				"STATE" : "NSW",
				"POSTCODE" : 2324,
				"NO_OF_RAMP_LANE" : "1",
				"CAR_TRAILER_SPACE" : "Unconfirmed",
				"WATERWAY_ACCESS" : "All Times",
				"CONDITION" : "Fair",
				"CONSTRUCTION_MATERIAL" : "Concrete",
				"BBQ" : "No",
				"FEE_PAYABLE" : "No",
				"FISH_CLEAN_TABLE" : "No",
				"FUEL" : "No",
				"KIOSK" : "No",
				"LIGHTING" : "No",
				"TOILET" : "No",
				"WASTE_BIN" : "No",
				"RAMP_PONTOON" : "No",
				"PONTOON_JETTY_NEARBY" : "No"
			}
		},
		{
			"type" : "Feature",
			"geometry" : {
				"type" : "Point",
				"coordinates" : [ 152.1004380399, -32.6842059875 ]
			},
			"properties" : {
				"ASSET_OWNER" : "Mid-Coast Council",
				"BOAT_RAMP_ID" : 656,
				"DESCRIPTION" : "Pindimar Boat Ramp",
				"CONTACT_NUMBER" : "02 7955 7777",
				"STREET" : "Curlew Avenue",
				"SUBURB" : "Pindimar",
				"WATERWAY" : "Port Stephens",
				"STATE" : "NSW",
				"POSTCODE" : 2324,
				"NO_OF_RAMP_LANE" : "1",
				"CAR_TRAILER_SPACE" : "Unconfirmed",
				"WATERWAY_ACCESS" : "All Times",
				"CONDITION" : "Fair",
				"CONSTRUCTION_MATERIAL" : "Unsealed",
				"BBQ" : "No",
				"FEE_PAYABLE" : "No",
				"FISH_CLEAN_TABLE" : "No",
				"FUEL" : "No",
				"KIOSK" : "No",
				"LIGHTING" : "No",
				"TOILET" : "No",
				"WASTE_BIN" : "No",
				"RAMP_PONTOON" : "No",
				"PONTOON_JETTY_NEARBY" : "No"
			}
		},
		{
			"type" : "Feature",
			"geometry" : {
				"type" : "Point",
				"coordinates" : [ 150.8856492749, -33.4366517862 ]
			},
			"properties" : {
				"ASSET_OWNER" : "Hawkesbury City Council",
				"BOAT_RAMP_ID" : 329,
				"DESCRIPTION" : "Lower Portland Public Boat Ramp",
				"CONTACT_NUMBER" : "02 4560 4444",
				"STREET" : "River Road",
				"SUBURB" : "Lower Portland",
				"WATERWAY" : "Hawkesbury River",
				"STATE" : "NSW",
				"POSTCODE" : 2756,
				"NO_OF_RAMP_LANE" : "1",
				"CAR_TRAILER_SPACE" : "Unconfirmed",
				"WATERWAY_ACCESS" : "All Times",
				"CONDITION" : "Poor",
				"CONSTRUCTION_MATERIAL" : "Concrete",
				"BBQ" : "No",
				"FEE_PAYABLE" : "No",
				"FISH_CLEAN_TABLE" : "No",
				"FUEL" : "No",
				"KIOSK" : "No",
				"LIGHTING" : "No",
				"TOILET" : "No",
				"WASTE_BIN" : "Yes",
				"RAMP_PONTOON" : "No",
				"PONTOON_JETTY_NEARBY" : "No"
			}
		},
		{
			"type" : "Feature",
			"geometry" : {
				"type" : "Point",
				"coordinates" : [ 150.8592192048, -33.567690838 ]
			},
			"properties" : {
				"ASSET_OWNER" : "Hawkesbury City Council",
				"BOAT_RAMP_ID" : 414,
				"DESCRIPTION" : "Pitt Town Boat Ramp",
				"CONTACT_NUMBER" : "02 4560 4444",
				"STREET" : "Punt Road",
				"SUBURB" : "Pitt Town",
				"WATERWAY" : "Hawkesbury River",
				"STATE" : "NSW",
				"POSTCODE" : 2756,
				"NO_OF_RAMP_LANE" : "1",
				"CAR_TRAILER_SPACE" : "Unconfirmed",
				"WATERWAY_ACCESS" : "All Times",
				"CONDITION" : "Fair",
				"CONSTRUCTION_MATERIAL" : "Unsealed",
				"BBQ" : "No",
				"FEE_PAYABLE" : "No",
				"FISH_CLEAN_TABLE" : "No",
				"FUEL" : "No",
				"KIOSK" : "No",
				"LIGHTING" : "No",
				"TOILET" : "No",
				"WASTE_BIN" : "No",
				"RAMP_PONTOON" : "No",
				"PONTOON_JETTY_NEARBY" : "No"
			}
		},
		{
			"type" : "Feature",
			"geometry" : {
				"type" : "Point",
				"coordinates" : [ 150.9899045631, -33.3831275885 ]
			},
			"properties" : {
				"ASSET_OWNER" : "The Council Of The Shire Of Hornsby",
				"BOAT_RAMP_ID" : 602,
				"DESCRIPTION" : "Wisemans Ferry Boat Ramp",
				"CONTACT_NUMBER" : "02 9847 6666",
				"STREET" : "Old Northern Road",
				"SUBURB" : "Wisemans Ferry ",
				"WATERWAY" : "Hawkesbury River",
				"STATE" : "NSW",
				"POSTCODE" : 2775,
				"NO_OF_RAMP_LANE" : "3",
				"CAR_TRAILER_SPACE" : "150",
				"WATERWAY_ACCESS" : "All Times",
				"CONDITION" : "Good",
				"CONSTRUCTION_MATERIAL" : "Concrete",
				"BBQ" : "No",
				"FEE_PAYABLE" : "No",
				"FISH_CLEAN_TABLE" : "No",
				"FUEL" : "No",
				"KIOSK" : "Yes",
				"LIGHTING" : "Yes",
				"TOILET" : "Yes",
				"WASTE_BIN" : "No",
				"RAMP_PONTOON" : "Yes",
				"PONTOON_JETTY_NEARBY" : "Yes"
			}
		},
		{
			"type" : "Feature",
			"geometry" : {
				"type" : "Point",
				"coordinates" : [ 151.2546258735, -29.3911366566 ]
			},
			"properties" : {
				"ASSET_OWNER" : "Inverell Shire Council",
				"BOAT_RAMP_ID" : 413,
				"DESCRIPTION" : "Pindari Dam",
				"CONTACT_NUMBER" : "02 6728 8288",
				"STREET" : "Pindari Dam Road",
				"SUBURB" : "Pindaroi ",
				"WATERWAY" : "Pindari Dam",
				"STATE" : "NSW",
				"POSTCODE" : 2361,
				"NO_OF_RAMP_LANE" : "1",
				"CAR_TRAILER_SPACE" : "Unconfirmed",
				"WATERWAY_ACCESS" : "All Times",
				"CONDITION" : "Good",
				"CONSTRUCTION_MATERIAL" : "Concrete",
				"BBQ" : "Yes",
				"FEE_PAYABLE" : "No",
				"FISH_CLEAN_TABLE" : "Yes",
				"FUEL" : "No",
				"KIOSK" : "No",
				"LIGHTING" : "No",
				"TOILET" : "Yes",
				"WASTE_BIN" : "No",
				"RAMP_PONTOON" : "No",
				"PONTOON_JETTY_NEARBY" : "No"
			}
		},
		{
			"type" : "Feature",
			"geometry" : {
				"type" : "Point",
				"coordinates" : [ 151.6377756652, -33.0757770844 ]
			},
			"properties" : {
				"ASSET_OWNER" : "Lake Macquarie City Council",
				"BOAT_RAMP_ID" : 511,
				"DESCRIPTION" : "Swansea Boat Ramp",
				"CONTACT_NUMBER" : "02 4921 0333",
				"STREET" : "Dobinson Drive",
				"SUBURB" : "Swansea",
				"WATERWAY" : "Lake Macquarie",
				"STATE" : "NSW",
				"POSTCODE" : 2281,
				"NO_OF_RAMP_LANE" : "3",
				"CAR_TRAILER_SPACE" : "Unconfirmed",
				"WATERWAY_ACCESS" : "All Times",
				"CONDITION" : "Good",
				"CONSTRUCTION_MATERIAL" : "Concrete",
				"BBQ" : "No",
				"FEE_PAYABLE" : "No",
				"FISH_CLEAN_TABLE" : "Yes",
				"FUEL" : "No",
				"KIOSK" : "No",
				"LIGHTING" : "Yes",
				"TOILET" : "No",
				"WASTE_BIN" : "Yes",
				"RAMP_PONTOON" : "No",
				"PONTOON_JETTY_NEARBY" : "No"
			}
		},
		{
			"type" : "Feature",
			"geometry" : {
				"type" : "Point",
				"coordinates" : [ 151.2516047574, -33.8071897834 ]
			},
			"properties" : {
				"ASSET_OWNER" : "Northern Beaches Council",
				"BOAT_RAMP_ID" : 112,
				"DESCRIPTION" : "Clontarf Reserve Boat Ramp",
				"CONTACT_NUMBER" : "1300 434 434",
				"STREET" : "Sandy Bay Road",
				"SUBURB" : "Clontarf",
				"WATERWAY" : "Sydney Harbour",
				"STATE" : "NSW",
				"POSTCODE" : 2093,
				"NO_OF_RAMP_LANE" : "1",
				"CAR_TRAILER_SPACE" : "Unconfirmed",
				"WATERWAY_ACCESS" : "All Times",
				"CONDITION" : "Fair",
				"CONSTRUCTION_MATERIAL" : "Sand",
				"BBQ" : "No",
				"FEE_PAYABLE" : "No",
				"FISH_CLEAN_TABLE" : "No",
				"FUEL" : "Yes",
				"KIOSK" : "No",
				"LIGHTING" : "No",
				"TOILET" : "Yes",
				"WASTE_BIN" : "No",
				"RAMP_PONTOON" : "No",
				"PONTOON_JETTY_NEARBY" : "No"
			}
		},
		{
			"type" : "Feature",
			"geometry" : {
				"type" : "Point",
				"coordinates" : [ 151.2862240988, -33.8063352045 ]
			},
			"properties" : {
				"ASSET_OWNER" : "Northern Beaches Council",
				"BOAT_RAMP_ID" : 323,
				"DESCRIPTION" : "Little Manly Cove",
				"CONTACT_NUMBER" : "1300 434 434",
				"STREET" : "Craig Avenue",
				"SUBURB" : "Manly",
				"WATERWAY" : "Sydney Harbour",
				"STATE" : "NSW",
				"POSTCODE" : 2095,
				"NO_OF_RAMP_LANE" : "1",
				"CAR_TRAILER_SPACE" : "Unconfirmed",
				"WATERWAY_ACCESS" : "Shallow At Times",
				"CONDITION" : "Fair",
				"CONSTRUCTION_MATERIAL" : "Concrete",
				"BBQ" : "No",
				"FEE_PAYABLE" : "No",
				"FISH_CLEAN_TABLE" : "No",
				"FUEL" : "No",
				"KIOSK" : "Yes",
				"LIGHTING" : "Yes",
				"TOILET" : "Yes",
				"WASTE_BIN" : "No",
				"RAMP_PONTOON" : "No",
				"PONTOON_JETTY_NEARBY" : "No"
			}
		},
		{
			"type" : "Feature",
			"geometry" : {
				"type" : "Point",
				"coordinates" : [ 152.9352703785, -30.7046803106 ]
			},
			"properties" : {
				"ASSET_OWNER" : "Nambucca Valley Council",
				"BOAT_RAMP_ID" : 384,
				"DESCRIPTION" : "Newee Creek - Macksville",
				"CONTACT_NUMBER" : "02 6568 2555",
				"STREET" : "Nursery Road",
				"SUBURB" : "Macksville",
				"WATERWAY" : "Newee Creek",
				"STATE" : "NSW",
				"POSTCODE" : 2447,
				"NO_OF_RAMP_LANE" : "1",
				"CAR_TRAILER_SPACE" : "Unconfirmed",
				"WATERWAY_ACCESS" : "Shallow At Times",
				"CONDITION" : "Poor",
				"CONSTRUCTION_MATERIAL" : "Unsealed",
				"BBQ" : "No",
				"FEE_PAYABLE" : "No",
				"FISH_CLEAN_TABLE" : "No",
				"FUEL" : "No",
				"KIOSK" : "No",
				"LIGHTING" : "No",
				"TOILET" : "No",
				"WASTE_BIN" : "No",
				"RAMP_PONTOON" : "No",
				"PONTOON_JETTY_NEARBY" : "No"
			}
		},
		{
			"type" : "Feature",
			"geometry" : {
				"type" : "Point",
				"coordinates" : [ 149.4433544732, -30.2282107356 ]
			},
			"properties" : {
				"ASSET_OWNER" : "Narrabri Shire Council",
				"BOAT_RAMP_ID" : 584,
				"DESCRIPTION" : "Wee Waa Lagoon Boat Ramp",
				"CONTACT_NUMBER" : "02 6799 6866",
				"STREET" : "6 Charles Street",
				"SUBURB" : "Wee Waa",
				"WATERWAY" : "Wee Waa Lagoon",
				"STATE" : "NSW",
				"POSTCODE" : 2388,
				"NO_OF_RAMP_LANE" : "1",
				"CAR_TRAILER_SPACE" : "Unconfirmed",
				"WATERWAY_ACCESS" : "All Times",
				"CONDITION" : "Good",
				"CONSTRUCTION_MATERIAL" : "Concrete",
				"BBQ" : "No",
				"FEE_PAYABLE" : "No",
				"FISH_CLEAN_TABLE" : "No",
				"FUEL" : "No",
				"KIOSK" : "No",
				"LIGHTING" : "No",
				"TOILET" : "No",
				"WASTE_BIN" : "No",
				"RAMP_PONTOON" : "No",
				"PONTOON_JETTY_NEARBY" : "No"
			}
		},
		{
			"type" : "Feature",
			"geometry" : {
				"type" : "Point",
				"coordinates" : [ 151.1552988481, -33.651984868 ]
			},
			"properties" : {
				"ASSET_OWNER" : "National Parks And Wildlife Services",
				"BOAT_RAMP_ID" : 11,
				"DESCRIPTION" : "Apple Tree Bay Boat Ramp",
				"CONTACT_NUMBER" : "1300 072 757",
				"STREET" : "Bobbin Head Road",
				"SUBURB" : "Bobbin Head",
				"WATERWAY" : "Cowan Creek",
				"STATE" : "NSW",
				"POSTCODE" : 2074,
				"NO_OF_RAMP_LANE" : "3",
				"CAR_TRAILER_SPACE" : "80-100",
				"WATERWAY_ACCESS" : "All Times",
				"CONDITION" : "Good",
				"CONSTRUCTION_MATERIAL" : "Concrete",
				"BBQ" : "No",
				"FEE_PAYABLE" : "Yes",
				"FISH_CLEAN_TABLE" : "Yes",
				"FUEL" : "No",
				"KIOSK" : "Yes",
				"LIGHTING" : "Yes",
				"TOILET" : "Yes",
				"WASTE_BIN" : "No",
				"RAMP_PONTOON" : "No",
				"PONTOON_JETTY_NEARBY" : "Yes"
			}
		},
		{
			"type" : "Feature",
			"geometry" : {
				"type" : "Point",
				"coordinates" : [ 151.2083334389, -33.7752487617 ]
			},
			"properties" : {
				"ASSET_OWNER" : "National Parks And Wildlife Services",
				"BOAT_RAMP_ID" : 146,
				"DESCRIPTION" : "Davidson Park - Garigal National Park (Roseville Bridge)",
				"CONTACT_NUMBER" : "1300 072 757",
				"STREET" : "Healey Way Way",
				"SUBURB" : "Killarney Heights",
				"WATERWAY" : "Middle Harbour",
				"STATE" : "NSW",
				"POSTCODE" : 2087,
				"NO_OF_RAMP_LANE" : "3",
				"CAR_TRAILER_SPACE" : "Unconfirmed",
				"WATERWAY_ACCESS" : "All Times",
				"CONDITION" : "Good",
				"CONSTRUCTION_MATERIAL" : "Concrete",
				"BBQ" : "Yes",
				"FEE_PAYABLE" : "Yes",
				"FISH_CLEAN_TABLE" : "Yes",
				"FUEL" : "No",
				"KIOSK" : "No",
				"LIGHTING" : "Yes",
				"TOILET" : "Yes",
				"WASTE_BIN" : "Yes",
				"RAMP_PONTOON" : "Yes",
				"PONTOON_JETTY_NEARBY" : "Yes"
			}
		},
		{
			"type" : "Feature",
			"geometry" : {
				"type" : "Point",
				"coordinates" : [ 152.7622491189, -31.6300876851 ]
			},
			"properties" : {
				"ASSET_OWNER" : "Port Macquarie-Hastings Council",
				"BOAT_RAMP_ID" : 308,
				"DESCRIPTION" : "Lakewood Boat Ramp, Queens Lake",
				"CONTACT_NUMBER" : "02 6581 8111",
				"STREET" : "Sirius Drive",
				"SUBURB" : "Lakewood",
				"WATERWAY" : "Queens Lake",
				"STATE" : "NSW",
				"POSTCODE" : 2443,
				"NO_OF_RAMP_LANE" : "1",
				"CAR_TRAILER_SPACE" : "Unconfirmed",
				"WATERWAY_ACCESS" : "All Times",
				"CONDITION" : "Good",
				"CONSTRUCTION_MATERIAL" : "Concrete",
				"BBQ" : "No",
				"FEE_PAYABLE" : "No",
				"FISH_CLEAN_TABLE" : "No",
				"FUEL" : "No",
				"KIOSK" : "No",
				"LIGHTING" : "No",
				"TOILET" : "No",
				"WASTE_BIN" : "No",
				"RAMP_PONTOON" : "No",
				"PONTOON_JETTY_NEARBY" : "No"
			}
		},
		{
			"type" : "Feature",
			"geometry" : {
				"type" : "Point",
				"coordinates" : [ 152.7960283242, -31.3268854674 ]
			},
			"properties" : {
				"ASSET_OWNER" : "Port Macquarie-Hastings Council",
				"BOAT_RAMP_ID" : 433,
				"DESCRIPTION" : "Mooney Street Boat Ramp (Log Wharf Reserve, Telegraph Point)",
				"CONTACT_NUMBER" : "02 6581 8111",
				"STREET" : "Cnr of Mooney Street & Hacks Ferry Road",
				"SUBURB" : "Telegraph Point",
				"WATERWAY" : "Wilson River",
				"STATE" : "NSW",
				"POSTCODE" : 2441,
				"NO_OF_RAMP_LANE" : "2",
				"CAR_TRAILER_SPACE" : "21-50",
				"WATERWAY_ACCESS" : "All Times",
				"CONDITION" : "Good",
				"CONSTRUCTION_MATERIAL" : "Concrete",
				"BBQ" : "No",
				"FEE_PAYABLE" : "No",
				"FISH_CLEAN_TABLE" : "Yes",
				"FUEL" : "No",
				"KIOSK" : "No",
				"LIGHTING" : "No",
				"TOILET" : "Yes",
				"WASTE_BIN" : "Yes",
				"RAMP_PONTOON" : "No",
				"PONTOON_JETTY_NEARBY" : "Yes"
			}
		},
		{
			"type" : "Feature",
			"geometry" : {
				"type" : "Point",
				"coordinates" : [ 150.4998247687, -35.255860675 ]
			},
			"properties" : {
				"ASSET_OWNER" : "Shoalhaven City Council",
				"BOAT_RAMP_ID" : 39,
				"DESCRIPTION" : "Berringer Lake Boat Ramp",
				"CONTACT_NUMBER" : "1300 293 111",
				"STREET" : "Berringer Crescent",
				"SUBURB" : "Berringer Lake",
				"WATERWAY" : "Berringer Lake",
				"STATE" : "NSW",
				"POSTCODE" : 2539,
				"NO_OF_RAMP_LANE" : "1",
				"CAR_TRAILER_SPACE" : "1-10",
				"WATERWAY_ACCESS" : "All Times",
				"CONDITION" : "Good",
				"CONSTRUCTION_MATERIAL" : "Unsealed",
				"BBQ" : "No",
				"FEE_PAYABLE" : "No",
				"FISH_CLEAN_TABLE" : "No",
				"FUEL" : "No",
				"KIOSK" : "No",
				"LIGHTING" : "No",
				"TOILET" : "No",
				"WASTE_BIN" : "No",
				"RAMP_PONTOON" : "No",
				"PONTOON_JETTY_NEARBY" : "No"
			}
		},
		{
			"type" : "Feature",
			"geometry" : {
				"type" : "Point",
				"coordinates" : [ 150.5566910126, -35.0970494385 ]
			},
			"properties" : {
				"ASSET_OWNER" : "Shoalhaven City Council",
				"BOAT_RAMP_ID" : 53,
				"DESCRIPTION" : "Boathaven Avenue Boat Ramp",
				"CONTACT_NUMBER" : "1300 293 111",
				"STREET" : "Boathaven Avenue",
				"SUBURB" : "Basin View",
				"WATERWAY" : "St Georges Basin",
				"STATE" : "NSW",
				"POSTCODE" : 2540,
				"NO_OF_RAMP_LANE" : "1",
				"CAR_TRAILER_SPACE" : "0-10",
				"WATERWAY_ACCESS" : "Shallow At Times",
				"CONDITION" : "Poor",
				"CONSTRUCTION_MATERIAL" : "Sand",
				"BBQ" : "No",
				"FEE_PAYABLE" : "No",
				"FISH_CLEAN_TABLE" : "No",
				"FUEL" : "No",
				"KIOSK" : "No",
				"LIGHTING" : "No",
				"TOILET" : "No",
				"WASTE_BIN" : "No",
				"RAMP_PONTOON" : "No",
				"PONTOON_JETTY_NEARBY" : "No"
			}
		},
		{
			"type" : "Feature",
			"geometry" : {
				"type" : "Point",
				"coordinates" : [ 150.5994269223, -35.1622292784 ]
			},
			"properties" : {
				"ASSET_OWNER" : "Shoalhaven City Council",
				"BOAT_RAMP_ID" : 658,
				"DESCRIPTION" : "River Road Boat Ramp - Sussex Inlet",
				"CONTACT_NUMBER" : "1300 293 111",
				"STREET" : "River Road",
				"SUBURB" : "Sussex Inlet",
				"WATERWAY" : "Chris Creek/Sussex Inlet",
				"STATE" : "NSW",
				"POSTCODE" : 2540,
				"NO_OF_RAMP_LANE" : "1",
				"CAR_TRAILER_SPACE" : "11-20",
				"WATERWAY_ACCESS" : "All Times",
				"CONDITION" : "Good",
				"CONSTRUCTION_MATERIAL" : "Concrete",
				"BBQ" : "Yes",
				"FEE_PAYABLE" : "No",
				"FISH_CLEAN_TABLE" : "Yes",
				"FUEL" : "No",
				"KIOSK" : "No",
				"LIGHTING" : "No",
				"TOILET" : "Yes",
				"WASTE_BIN" : "Yes",
				"RAMP_PONTOON" : "No",
				"PONTOON_JETTY_NEARBY" : "No"
			}
		},
		{
			"type" : "Feature",
			"geometry" : {
				"type" : "Point",
				"coordinates" : [ 150.6800297026, -30.5547503075 ]
			},
			"properties" : {
				"ASSET_OWNER" : "Tamworth Regional Council",
				"BOAT_RAMP_ID" : 493,
				"DESCRIPTION" : "Split Rock Dam Boat Ramp",
				"CONTACT_NUMBER" : "02 6767 5555",
				"STREET" : "Oakhamton Road",
				"SUBURB" : "Barraba",
				"WATERWAY" : "Split Rock Reseviour",
				"STATE" : "NSW",
				"POSTCODE" : 2347,
				"NO_OF_RAMP_LANE" : "1",
				"CAR_TRAILER_SPACE" : "Unconfirmed",
				"WATERWAY_ACCESS" : "All Times",
				"CONDITION" : "Good",
				"CONSTRUCTION_MATERIAL" : "Concrete",
				"BBQ" : "No",
				"FEE_PAYABLE" : "No",
				"FISH_CLEAN_TABLE" : "Yes",
				"FUEL" : "No",
				"KIOSK" : "No",
				"LIGHTING" : "No",
				"TOILET" : "Yes",
				"WASTE_BIN" : "No",
				"RAMP_PONTOON" : "No",
				"PONTOON_JETTY_NEARBY" : "No"
			}
		},
		{
			"type" : "Feature",
			"geometry" : {
				"type" : "Point",
				"coordinates" : [ 153.0773332792, -29.5677670937 ]
			},
			"properties" : {
				"ASSET_OWNER" : "Clarence Valley Council",
				"BOAT_RAMP_ID" : 76,
				"DESCRIPTION" : "Brushgrove Boat Ramp",
				"CONTACT_NUMBER" : "02 6643 0200",
				"STREET" : "Inmon Lane",
				"SUBURB" : "Brushgrove",
				"WATERWAY" : "Clarence River (South Arm)",
				"STATE" : "NSW",
				"POSTCODE" : 2460,
				"NO_OF_RAMP_LANE" : "1",
				"CAR_TRAILER_SPACE" : "Unconfirmed",
				"WATERWAY_ACCESS" : "All Times",
				"CONDITION" : "Poor",
				"CONSTRUCTION_MATERIAL" : "Not Provided",
				"BBQ" : "No",
				"FEE_PAYABLE" : "No",
				"FISH_CLEAN_TABLE" : "No",
				"FUEL" : "No",
				"KIOSK" : "No",
				"LIGHTING" : "No",
				"TOILET" : "No",
				"WASTE_BIN" : "No",
				"RAMP_PONTOON" : "No",
				"PONTOON_JETTY_NEARBY" : "Yes"
			}
		},
		{
			"type" : "Feature",
			"geometry" : {
				"type" : "Point",
				"coordinates" : [ 146.3777837064, -33.2994874412 ]
			},
			"properties" : {
				"ASSET_OWNER" : "Lachlan Shire Council",
				"BOAT_RAMP_ID" : 649,
				"DESCRIPTION" : "Lake Cargelligo (Lake Street)",
				"CONTACT_NUMBER" : "02 6895 1900",
				"STREET" : "Lake Street ",
				"SUBURB" : "Lake Cargelligo",
				"WATERWAY" : "Lake Cargelligo",
				"STATE" : "NSW",
				"POSTCODE" : 2672,
				"NO_OF_RAMP_LANE" : "2",
				"CAR_TRAILER_SPACE" : "Unconfirmed",
				"WATERWAY_ACCESS" : "All Times",
				"CONDITION" : "Good",
				"CONSTRUCTION_MATERIAL" : "Concrete",
				"BBQ" : "No",
				"FEE_PAYABLE" : "No",
				"FISH_CLEAN_TABLE" : "No",
				"FUEL" : "No",
				"KIOSK" : "No",
				"LIGHTING" : "Yes",
				"TOILET" : "Yes",
				"WASTE_BIN" : "Yes",
				"RAMP_PONTOON" : "No",
				"PONTOON_JETTY_NEARBY" : "No"
			}
		},
		{
			"type" : "Feature",
			"geometry" : {
				"type" : "Point",
				"coordinates" : [ 151.2876748601, -33.7182618913 ]
			},
			"properties" : {
				"ASSET_OWNER" : "Northern Beaches Council",
				"BOAT_RAMP_ID" : 670,
				"DESCRIPTION" : "Jamieson Park",
				"CONTACT_NUMBER" : "1300 434 434",
				"STREET" : "The Esplanade",
				"SUBURB" : "Narrabeen",
				"WATERWAY" : "Narrabeen Lagoon",
				"STATE" : "NSW",
				"POSTCODE" : 2101,
				"NO_OF_RAMP_LANE" : "1",
				"CAR_TRAILER_SPACE" : "0",
				"WATERWAY_ACCESS" : "All Times",
				"CONDITION" : "Good",
				"CONSTRUCTION_MATERIAL" : "Asphalt",
				"BBQ" : "Yes",
				"FEE_PAYABLE" : "Yes",
				"FISH_CLEAN_TABLE" : "No",
				"FUEL" : "No",
				"KIOSK" : "Yes",
				"LIGHTING" : "No",
				"TOILET" : "Yes",
				"WASTE_BIN" : "Yes",
				"RAMP_PONTOON" : "No",
				"PONTOON_JETTY_NEARBY" : "No"
			}
		},
		{
			"type" : "Feature",
			"geometry" : {
				"type" : "Point",
				"coordinates" : [ 151.2882528653, -33.7183138903 ]
			},
			"properties" : {
				"ASSET_OWNER" : "Northern Beaches Council",
				"BOAT_RAMP_ID" : 671,
				"DESCRIPTION" : "Jamieson Park",
				"CONTACT_NUMBER" : "1300 434 434",
				"STREET" : "The Esplanade",
				"SUBURB" : "Narrabeen",
				"WATERWAY" : "Narrabeen Lagoon",
				"STATE" : "NSW",
				"POSTCODE" : 2101,
				"NO_OF_RAMP_LANE" : "1",
				"CAR_TRAILER_SPACE" : "0",
				"WATERWAY_ACCESS" : "All Times",
				"CONDITION" : "Good",
				"CONSTRUCTION_MATERIAL" : "Concrete",
				"BBQ" : "Yes",
				"FEE_PAYABLE" : "Yes",
				"FISH_CLEAN_TABLE" : "No",
				"FUEL" : "No",
				"KIOSK" : "Yes",
				"LIGHTING" : "No",
				"TOILET" : "Yes",
				"WASTE_BIN" : "Yes",
				"RAMP_PONTOON" : "No",
				"PONTOON_JETTY_NEARBY" : "No"
			}
		},
		{
			"type" : "Feature",
			"geometry" : {
				"type" : "Point",
				"coordinates" : [ 151.2489507583, -33.7773187792 ]
			},
			"properties" : {
				"ASSET_OWNER" : "Northern Beaches Council",
				"BOAT_RAMP_ID" : 672,
				"DESCRIPTION" : "Manly Dam - Section 3 (Part of Manly Warringah War Memorial Park) - Non motorised boats only unless authorised by Waterskiing Association",
				"CONTACT_NUMBER" : "1300 434 434",
				"STREET" : "King Street",
				"SUBURB" : "Manly Vale",
				"WATERWAY" : "Manly Dam",
				"STATE" : "NSW",
				"POSTCODE" : 2093,
				"NO_OF_RAMP_LANE" : "1",
				"CAR_TRAILER_SPACE" : "2",
				"WATERWAY_ACCESS" : "Monday - Sunday: 7:00-20:30",
				"CONDITION" : "Good",
				"CONSTRUCTION_MATERIAL" : "Timber",
				"BBQ" : "Yes",
				"FEE_PAYABLE" : "Yes",
				"FISH_CLEAN_TABLE" : "No",
				"FUEL" : "No",
				"KIOSK" : "No",
				"LIGHTING" : "No",
				"TOILET" : "Yes",
				"WASTE_BIN" : "Yes",
				"RAMP_PONTOON" : "No",
				"PONTOON_JETTY_NEARBY" : "No"
			}
		},
		{
			"type" : "Feature",
			"geometry" : {
				"type" : "Point",
				"coordinates" : [ 153.5018594527, -28.5474398099 ]
			},
			"properties" : {
				"ASSET_OWNER" : "Byron Shire Council",
				"BOAT_RAMP_ID" : 673,
				"DESCRIPTION" : "Heritage Park Gordon St",
				"CONTACT_NUMBER" : "02 6626 7000",
				"STREET" : " Gordon St",
				"SUBURB" : "Mullumbimby",
				"WATERWAY" : "Brunswick River",
				"STATE" : "NSW",
				"POSTCODE" : 2482,
				"NO_OF_RAMP_LANE" : "1",
				"CAR_TRAILER_SPACE" : "3",
				"WATERWAY_ACCESS" : "Shallow At Times",
				"CONDITION" : "Poor",
				"CONSTRUCTION_MATERIAL" : "Concrete",
				"BBQ" : "No",
				"FEE_PAYABLE" : "No",
				"FISH_CLEAN_TABLE" : "No",
				"FUEL" : "No",
				"KIOSK" : "No",
				"LIGHTING" : "No",
				"TOILET" : "No",
				"WASTE_BIN" : "Yes",
				"RAMP_PONTOON" : "No",
				"PONTOON_JETTY_NEARBY" : "No"
			}
		},
		{
			"type" : "Feature",
			"geometry" : {
				"type" : "Point",
				"coordinates" : [ 151.2532397609, -33.7822087637 ]
			},
			"properties" : {
				"ASSET_OWNER" : "Northern Beaches Council",
				"BOAT_RAMP_ID" : 674,
				"DESCRIPTION" : "Manly Dam - Section 1(Part of Manly Warringah War Memorial Park) - Non motorised boats only unless authorised by Waterskiing Association",
				"CONTACT_NUMBER" : "1300 434 434",
				"STREET" : "King Street",
				"SUBURB" : "Manly Vale",
				"WATERWAY" : "Manly Dam",
				"STATE" : "NSW",
				"POSTCODE" : 2093,
				"NO_OF_RAMP_LANE" : "1",
				"CAR_TRAILER_SPACE" : "5",
				"WATERWAY_ACCESS" : "Monday - Sunday: 7:00-20:30",
				"CONDITION" : "Good",
				"CONSTRUCTION_MATERIAL" : "Concrete",
				"BBQ" : "Yes",
				"FEE_PAYABLE" : "Yes",
				"FISH_CLEAN_TABLE" : "No",
				"FUEL" : "No",
				"KIOSK" : "No",
				"LIGHTING" : "No",
				"TOILET" : "Yes",
				"WASTE_BIN" : "Yes",
				"RAMP_PONTOON" : "No",
				"PONTOON_JETTY_NEARBY" : "No"
			}
		},
		{
			"type" : "Feature",
			"geometry" : {
				"type" : "Point",
				"coordinates" : [ 151.2699648905, -33.7168168682 ]
			},
			"properties" : {
				"ASSET_OWNER" : "Northern Beaches Council",
				"BOAT_RAMP_ID" : 675,
				"DESCRIPTION" : "Middle Creek Reserve (no 1)",
				"CONTACT_NUMBER" : "1300 434 434",
				"STREET" : "Wakehurst Parkway",
				"SUBURB" : "Cromer",
				"WATERWAY" : "Narrabeen Lagoon",
				"STATE" : "NSW",
				"POSTCODE" : 2099,
				"NO_OF_RAMP_LANE" : "1",
				"CAR_TRAILER_SPACE" : "8",
				"WATERWAY_ACCESS" : "All Times",
				"CONDITION" : "Good",
				"CONSTRUCTION_MATERIAL" : "Concrete",
				"BBQ" : "Yes",
				"FEE_PAYABLE" : "Yes",
				"FISH_CLEAN_TABLE" : "No",
				"FUEL" : "No",
				"KIOSK" : "No",
				"LIGHTING" : "No",
				"TOILET" : "Yes",
				"WASTE_BIN" : "Yes",
				"RAMP_PONTOON" : "No",
				"PONTOON_JETTY_NEARBY" : "No"
			}
		},
		{
			"type" : "Feature",
			"geometry" : {
				"type" : "Point",
				"coordinates" : [ 149.6306819492, -33.5679627794 ]
			},
			"properties" : {
				"ASSET_OWNER" : "Bathurst Regional Council",
				"BOAT_RAMP_ID" : 676,
				"DESCRIPTION" : "Ben Chifley Dam Cabins Boat Ramp",
				"CONTACT_NUMBER" : "02 6333 6111",
				"STREET" : "Chifley Dam Road",
				"SUBURB" : "The Lagoon",
				"WATERWAY" : "Chifley Dam",
				"STATE" : "NSW",
				"POSTCODE" : 2795,
				"NO_OF_RAMP_LANE" : "1",
				"CAR_TRAILER_SPACE" : "0-10",
				"WATERWAY_ACCESS" : "Shallow At Times",
				"CONDITION" : "Good",
				"CONSTRUCTION_MATERIAL" : "Concrete",
				"BBQ" : "Yes",
				"FEE_PAYABLE" : "No",
				"FISH_CLEAN_TABLE" : "No",
				"FUEL" : "No",
				"KIOSK" : "No",
				"LIGHTING" : "No",
				"TOILET" : "Yes",
				"WASTE_BIN" : "Yes",
				"RAMP_PONTOON" : "No",
				"PONTOON_JETTY_NEARBY" : "No"
			}
		},
		{
			"type" : "Feature",
			"geometry" : {
				"type" : "Point",
				"coordinates" : [ 144.1329262608, -35.641460224 ]
			},
			"properties" : {
				"ASSET_OWNER" : "Gannawarra Shire Council",
				"BOAT_RAMP_ID" : 677,
				"DESCRIPTION" : "Koondrook",
				"CONTACT_NUMBER" : "03 5450 9333",
				"STREET" : "Tramway Place",
				"SUBURB" : "Koondrook",
				"WATERWAY" : "Murray River",
				"STATE" : "VIC",
				"POSTCODE" : 3579,
				"NO_OF_RAMP_LANE" : "1",
				"CAR_TRAILER_SPACE" : "0-10",
				"WATERWAY_ACCESS" : "Shallow At Times",
				"CONDITION" : "Good",
				"CONSTRUCTION_MATERIAL" : "Concrete",
				"BBQ" : "No",
				"FEE_PAYABLE" : "No",
				"FISH_CLEAN_TABLE" : "No",
				"FUEL" : "No",
				"KIOSK" : "No",
				"LIGHTING" : "No",
				"TOILET" : "No",
				"WASTE_BIN" : "No",
				"RAMP_PONTOON" : "No",
				"PONTOON_JETTY_NEARBY" : "Yes"
			}
		},
		{
			"type" : "Feature",
			"geometry" : {
				"type" : "Point",
				"coordinates" : [ 144.4341049652, -35.9240040147 ]
			},
			"properties" : {
				"ASSET_OWNER" : "Gannawarra Shire Council",
				"BOAT_RAMP_ID" : 678,
				"DESCRIPTION" : "Gunbower Island",
				"CONTACT_NUMBER" : "03 5450 9333",
				"STREET" : "Bereton Road",
				"SUBURB" : "Gunbower",
				"WATERWAY" : "Murray River",
				"STATE" : "VIC",
				"POSTCODE" : 3566,
				"NO_OF_RAMP_LANE" : "1",
				"CAR_TRAILER_SPACE" : "0-10",
				"WATERWAY_ACCESS" : "Shallow At Times",
				"CONDITION" : null,
				"CONSTRUCTION_MATERIAL" : null,
				"BBQ" : null,
				"FEE_PAYABLE" : "No",
				"FISH_CLEAN_TABLE" : null,
				"FUEL" : "No",
				"KIOSK" : null,
				"LIGHTING" : null,
				"TOILET" : null,
				"WASTE_BIN" : null,
				"RAMP_PONTOON" : "No",
				"PONTOON_JETTY_NEARBY" : "No"
			}
		},
		{
			"type" : "Feature",
			"geometry" : {
				"type" : "Point",
				"coordinates" : [ 144.7743174811, -34.5055001873 ]
			},
			"properties" : {
				"ASSET_OWNER" : "Hay Shire Council",
				"BOAT_RAMP_ID" : 679,
				"DESCRIPTION" : "4 Mile Boat Ramp",
				"CONTACT_NUMBER" : "02 6990 1100",
				"STREET" : "Maude Road",
				"SUBURB" : "Hay",
				"WATERWAY" : "Murrumbidgee River",
				"STATE" : "NSW",
				"POSTCODE" : 2711,
				"NO_OF_RAMP_LANE" : "1",
				"CAR_TRAILER_SPACE" : "0-10",
				"WATERWAY_ACCESS" : "Shallow At Times",
				"CONDITION" : "Good",
				"CONSTRUCTION_MATERIAL" : "Concrete",
				"BBQ" : "No",
				"FEE_PAYABLE" : "No",
				"FISH_CLEAN_TABLE" : "No",
				"FUEL" : "No",
				"KIOSK" : "No",
				"LIGHTING" : "No",
				"TOILET" : "No",
				"WASTE_BIN" : "No",
				"RAMP_PONTOON" : "No",
				"PONTOON_JETTY_NEARBY" : "No"
			}
		},
		{
			"type" : "Feature",
			"geometry" : {
				"type" : "Point",
				"coordinates" : [ 153.2651873659, -28.8332370517 ]
			},
			"properties" : {
				"ASSET_OWNER" : "Lismore City Council",
				"BOAT_RAMP_ID" : 681,
				"DESCRIPTION" : "Lake Gates - Lismore Lake",
				"CONTACT_NUMBER" : "02 6625 0500",
				"STREET" : "Bruxner Highway",
				"SUBURB" : "South Lismore",
				"WATERWAY" : "Wilsons River",
				"STATE" : "NSW",
				"POSTCODE" : 2480,
				"NO_OF_RAMP_LANE" : "1",
				"CAR_TRAILER_SPACE" : "0-10",
				"WATERWAY_ACCESS" : "Daylight Hours Only",
				"CONDITION" : "Poor",
				"CONSTRUCTION_MATERIAL" : "Concrete",
				"BBQ" : "No",
				"FEE_PAYABLE" : "No",
				"FISH_CLEAN_TABLE" : "No",
				"FUEL" : "No",
				"KIOSK" : "No",
				"LIGHTING" : "No",
				"TOILET" : "No",
				"WASTE_BIN" : "No",
				"RAMP_PONTOON" : "No",
				"PONTOON_JETTY_NEARBY" : "No"
			}
		},
		{
			"type" : "Feature",
			"geometry" : {
				"type" : "Point",
				"coordinates" : [ 144.9553593468, -35.9144270066 ]
			},
			"properties" : {
				"ASSET_OWNER" : "National Parks And Wildlife Services",
				"BOAT_RAMP_ID" : 682,
				"DESCRIPTION" : "Swifts Creek Boat Ramp",
				"CONTACT_NUMBER" : "1301 072 757",
				"STREET" : "Swifts Creek Road",
				"SUBURB" : "Mathoura",
				"WATERWAY" : "Murray River",
				"STATE" : "NSW",
				"POSTCODE" : 2710,
				"NO_OF_RAMP_LANE" : "1",
				"CAR_TRAILER_SPACE" : "0-10",
				"WATERWAY_ACCESS" : "All Times",
				"CONDITION" : "Good",
				"CONSTRUCTION_MATERIAL" : "Concrete",
				"BBQ" : "Yes",
				"FEE_PAYABLE" : "No",
				"FISH_CLEAN_TABLE" : "No",
				"FUEL" : "No",
				"KIOSK" : "No",
				"LIGHTING" : "No",
				"TOILET" : "Yes",
				"WASTE_BIN" : "No",
				"RAMP_PONTOON" : "No",
				"PONTOON_JETTY_NEARBY" : "No"
			}
		},
		{
			"type" : "Feature",
			"geometry" : {
				"type" : "Point",
				"coordinates" : [ 152.7726355506, -31.6303462771 ]
			},
			"properties" : {
				"ASSET_OWNER" : "Port Macquarie-Hastings Council",
				"BOAT_RAMP_ID" : 683,
				"DESCRIPTION" : "Queens Lake Sailing Club Reserve Boat Ramp",
				"CONTACT_NUMBER" : "02 6581 8111",
				"STREET" : "Ocean Drive",
				"SUBURB" : "Lakewood",
				"WATERWAY" : "Camden Haven Inlet",
				"STATE" : "NSW",
				"POSTCODE" : 2443,
				"NO_OF_RAMP_LANE" : "1",
				"CAR_TRAILER_SPACE" : "0-10",
				"WATERWAY_ACCESS" : "All Times",
				"CONDITION" : "Fair",
				"CONSTRUCTION_MATERIAL" : "Concrete",
				"BBQ" : "No",
				"FEE_PAYABLE" : "No",
				"FISH_CLEAN_TABLE" : "No",
				"FUEL" : "No",
				"KIOSK" : "No",
				"LIGHTING" : "No",
				"TOILET" : "No",
				"WASTE_BIN" : "Yes",
				"RAMP_PONTOON" : "No",
				"PONTOON_JETTY_NEARBY" : "No"
			}
		},
		{
			"type" : "Feature",
			"geometry" : {
				"type" : "Point",
				"coordinates" : [ 152.8018969413, -31.6482869971 ]
			},
			"properties" : {
				"ASSET_OWNER" : "Port Macquarie-Hastings Council",
				"BOAT_RAMP_ID" : 685,
				"DESCRIPTION" : "Tunis Street Boat Ramp",
				"CONTACT_NUMBER" : "02 6581 8111",
				"STREET" : "Tunis Street",
				"SUBURB" : "Laurieton",
				"WATERWAY" : "Camden Haven Inlet",
				"STATE" : "NSW",
				"POSTCODE" : 2443,
				"NO_OF_RAMP_LANE" : "1",
				"CAR_TRAILER_SPACE" : "0-10",
				"WATERWAY_ACCESS" : "All Times",
				"CONDITION" : "Good",
				"CONSTRUCTION_MATERIAL" : "Concrete",
				"BBQ" : "Yes",
				"FEE_PAYABLE" : "No",
				"FISH_CLEAN_TABLE" : "No",
				"FUEL" : "No",
				"KIOSK" : "No",
				"LIGHTING" : "Yes",
				"TOILET" : "Yes",
				"WASTE_BIN" : "Yes",
				"RAMP_PONTOON" : "No",
				"PONTOON_JETTY_NEARBY" : "Yes"
			}
		},
		{
			"type" : "Feature",
			"geometry" : {
				"type" : "Point",
				"coordinates" : [ 152.7989439403, -31.6570492428 ]
			},
			"properties" : {
				"ASSET_OWNER" : "Port Macquarie-Hastings Council",
				"BOAT_RAMP_ID" : 686,
				"DESCRIPTION" : "Apex Park Boat Ramp",
				"CONTACT_NUMBER" : "02 6581 8111",
				"STREET" : "Reid Street",
				"SUBURB" : "Laurieton",
				"WATERWAY" : "Camden Haven Inlet",
				"STATE" : "NSW",
				"POSTCODE" : 2443,
				"NO_OF_RAMP_LANE" : "2",
				"CAR_TRAILER_SPACE" : "0-10",
				"WATERWAY_ACCESS" : "All Times",
				"CONDITION" : "Poor",
				"CONSTRUCTION_MATERIAL" : "Concrete",
				"BBQ" : "Yes",
				"FEE_PAYABLE" : "No",
				"FISH_CLEAN_TABLE" : "Yes",
				"FUEL" : "No",
				"KIOSK" : "No",
				"LIGHTING" : "Yes",
				"TOILET" : "Yes",
				"WASTE_BIN" : "Yes",
				"RAMP_PONTOON" : "No",
				"PONTOON_JETTY_NEARBY" : "No"
			}
		},
		{
			"type" : "Feature",
			"geometry" : {
				"type" : "Point",
				"coordinates" : [ 152.8000197663, -31.6508547462 ]
			},
			"properties" : {
				"ASSET_OWNER" : "Port Macquarie-Hastings Council",
				"BOAT_RAMP_ID" : 687,
				"DESCRIPTION" : "Laurieton United Services Club Boat Ramp",
				"CONTACT_NUMBER" : "02 6581 8111",
				"STREET" : "Seymour Street",
				"SUBURB" : "Laurieton",
				"WATERWAY" : "Camden Haven Inlet",
				"STATE" : "NSW",
				"POSTCODE" : 2443,
				"NO_OF_RAMP_LANE" : "2",
				"CAR_TRAILER_SPACE" : "0-10",
				"WATERWAY_ACCESS" : "All Times",
				"CONDITION" : "Good",
				"CONSTRUCTION_MATERIAL" : "Concrete",
				"BBQ" : "No",
				"FEE_PAYABLE" : "No",
				"FISH_CLEAN_TABLE" : "Yes",
				"FUEL" : "No",
				"KIOSK" : "No",
				"LIGHTING" : "Yes",
				"TOILET" : "No",
				"WASTE_BIN" : "Yes",
				"RAMP_PONTOON" : "No",
				"PONTOON_JETTY_NEARBY" : "Yes"
			}
		},
		{
			"type" : "Feature",
			"geometry" : {
				"type" : "Point",
				"coordinates" : [ 142.7718200866, -34.5785650535 ]
			},
			"properties" : {
				"ASSET_OWNER" : "Swan Hill Rural City Council",
				"BOAT_RAMP_ID" : 688,
				"DESCRIPTION" : "Robinvale Caravan Park",
				"CONTACT_NUMBER" : "03 5036 2333",
				"STREET" : "McLennan Drive",
				"SUBURB" : "Robinvale",
				"WATERWAY" : "Murray River",
				"STATE" : "VIC",
				"POSTCODE" : 3549,
				"NO_OF_RAMP_LANE" : "1",
				"CAR_TRAILER_SPACE" : "0-10",
				"WATERWAY_ACCESS" : "All Times",
				"CONDITION" : "Good",
				"CONSTRUCTION_MATERIAL" : "Concrete",
				"BBQ" : "No",
				"FEE_PAYABLE" : "No",
				"FISH_CLEAN_TABLE" : "No",
				"FUEL" : "No",
				"KIOSK" : "No",
				"LIGHTING" : "Yes",
				"TOILET" : "Yes",
				"WASTE_BIN" : "Yes",
				"RAMP_PONTOON" : "No",
				"PONTOON_JETTY_NEARBY" : "Yes"
			}
		},
		{
			"type" : "Feature",
			"geometry" : {
				"type" : "Point",
				"coordinates" : [ 143.1459320027, -34.7147210141 ]
			},
			"properties" : {
				"ASSET_OWNER" : "Swan Hill Rural City Council",
				"BOAT_RAMP_ID" : 689,
				"DESCRIPTION" : "Boundary Bend",
				"CONTACT_NUMBER" : "03 5036 2333",
				"STREET" : "Murray Valley Highway",
				"SUBURB" : "Boundary Bend",
				"WATERWAY" : "Murray River",
				"STATE" : "VIC",
				"POSTCODE" : 3599,
				"NO_OF_RAMP_LANE" : "1",
				"CAR_TRAILER_SPACE" : "0-10",
				"WATERWAY_ACCESS" : "Shallow At Times",
				"CONDITION" : "Fair",
				"CONSTRUCTION_MATERIAL" : "Concrete",
				"BBQ" : "No",
				"FEE_PAYABLE" : "No",
				"FISH_CLEAN_TABLE" : "No",
				"FUEL" : "No",
				"KIOSK" : "No",
				"LIGHTING" : "No",
				"TOILET" : "No",
				"WASTE_BIN" : "Yes",
				"RAMP_PONTOON" : "No",
				"PONTOON_JETTY_NEARBY" : "No"
			}
		},
		{
			"type" : "Feature",
			"geometry" : {
				"type" : "Point",
				"coordinates" : [ 142.6996330216, -34.6774460048 ]
			},
			"properties" : {
				"ASSET_OWNER" : "Balranald Shire Council",
				"BOAT_RAMP_ID" : 690,
				"DESCRIPTION" : "Happy Valley",
				"CONTACT_NUMBER" : "03 5020 1300",
				"STREET" : "Happy Valley Landing Road",
				"SUBURB" : "Happy Valley",
				"WATERWAY" : "Murray River",
				"STATE" : "VIC",
				"POSTCODE" : 3594,
				"NO_OF_RAMP_LANE" : "1",
				"CAR_TRAILER_SPACE" : "0-10",
				"WATERWAY_ACCESS" : "All Times",
				"CONDITION" : "Good",
				"CONSTRUCTION_MATERIAL" : "Concrete",
				"BBQ" : "No",
				"FEE_PAYABLE" : "No",
				"FISH_CLEAN_TABLE" : "No",
				"FUEL" : "No",
				"KIOSK" : "No",
				"LIGHTING" : "No",
				"TOILET" : "No",
				"WASTE_BIN" : "No",
				"RAMP_PONTOON" : "No",
				"PONTOON_JETTY_NEARBY" : "No"
			}
		},
		{
			"type" : "Feature",
			"geometry" : {
				"type" : "Point",
				"coordinates" : [ 142.6456830204, -34.7719790208 ]
			},
			"properties" : {
				"ASSET_OWNER" : "Swan Hill Rural City Council",
				"BOAT_RAMP_ID" : 691,
				"DESCRIPTION" : "Wemen",
				"CONTACT_NUMBER" : "03 5036 2333",
				"STREET" : "Hattah - Robinvale Road",
				"SUBURB" : "Wemen",
				"WATERWAY" : "Murray River",
				"STATE" : "VIC",
				"POSTCODE" : 3549,
				"NO_OF_RAMP_LANE" : "1",
				"CAR_TRAILER_SPACE" : "0-10",
				"WATERWAY_ACCESS" : "All Times",
				"CONDITION" : "Good",
				"CONSTRUCTION_MATERIAL" : "Concrete",
				"BBQ" : "No",
				"FEE_PAYABLE" : "No",
				"FISH_CLEAN_TABLE" : "No",
				"FUEL" : "No",
				"KIOSK" : "No",
				"LIGHTING" : "No",
				"TOILET" : "No",
				"WASTE_BIN" : "No",
				"RAMP_PONTOON" : "No",
				"PONTOON_JETTY_NEARBY" : "No"
			}
		},
		{
			"type" : "Feature",
			"geometry" : {
				"type" : "Point",
				"coordinates" : [ 143.6285799837, -35.452207013 ]
			},
			"properties" : {
				"ASSET_OWNER" : "Swan Hill Rural City Council",
				"BOAT_RAMP_ID" : 692,
				"DESCRIPTION" : "Lake Boga - Jacaranda Crescent",
				"CONTACT_NUMBER" : "03 5036 2333",
				"STREET" : "Jacaranda Crescent",
				"SUBURB" : "Lake Boga",
				"WATERWAY" : "Lake Boga",
				"STATE" : "VIC",
				"POSTCODE" : 3584,
				"NO_OF_RAMP_LANE" : "1",
				"CAR_TRAILER_SPACE" : "0-10",
				"WATERWAY_ACCESS" : "All Times",
				"CONDITION" : "Good",
				"CONSTRUCTION_MATERIAL" : "Concrete",
				"BBQ" : "Yes",
				"FEE_PAYABLE" : "No",
				"FISH_CLEAN_TABLE" : "No",
				"FUEL" : "No",
				"KIOSK" : "No",
				"LIGHTING" : "No",
				"TOILET" : "No",
				"WASTE_BIN" : "Yes",
				"RAMP_PONTOON" : "No",
				"PONTOON_JETTY_NEARBY" : "Yes"
			}
		},
		{
			"type" : "Feature",
			"geometry" : {
				"type" : "Point",
				"coordinates" : [ 143.6280499814, -35.4497820143 ]
			},
			"properties" : {
				"ASSET_OWNER" : "Swan Hill Rural City Council",
				"BOAT_RAMP_ID" : 693,
				"DESCRIPTION" : "Lake Boga - Ski Club",
				"CONTACT_NUMBER" : "03 5036 2333",
				"STREET" : "Willakool Drive",
				"SUBURB" : "Lake Boga",
				"WATERWAY" : "Lake Boga",
				"STATE" : "VIC",
				"POSTCODE" : 3584,
				"NO_OF_RAMP_LANE" : "2",
				"CAR_TRAILER_SPACE" : "0-10",
				"WATERWAY_ACCESS" : "All Times",
				"CONDITION" : "Good",
				"CONSTRUCTION_MATERIAL" : "Concrete",
				"BBQ" : "No",
				"FEE_PAYABLE" : "No",
				"FISH_CLEAN_TABLE" : "No",
				"FUEL" : "No",
				"KIOSK" : "No",
				"LIGHTING" : "No",
				"TOILET" : "Yes",
				"WASTE_BIN" : "Yes",
				"RAMP_PONTOON" : "No",
				"PONTOON_JETTY_NEARBY" : "No"
			}
		},
		{
			"type" : "Feature",
			"geometry" : {
				"type" : "Point",
				"coordinates" : [ 143.6349229935, -35.4612290113 ]
			},
			"properties" : {
				"ASSET_OWNER" : "Swan Hill Rural City Council",
				"BOAT_RAMP_ID" : 694,
				"DESCRIPTION" : "Lake Boga - Caravan Park",
				"CONTACT_NUMBER" : "03 5036 2333",
				"STREET" : "Murray Valley Highway",
				"SUBURB" : "Lake Boga",
				"WATERWAY" : "Lake Boga",
				"STATE" : "VIC",
				"POSTCODE" : 3584,
				"NO_OF_RAMP_LANE" : "1",
				"CAR_TRAILER_SPACE" : "0-10",
				"WATERWAY_ACCESS" : "All Times",
				"CONDITION" : "Good",
				"CONSTRUCTION_MATERIAL" : "Concrete",
				"BBQ" : "No",
				"FEE_PAYABLE" : "No",
				"FISH_CLEAN_TABLE" : "No",
				"FUEL" : "No",
				"KIOSK" : "No",
				"LIGHTING" : "No",
				"TOILET" : "No",
				"WASTE_BIN" : "No",
				"RAMP_PONTOON" : "No",
				"PONTOON_JETTY_NEARBY" : "No"
			}
		},
		{
			"type" : "Feature",
			"geometry" : {
				"type" : "Point",
				"coordinates" : [ 143.6414499552, -35.4331560213 ]
			},
			"properties" : {
				"ASSET_OWNER" : "Swan Hill Rural City Council",
				"BOAT_RAMP_ID" : 695,
				"DESCRIPTION" : "Lake Boga - West Lakeside Drive",
				"CONTACT_NUMBER" : "03 5036 2333",
				"STREET" : "Lakeside Drive",
				"SUBURB" : "Lake Boga",
				"WATERWAY" : "Lake Boga",
				"STATE" : "VIC",
				"POSTCODE" : 3584,
				"NO_OF_RAMP_LANE" : "1",
				"CAR_TRAILER_SPACE" : "0-10",
				"WATERWAY_ACCESS" : "All Times",
				"CONDITION" : "Good",
				"CONSTRUCTION_MATERIAL" : "Concrete",
				"BBQ" : "No",
				"FEE_PAYABLE" : "No",
				"FISH_CLEAN_TABLE" : "No",
				"FUEL" : "No",
				"KIOSK" : "No",
				"LIGHTING" : "No",
				"TOILET" : "No",
				"WASTE_BIN" : "Yes",
				"RAMP_PONTOON" : "No",
				"PONTOON_JETTY_NEARBY" : "No"
			}
		},
		{
			"type" : "Feature",
			"geometry" : {
				"type" : "Point",
				"coordinates" : [ 143.6470399509, -35.4323510232 ]
			},
			"properties" : {
				"ASSET_OWNER" : "Swan Hill Rural City Council",
				"BOAT_RAMP_ID" : 696,
				"DESCRIPTION" : "Lake Boga - East Lakeside Drive",
				"CONTACT_NUMBER" : "03 5036 2333",
				"STREET" : "Lakeside Drive",
				"SUBURB" : "Lake Boga",
				"WATERWAY" : "Lake Boga",
				"STATE" : "VIC",
				"POSTCODE" : 3584,
				"NO_OF_RAMP_LANE" : "1",
				"CAR_TRAILER_SPACE" : "0-10",
				"WATERWAY_ACCESS" : "All Times",
				"CONDITION" : "Good",
				"CONSTRUCTION_MATERIAL" : "Concrete",
				"BBQ" : "No",
				"FEE_PAYABLE" : "No",
				"FISH_CLEAN_TABLE" : "No",
				"FUEL" : "No",
				"KIOSK" : "No",
				"LIGHTING" : "No",
				"TOILET" : "No",
				"WASTE_BIN" : "Yes",
				"RAMP_PONTOON" : "No",
				"PONTOON_JETTY_NEARBY" : "No"
			}
		},
		{
			"type" : "Feature",
			"geometry" : {
				"type" : "Point",
				"coordinates" : [ 143.480640989, -35.2191181214 ]
			},
			"properties" : {
				"ASSET_OWNER" : "Swan Hill Rural City Council",
				"BOAT_RAMP_ID" : 697,
				"DESCRIPTION" : "Oswin Road, Beverford",
				"CONTACT_NUMBER" : "03 5036 2333",
				"STREET" : "Oswin Road",
				"SUBURB" : "Beverford",
				"WATERWAY" : "Murray River",
				"STATE" : "VIC",
				"POSTCODE" : 3590,
				"NO_OF_RAMP_LANE" : "2",
				"CAR_TRAILER_SPACE" : "0-10",
				"WATERWAY_ACCESS" : "Shallow At Times",
				"CONDITION" : "Fair",
				"CONSTRUCTION_MATERIAL" : "Sand",
				"BBQ" : "No",
				"FEE_PAYABLE" : "No",
				"FISH_CLEAN_TABLE" : "No",
				"FUEL" : "No",
				"KIOSK" : "No",
				"LIGHTING" : "No",
				"TOILET" : "No",
				"WASTE_BIN" : "No",
				"RAMP_PONTOON" : "No",
				"PONTOON_JETTY_NEARBY" : "No"
			}
		},
		{
			"type" : "Feature",
			"geometry" : {
				"type" : "Point",
				"coordinates" : [ 143.5642239492, -35.3403520158 ]
			},
			"properties" : {
				"ASSET_OWNER" : "Swan Hill Rural City Council",
				"BOAT_RAMP_ID" : 698,
				"DESCRIPTION" : "Canoe Steps, Riverside Park, Swan Hill",
				"CONTACT_NUMBER" : "03 5036 2333",
				"STREET" : "Monash Drive",
				"SUBURB" : "Swan Hill",
				"WATERWAY" : "Murray River",
				"STATE" : "VIC",
				"POSTCODE" : 3585,
				"NO_OF_RAMP_LANE" : "0",
				"CAR_TRAILER_SPACE" : "0-10",
				"WATERWAY_ACCESS" : "Passive Craft Only",
				"CONDITION" : "Good",
				"CONSTRUCTION_MATERIAL" : "Timber",
				"BBQ" : "Yes",
				"FEE_PAYABLE" : "No",
				"FISH_CLEAN_TABLE" : "No",
				"FUEL" : "No",
				"KIOSK" : "Yes",
				"LIGHTING" : "Yes",
				"TOILET" : "Yes",
				"WASTE_BIN" : "Yes",
				"RAMP_PONTOON" : "No",
				"PONTOON_JETTY_NEARBY" : "No"
			}
		},
		{
			"type" : "Feature",
			"geometry" : {
				"type" : "Point",
				"coordinates" : [ 142.7724920819, -34.5783640519 ]
			},
			"properties" : {
				"ASSET_OWNER" : "Swan Hill Rural City Council",
				"BOAT_RAMP_ID" : 699,
				"DESCRIPTION" : "Canoe pontoon, Robinvale",
				"CONTACT_NUMBER" : "03 5036 2333",
				"STREET" : "McLennan Drive",
				"SUBURB" : "Robinvale",
				"WATERWAY" : "Murray River",
				"STATE" : "VIC",
				"POSTCODE" : 3549,
				"NO_OF_RAMP_LANE" : "0",
				"CAR_TRAILER_SPACE" : "0-10",
				"WATERWAY_ACCESS" : "Passive Craft Only",
				"CONDITION" : "Good",
				"CONSTRUCTION_MATERIAL" : "Aluminium",
				"BBQ" : "No",
				"FEE_PAYABLE" : "No",
				"FISH_CLEAN_TABLE" : "No",
				"FUEL" : "No",
				"KIOSK" : "No",
				"LIGHTING" : "Yes",
				"TOILET" : "Yes",
				"WASTE_BIN" : "Yes",
				"RAMP_PONTOON" : "Yes",
				"PONTOON_JETTY_NEARBY" : "Yes"
			}
		},
		{
			"type" : "Feature",
			"geometry" : {
				"type" : "Point",
				"coordinates" : [ 151.5487132732, -33.0898829397 ]
			},
			"properties" : {
				"ASSET_OWNER" : "Lake Macquarie City Council",
				"BOAT_RAMP_ID" : 700,
				"DESCRIPTION" : "Balcolyn Boat Ramp",
				"CONTACT_NUMBER" : "02 4921 0333",
				"STREET" : "Queen Street",
				"SUBURB" : "Balcolyn",
				"WATERWAY" : "Lake Macquarie",
				"STATE" : "NSW",
				"POSTCODE" : 2264,
				"NO_OF_RAMP_LANE" : "1",
				"CAR_TRAILER_SPACE" : "11-20",
				"WATERWAY_ACCESS" : "All Times",
				"CONDITION" : "Fair",
				"CONSTRUCTION_MATERIAL" : "Concrete",
				"BBQ" : "Yes",
				"FEE_PAYABLE" : "No",
				"FISH_CLEAN_TABLE" : "No",
				"FUEL" : "No",
				"KIOSK" : "No",
				"LIGHTING" : "No",
				"TOILET" : "Yes",
				"WASTE_BIN" : "Yes",
				"RAMP_PONTOON" : "No",
				"PONTOON_JETTY_NEARBY" : "No"
			}
		},
		{
			"type" : "Feature",
			"geometry" : {
				"type" : "Point",
				"coordinates" : [ 151.5513062686, -33.0939959548 ]
			},
			"properties" : {
				"ASSET_OWNER" : "Lake Macquarie City Council",
				"BOAT_RAMP_ID" : 701,
				"DESCRIPTION" : "Balcolyn Reserve",
				"CONTACT_NUMBER" : "02 4921 0333",
				"STREET" : "Balcolyn Street",
				"SUBURB" : "Balcolyn",
				"WATERWAY" : "Lake Macquarie",
				"STATE" : "NSW",
				"POSTCODE" : 2264,
				"NO_OF_RAMP_LANE" : "1",
				"CAR_TRAILER_SPACE" : "11-20",
				"WATERWAY_ACCESS" : "All Times",
				"CONDITION" : "Fair",
				"CONSTRUCTION_MATERIAL" : "Concrete",
				"BBQ" : "Yes",
				"FEE_PAYABLE" : "No",
				"FISH_CLEAN_TABLE" : "No",
				"FUEL" : "No",
				"KIOSK" : "No",
				"LIGHTING" : "No",
				"TOILET" : "Yes",
				"WASTE_BIN" : "Yes",
				"RAMP_PONTOON" : "No",
				"PONTOON_JETTY_NEARBY" : "No"
			}
		},
		{
			"type" : "Feature",
			"geometry" : {
				"type" : "Point",
				"coordinates" : [ 149.944740431, -36.779918158 ]
			},
			"properties" : {
				"ASSET_OWNER" : "National Parks And Wildlife Services",
				"BOAT_RAMP_ID" : 702,
				"DESCRIPTION" : "Wallagoot Lake",
				"CONTACT_NUMBER" : "1300 072 757",
				"STREET" : "Wallagoot Lake Road",
				"SUBURB" : "Wallagoot",
				"WATERWAY" : "Wallagoot Lake",
				"STATE" : "NSW",
				"POSTCODE" : 2550,
				"NO_OF_RAMP_LANE" : "1",
				"CAR_TRAILER_SPACE" : "11-21",
				"WATERWAY_ACCESS" : "Shallow At Times",
				"CONDITION" : "Poor",
				"CONSTRUCTION_MATERIAL" : "Concrete",
				"BBQ" : "Yes",
				"FEE_PAYABLE" : "No",
				"FISH_CLEAN_TABLE" : "No",
				"FUEL" : "No",
				"KIOSK" : "No",
				"LIGHTING" : "No",
				"TOILET" : "Yes",
				"WASTE_BIN" : "Yes",
				"RAMP_PONTOON" : "No",
				"PONTOON_JETTY_NEARBY" : "No"
			}
		},
		{
			"type" : "Feature",
			"geometry" : {
				"type" : "Point",
				"coordinates" : [ 144.6903780207, -36.0685690567 ]
			},
			"properties" : {
				"ASSET_OWNER" : "National Parks And Wildlife Services",
				"BOAT_RAMP_ID" : 703,
				"DESCRIPTION" : "5 Mile reserve (Murray Valley Regional Park) - Murray River",
				"CONTACT_NUMBER" : "1300 072 757",
				"STREET" : "Perricoota Road",
				"SUBURB" : "Moama",
				"WATERWAY" : "Murray River",
				"STATE" : "NSW",
				"POSTCODE" : 2731,
				"NO_OF_RAMP_LANE" : "2",
				"CAR_TRAILER_SPACE" : "18 & 15+ informal",
				"WATERWAY_ACCESS" : "All Times",
				"CONDITION" : "Good",
				"CONSTRUCTION_MATERIAL" : "Concrete",
				"BBQ" : "Yes",
				"FEE_PAYABLE" : "No",
				"FISH_CLEAN_TABLE" : "Yes",
				"FUEL" : "No",
				"KIOSK" : "No",
				"LIGHTING" : "Yes",
				"TOILET" : "Yes",
				"WASTE_BIN" : "Yes",
				"RAMP_PONTOON" : "No",
				"PONTOON_JETTY_NEARBY" : "No"
			}
		},
		{
			"type" : "Feature",
			"geometry" : {
				"type" : "Point",
				"coordinates" : [ 151.1200227661, -33.5987799301 ]
			},
			"properties" : {
				"ASSET_OWNER" : "The Council Of The Shire Of Hornsby",
				"BOAT_RAMP_ID" : 704,
				"DESCRIPTION" : "Berowra Waters Boat Ramp",
				"CONTACT_NUMBER" : "02 9847 6666",
				"STREET" : "Bay Road Berowra Waters",
				"SUBURB" : "Berowra Waters",
				"WATERWAY" : "Hawkesbury River",
				"STATE" : "NSW",
				"POSTCODE" : 2082,
				"NO_OF_RAMP_LANE" : "2",
				"CAR_TRAILER_SPACE" : "70-100",
				"WATERWAY_ACCESS" : "All Times",
				"CONDITION" : "Good",
				"CONSTRUCTION_MATERIAL" : "Concrete",
				"BBQ" : "Yes",
				"FEE_PAYABLE" : "No",
				"FISH_CLEAN_TABLE" : "Yes",
				"FUEL" : "Yes",
				"KIOSK" : "Yes",
				"LIGHTING" : "Yes",
				"TOILET" : "Yes",
				"WASTE_BIN" : "Yes",
				"RAMP_PONTOON" : "Yes",
				"PONTOON_JETTY_NEARBY" : "Yes"
			}
		},
		{
			"type" : "Feature",
			"geometry" : {
				"type" : "Point",
				"coordinates" : [ 141.8846952669, -34.1125349736 ]
			},
			"properties" : {
				"ASSET_OWNER" : "Wentworth Shire Council",
				"BOAT_RAMP_ID" : 705,
				"DESCRIPTION" : "Wentworth  2 (Sand Hopper), Murray River",
				"CONTACT_NUMBER" : "03 5027 5027",
				"STREET" : "Log Bridge Road",
				"SUBURB" : "Wentworth",
				"WATERWAY" : "Murray River",
				"STATE" : "NSW",
				"POSTCODE" : 2648,
				"NO_OF_RAMP_LANE" : "1",
				"CAR_TRAILER_SPACE" : "21-50",
				"WATERWAY_ACCESS" : "All Times",
				"CONDITION" : "Good",
				"CONSTRUCTION_MATERIAL" : "Concrete",
				"BBQ" : "No",
				"FEE_PAYABLE" : "No",
				"FISH_CLEAN_TABLE" : "No",
				"FUEL" : "No",
				"KIOSK" : "No",
				"LIGHTING" : "No",
				"TOILET" : "No",
				"WASTE_BIN" : "Yes",
				"RAMP_PONTOON" : "No",
				"PONTOON_JETTY_NEARBY" : "No"
			}
		},
		{
			"type" : "Feature",
			"geometry" : {
				"type" : "Point",
				"coordinates" : [ 144.7746091433, -36.1223427247 ]
			},
			"properties" : {
				"ASSET_OWNER" : "Murray River Council",
				"BOAT_RAMP_ID" : 706,
				"DESCRIPTION" : "Unnamed Road Reserve (off Dungula Way) - Murray River",
				"CONTACT_NUMBER" : "1300 087 004",
				"STREET" : "Dungula Way",
				"SUBURB" : "Moama",
				"WATERWAY" : "Murray River",
				"STATE" : "NSW",
				"POSTCODE" : 2731,
				"NO_OF_RAMP_LANE" : "1",
				"CAR_TRAILER_SPACE" : "INFORMAL",
				"WATERWAY_ACCESS" : "All Times",
				"CONDITION" : "Good",
				"CONSTRUCTION_MATERIAL" : "Concrete",
				"BBQ" : "No",
				"FEE_PAYABLE" : "No",
				"FISH_CLEAN_TABLE" : "No",
				"FUEL" : "No",
				"KIOSK" : "No",
				"LIGHTING" : "No",
				"TOILET" : "No",
				"WASTE_BIN" : "No",
				"RAMP_PONTOON" : "No",
				"PONTOON_JETTY_NEARBY" : "No"
			}
		},
		{
			"type" : "Feature",
			"geometry" : {
				"type" : "Point",
				"coordinates" : [ 153.4293147847, -29.0146747193 ]
			},
			"properties" : {
				"ASSET_OWNER" : "Richmond Valley Council",
				"BOAT_RAMP_ID" : 707,
				"DESCRIPTION" : "Broadwater SES",
				"CONTACT_NUMBER" : "02 6660 0300",
				"STREET" : "Pacific Highway",
				"SUBURB" : "Broadwater",
				"WATERWAY" : "Richmond River",
				"STATE" : "NSW",
				"POSTCODE" : 2472,
				"NO_OF_RAMP_LANE" : "1",
				"CAR_TRAILER_SPACE" : "Informal",
				"WATERWAY_ACCESS" : "Emergency Only",
				"CONDITION" : "Fair",
				"CONSTRUCTION_MATERIAL" : "Concrete",
				"BBQ" : "No",
				"FEE_PAYABLE" : "No",
				"FISH_CLEAN_TABLE" : "No",
				"FUEL" : "No",
				"KIOSK" : "No",
				"LIGHTING" : "Yes",
				"TOILET" : "No",
				"WASTE_BIN" : "No",
				"RAMP_PONTOON" : "No",
				"PONTOON_JETTY_NEARBY" : "No"
			}
		},
		{
			"type" : "Feature",
			"geometry" : {
				"type" : "Point",
				"coordinates" : [ 150.8917044347, -33.472849006 ]
			},
			"properties" : {
				"ASSET_OWNER" : "Hawkesbury City Council",
				"BOAT_RAMP_ID" : 710,
				"DESCRIPTION" : "Holmes Drive Reserve Boat Ramp",
				"CONTACT_NUMBER" : "02 4560 4444",
				"STREET" : "Holmes Drive",
				"SUBURB" : "Cumberland Reach",
				"WATERWAY" : "Hawkesbury River",
				"STATE" : "NSW",
				"POSTCODE" : 2756,
				"NO_OF_RAMP_LANE" : "1",
				"CAR_TRAILER_SPACE" : "Unconfirmed",
				"WATERWAY_ACCESS" : "All Times",
				"CONDITION" : "Good",
				"CONSTRUCTION_MATERIAL" : "Concrete",
				"BBQ" : "No",
				"FEE_PAYABLE" : "No",
				"FISH_CLEAN_TABLE" : "No",
				"FUEL" : "No",
				"KIOSK" : "No",
				"LIGHTING" : "No",
				"TOILET" : "No",
				"WASTE_BIN" : "No",
				"RAMP_PONTOON" : "No",
				"PONTOON_JETTY_NEARBY" : "No"
			}
		},
		{
			"type" : "Feature",
			"geometry" : {
				"type" : "Point",
				"coordinates" : [ 150.9969797819, -29.8988992188 ]
			},
			"properties" : {
				"ASSET_OWNER" : "Inverell Shire Council",
				"BOAT_RAMP_ID" : 711,
				"DESCRIPTION" : "Copeton Dam Northern Foreshores",
				"CONTACT_NUMBER" : "02 6728 8288",
				"STREET" : "Auburn Vale Road",
				"SUBURB" : "Copeton",
				"WATERWAY" : "Copeton Dam",
				"STATE" : "NSW",
				"POSTCODE" : 2360,
				"NO_OF_RAMP_LANE" : "2",
				"CAR_TRAILER_SPACE" : "Unconfirmed",
				"WATERWAY_ACCESS" : "Low Dam Level",
				"CONDITION" : "Good",
				"CONSTRUCTION_MATERIAL" : "Bitumen",
				"BBQ" : "Yes",
				"FEE_PAYABLE" : "No",
				"FISH_CLEAN_TABLE" : "Yes",
				"FUEL" : "No",
				"KIOSK" : "Yes",
				"LIGHTING" : "No",
				"TOILET" : "Yes",
				"WASTE_BIN" : "Yes",
				"RAMP_PONTOON" : "No",
				"PONTOON_JETTY_NEARBY" : "No"
			}
		},
		{
			"type" : "Feature",
			"geometry" : {
				"type" : "Point",
				"coordinates" : [ 150.9966707804, -29.8923042186 ]
			},
			"properties" : {
				"ASSET_OWNER" : "Inverell Shire Council",
				"BOAT_RAMP_ID" : 712,
				"DESCRIPTION" : "Copeton Dam Northern Foreshores",
				"CONTACT_NUMBER" : "02 6728 8288",
				"STREET" : "Auburn Vale Road",
				"SUBURB" : "Copeton",
				"WATERWAY" : "Copeton Dam",
				"STATE" : "NSW",
				"POSTCODE" : 2360,
				"NO_OF_RAMP_LANE" : "1",
				"CAR_TRAILER_SPACE" : "Unconfirmed",
				"WATERWAY_ACCESS" : "High Dam Level",
				"CONDITION" : "Good",
				"CONSTRUCTION_MATERIAL" : "Concrete",
				"BBQ" : "Yes",
				"FEE_PAYABLE" : "No",
				"FISH_CLEAN_TABLE" : "Yes",
				"FUEL" : "No",
				"KIOSK" : "Yes",
				"LIGHTING" : "No",
				"TOILET" : "Yes",
				"WASTE_BIN" : "Yes",
				"RAMP_PONTOON" : "No",
				"PONTOON_JETTY_NEARBY" : "No"
			}
		},
		{
			"type" : "Feature",
			"geometry" : {
				"type" : "Point",
				"coordinates" : [ 150.6916397707, -30.4507191363 ]
			},
			"properties" : {
				"ASSET_OWNER" : "Tamworth Regional Council",
				"BOAT_RAMP_ID" : 713,
				"DESCRIPTION" : "Glenriddle Reserve Boat Ramp",
				"CONTACT_NUMBER" : "02 6767 5555",
				"STREET" : "Pera Linton Road",
				"SUBURB" : "Barraba",
				"WATERWAY" : "Split Rock Reseviour",
				"STATE" : "NSW",
				"POSTCODE" : 2347,
				"NO_OF_RAMP_LANE" : "1",
				"CAR_TRAILER_SPACE" : "Unconfirmed",
				"WATERWAY_ACCESS" : "All Times",
				"CONDITION" : "Good",
				"CONSTRUCTION_MATERIAL" : "Concrete",
				"BBQ" : "Yes",
				"FEE_PAYABLE" : "No",
				"FISH_CLEAN_TABLE" : "Yes",
				"FUEL" : "No",
				"KIOSK" : "No",
				"LIGHTING" : "No",
				"TOILET" : "Yes",
				"WASTE_BIN" : "Yes",
				"RAMP_PONTOON" : "No",
				"PONTOON_JETTY_NEARBY" : "No"
			}
		},
		{
			"type" : "Feature",
			"geometry" : {
				"type" : "Point",
				"coordinates" : [ 151.9504462714, -31.9996801908 ]
			},
			"properties" : {
				"ASSET_OWNER" : "Mid-Coast Council",
				"BOAT_RAMP_ID" : 714,
				"DESCRIPTION" : "Gloucester District Park - Canoe/Kayak Launch Site",
				"CONTACT_NUMBER" : "02 7955 7777",
				"STREET" : "Thunderbolts Way",
				"SUBURB" : "Gloucester",
				"WATERWAY" : "Gloucester River",
				"STATE" : "NSW",
				"POSTCODE" : 2422,
				"NO_OF_RAMP_LANE" : null,
				"CAR_TRAILER_SPACE" : "Unconfirmed",
				"WATERWAY_ACCESS" : "Passive Craft Only",
				"CONDITION" : "Poor",
				"CONSTRUCTION_MATERIAL" : "Sand",
				"BBQ" : "Yes",
				"FEE_PAYABLE" : "No",
				"FISH_CLEAN_TABLE" : "No",
				"FUEL" : "No",
				"KIOSK" : "No",
				"LIGHTING" : "No",
				"TOILET" : "Yes",
				"WASTE_BIN" : "Yes",
				"RAMP_PONTOON" : "No",
				"PONTOON_JETTY_NEARBY" : "No"
			}
		},
		{
			"type" : "Feature",
			"geometry" : {
				"type" : "Point",
				"coordinates" : [ 146.9489882675, -36.099510231 ]
			},
			"properties" : {
				"ASSET_OWNER" : "Albury City Council",
				"BOAT_RAMP_ID" : 369,
				"DESCRIPTION" : "Mungabareena Reserve Boat Ramp ",
				"CONTACT_NUMBER" : "02 6023 8111",
				"STREET" : "Doctors Point Road",
				"SUBURB" : "East Albury",
				"WATERWAY" : "Murray River",
				"STATE" : "NSW",
				"POSTCODE" : 2640,
				"NO_OF_RAMP_LANE" : "2",
				"CAR_TRAILER_SPACE" : "0-10",
				"WATERWAY_ACCESS" : "Shallow At Times",
				"CONDITION" : "Good",
				"CONSTRUCTION_MATERIAL" : "Concrete",
				"BBQ" : "No",
				"FEE_PAYABLE" : "No",
				"FISH_CLEAN_TABLE" : "No",
				"FUEL" : "No",
				"KIOSK" : "No",
				"LIGHTING" : "No",
				"TOILET" : "No",
				"WASTE_BIN" : "No",
				"RAMP_PONTOON" : "No",
				"PONTOON_JETTY_NEARBY" : "No"
			}
		},
		{
			"type" : "Feature",
			"geometry" : {
				"type" : "Point",
				"coordinates" : [ 146.9078908035, -36.0860356563 ]
			},
			"properties" : {
				"ASSET_OWNER" : "Albury City Council",
				"BOAT_RAMP_ID" : 388,
				"DESCRIPTION" : "Norieul Park",
				"CONTACT_NUMBER" : "02 6023 8111",
				"STREET" : "Hume Highway",
				"SUBURB" : "Albury",
				"WATERWAY" : "Murray River",
				"STATE" : "NSW",
				"POSTCODE" : 2640,
				"NO_OF_RAMP_LANE" : "1",
				"CAR_TRAILER_SPACE" : "0-10",
				"WATERWAY_ACCESS" : "Shallow At Times",
				"CONDITION" : "Fair",
				"CONSTRUCTION_MATERIAL" : "Concrete",
				"BBQ" : "No",
				"FEE_PAYABLE" : "No",
				"FISH_CLEAN_TABLE" : "No",
				"FUEL" : "No",
				"KIOSK" : "No",
				"LIGHTING" : "Yes",
				"TOILET" : "No",
				"WASTE_BIN" : "No",
				"RAMP_PONTOON" : "No",
				"PONTOON_JETTY_NEARBY" : "No"
			}
		},
		{
			"type" : "Feature",
			"geometry" : {
				"type" : "Point",
				"coordinates" : [ 147.0460598632, -35.9751979065 ]
			},
			"properties" : {
				"ASSET_OWNER" : "Albury City Council",
				"BOAT_RAMP_ID" : 512,
				"DESCRIPTION" : "Table Top Reserve Boat Ramp (Lake Hume)",
				"CONTACT_NUMBER" : "02 6023 8111",
				"STREET" : "Table Top Road",
				"SUBURB" : "Table Top",
				"WATERWAY" : "Lake Hume",
				"STATE" : "NSW",
				"POSTCODE" : 2640,
				"NO_OF_RAMP_LANE" : "2",
				"CAR_TRAILER_SPACE" : "0-10",
				"WATERWAY_ACCESS" : "Shallow At Times",
				"CONDITION" : "Poor",
				"CONSTRUCTION_MATERIAL" : "Unsealed",
				"BBQ" : "No",
				"FEE_PAYABLE" : "No",
				"FISH_CLEAN_TABLE" : "No",
				"FUEL" : "No",
				"KIOSK" : "No",
				"LIGHTING" : "No",
				"TOILET" : "No",
				"WASTE_BIN" : "No",
				"RAMP_PONTOON" : "No",
				"PONTOON_JETTY_NEARBY" : "No"
			}
		},
		{
			"type" : "Feature",
			"geometry" : {
				"type" : "Point",
				"coordinates" : [ 153.0160447804, -30.4904109756 ]
			},
			"properties" : {
				"ASSET_OWNER" : "Bellingen Shire Council",
				"BOAT_RAMP_ID" : 254,
				"DESCRIPTION" : "Urunga Ramp - Downstream",
				"CONTACT_NUMBER" : "02 6655 7300",
				"STREET" : "Atherton Drive",
				"SUBURB" : "Urunga",
				"WATERWAY" : "Kalang River",
				"STATE" : "NSW",
				"POSTCODE" : 2455,
				"NO_OF_RAMP_LANE" : "1",
				"CAR_TRAILER_SPACE" : "0-10",
				"WATERWAY_ACCESS" : "All Times",
				"CONDITION" : "Good",
				"CONSTRUCTION_MATERIAL" : "Concrete",
				"BBQ" : "Yes",
				"FEE_PAYABLE" : "No",
				"FISH_CLEAN_TABLE" : "Yes",
				"FUEL" : "No",
				"KIOSK" : "No",
				"LIGHTING" : "Yes",
				"TOILET" : "No",
				"WASTE_BIN" : "Yes",
				"RAMP_PONTOON" : "No",
				"PONTOON_JETTY_NEARBY" : "No"
			}
		},
		{
			"type" : "Feature",
			"geometry" : {
				"type" : "Point",
				"coordinates" : [ 153.0147174735, -30.4915729482 ]
			},
			"properties" : {
				"ASSET_OWNER" : "Bellingen Shire Council",
				"BOAT_RAMP_ID" : 255,
				"DESCRIPTION" : "Urunga Ramp - Upstream",
				"CONTACT_NUMBER" : "02 6655 7300",
				"STREET" : "Atherton Drive",
				"SUBURB" : "Urunga",
				"WATERWAY" : "Kalang River",
				"STATE" : "NSW",
				"POSTCODE" : 2455,
				"NO_OF_RAMP_LANE" : "1",
				"CAR_TRAILER_SPACE" : "0-10",
				"WATERWAY_ACCESS" : "All Times",
				"CONDITION" : "Good",
				"CONSTRUCTION_MATERIAL" : "Concrete",
				"BBQ" : "Yes",
				"FEE_PAYABLE" : "No",
				"FISH_CLEAN_TABLE" : "Yes",
				"FUEL" : "No",
				"KIOSK" : "No",
				"LIGHTING" : "Yes",
				"TOILET" : "No",
				"WASTE_BIN" : "Yes",
				"RAMP_PONTOON" : "No",
				"PONTOON_JETTY_NEARBY" : "No"
			}
		},
		{
			"type" : "Feature",
			"geometry" : {
				"type" : "Point",
				"coordinates" : [ 145.5632520097, -35.8119171956 ]
			},
			"properties" : {
				"ASSET_OWNER" : "Berrigan Shire Council",
				"BOAT_RAMP_ID" : 541,
				"DESCRIPTION" : "Tocumwal Foreshore Park Boat Ramp",
				"CONTACT_NUMBER" : "03 5888 5100",
				"STREET" : "Deniliquin Road",
				"SUBURB" : "Tocumwal",
				"WATERWAY" : "Murray River",
				"STATE" : "NSW",
				"POSTCODE" : 2714,
				"NO_OF_RAMP_LANE" : "1",
				"CAR_TRAILER_SPACE" : "0-10",
				"WATERWAY_ACCESS" : "All Times",
				"CONDITION" : "Good",
				"CONSTRUCTION_MATERIAL" : "Concrete",
				"BBQ" : "No",
				"FEE_PAYABLE" : "No",
				"FISH_CLEAN_TABLE" : "No",
				"FUEL" : "No",
				"KIOSK" : "Yes",
				"LIGHTING" : "Yes",
				"TOILET" : "No",
				"WASTE_BIN" : "Yes",
				"RAMP_PONTOON" : "No",
				"PONTOON_JETTY_NEARBY" : "No"
			}
		},
		{
			"type" : "Feature",
			"geometry" : {
				"type" : "Point",
				"coordinates" : [ 153.2681770079, -29.4242952959 ]
			},
			"properties" : {
				"ASSET_OWNER" : "Big River Sailing Club",
				"BOAT_RAMP_ID" : 447,
				"DESCRIPTION" : "Big River Sailing Club Ramp, Harwood Island Clarence River",
				"CONTACT_NUMBER" : "02 6646 4517",
				"STREET" : "Careys Lane",
				"SUBURB" : "Harwood",
				"WATERWAY" : "Clarence River",
				"STATE" : "NSW",
				"POSTCODE" : 2465,
				"NO_OF_RAMP_LANE" : "1",
				"CAR_TRAILER_SPACE" : "0-10",
				"WATERWAY_ACCESS" : "Shallow At Times",
				"CONDITION" : "Poor",
				"CONSTRUCTION_MATERIAL" : "Sand",
				"BBQ" : "No",
				"FEE_PAYABLE" : "No",
				"FISH_CLEAN_TABLE" : "No",
				"FUEL" : "No",
				"KIOSK" : "No",
				"LIGHTING" : "No",
				"TOILET" : "No",
				"WASTE_BIN" : "No",
				"RAMP_PONTOON" : "No",
				"PONTOON_JETTY_NEARBY" : "No"
			}
		},
		{
			"type" : "Feature",
			"geometry" : {
				"type" : "Point",
				"coordinates" : [ 149.3099814764, -36.8389855213 ]
			},
			"properties" : {
				"ASSET_OWNER" : "Snowy Monaro Regional Council",
				"BOAT_RAMP_ID" : 42,
				"DESCRIPTION" : "Black Lake Boat Ramp",
				"CONTACT_NUMBER" : "1300 345 345",
				"STREET" : "Cathcart Road",
				"SUBURB" : "Bibbenluke",
				"WATERWAY" : "Black Lake",
				"STATE" : "NSW",
				"POSTCODE" : 2632,
				"NO_OF_RAMP_LANE" : "1",
				"CAR_TRAILER_SPACE" : "0-10",
				"WATERWAY_ACCESS" : "Shallow At Times",
				"CONDITION" : "Good",
				"CONSTRUCTION_MATERIAL" : "Concrete",
				"BBQ" : "No",
				"FEE_PAYABLE" : "No",
				"FISH_CLEAN_TABLE" : "No",
				"FUEL" : "No",
				"KIOSK" : "No",
				"LIGHTING" : "No",
				"TOILET" : "Yes",
				"WASTE_BIN" : "No",
				"RAMP_PONTOON" : "No",
				"PONTOON_JETTY_NEARBY" : "No"
			}
		},
		{
			"type" : "Feature",
			"geometry" : {
				"type" : "Point",
				"coordinates" : [ 148.3890525626, -35.9695370923 ]
			},
			"properties" : {
				"ASSET_OWNER" : "Snowy Valleys Council",
				"BOAT_RAMP_ID" : 554,
				"DESCRIPTION" : "Tumut Pond Reservoir Boat Ramp",
				"CONTACT_NUMBER" : "1300 275 782",
				"STREET" : "Snowridge Road",
				"SUBURB" : "Cabramurra",
				"WATERWAY" : "Tumut Reservoir",
				"STATE" : "NSW",
				"POSTCODE" : 2629,
				"NO_OF_RAMP_LANE" : "1",
				"CAR_TRAILER_SPACE" : "0-10",
				"WATERWAY_ACCESS" : "All Times",
				"CONDITION" : "Poor",
				"CONSTRUCTION_MATERIAL" : "Unsealed",
				"BBQ" : "No",
				"FEE_PAYABLE" : "Yes",
				"FISH_CLEAN_TABLE" : "No",
				"FUEL" : "No",
				"KIOSK" : "No",
				"LIGHTING" : "No",
				"TOILET" : "No",
				"WASTE_BIN" : "No",
				"RAMP_PONTOON" : "No",
				"PONTOON_JETTY_NEARBY" : "No"
			}
		},
		{
			"type" : "Feature",
			"geometry" : {
				"type" : "Point",
				"coordinates" : [ 151.7317797493, -32.6635786241 ]
			},
			"properties" : {
				"ASSET_OWNER" : "Port Stephens Council",
				"BOAT_RAMP_ID" : 462,
				"DESCRIPTION" : "Seaham Boat Ramp - Williams River",
				"CONTACT_NUMBER" : "02 4988 0255",
				"STREET" : "Torrence Street",
				"SUBURB" : "Seaham",
				"WATERWAY" : "Williams River",
				"STATE" : "NSW",
				"POSTCODE" : 2324,
				"NO_OF_RAMP_LANE" : "1",
				"CAR_TRAILER_SPACE" : "0-10",
				"WATERWAY_ACCESS" : "All Times",
				"CONDITION" : "Good",
				"CONSTRUCTION_MATERIAL" : "Concrete",
				"BBQ" : "No",
				"FEE_PAYABLE" : "No",
				"FISH_CLEAN_TABLE" : "No",
				"FUEL" : "No",
				"KIOSK" : "No",
				"LIGHTING" : "No",
				"TOILET" : "No",
				"WASTE_BIN" : "Yes",
				"RAMP_PONTOON" : "No",
				"PONTOON_JETTY_NEARBY" : "No"
			}
		},
		{
			"type" : "Feature",
			"geometry" : {
				"type" : "Point",
				"coordinates" : [ 153.0937465828, -30.3392012551 ]
			},
			"properties" : {
				"ASSET_OWNER" : "Coffs Harbour City Council",
				"BOAT_RAMP_ID" : 51,
				"DESCRIPTION" : "Boambee Creek Boat Ramp\n(Near The Link Centre)",
				"CONTACT_NUMBER" : "02 6648 4000",
				"STREET" : "Hogbin Drive",
				"SUBURB" : "Toormina",
				"WATERWAY" : "Boambee Creek",
				"STATE" : "NSW",
				"POSTCODE" : 2452,
				"NO_OF_RAMP_LANE" : "1",
				"CAR_TRAILER_SPACE" : "0-10",
				"WATERWAY_ACCESS" : "High Tide Only",
				"CONDITION" : "Poor",
				"CONSTRUCTION_MATERIAL" : "Concrete",
				"BBQ" : "No",
				"FEE_PAYABLE" : "No",
				"FISH_CLEAN_TABLE" : "No",
				"FUEL" : "No",
				"KIOSK" : "No",
				"LIGHTING" : "No",
				"TOILET" : "No",
				"WASTE_BIN" : "Yes",
				"RAMP_PONTOON" : "No",
				"PONTOON_JETTY_NEARBY" : "No"
			}
		},
		{
			"type" : "Feature",
			"geometry" : {
				"type" : "Point",
				"coordinates" : [ 153.0913401312, -30.3741419185 ]
			},
			"properties" : {
				"ASSET_OWNER" : "Coffs Harbour City Council",
				"BOAT_RAMP_ID" : 57,
				"DESCRIPTION" : "Bonville Creek Boat Ramp",
				"CONTACT_NUMBER" : "02 6648 4000",
				"STREET" : "Lyons Road",
				"SUBURB" : "Sawtell",
				"WATERWAY" : "Bonville Creek",
				"STATE" : "NSW",
				"POSTCODE" : 2452,
				"NO_OF_RAMP_LANE" : "3",
				"CAR_TRAILER_SPACE" : "0-10",
				"WATERWAY_ACCESS" : "Shallow At Times",
				"CONDITION" : "Fair",
				"CONSTRUCTION_MATERIAL" : "Bitumen",
				"BBQ" : "No",
				"FEE_PAYABLE" : "No",
				"FISH_CLEAN_TABLE" : "Yes",
				"FUEL" : "No",
				"KIOSK" : "No",
				"LIGHTING" : "No",
				"TOILET" : "No",
				"WASTE_BIN" : "Yes",
				"RAMP_PONTOON" : "No",
				"PONTOON_JETTY_NEARBY" : "No"
			}
		},
		{
			"type" : "Feature",
			"geometry" : {
				"type" : "Point",
				"coordinates" : [ 153.1356101343, -30.2985142965 ]
			},
			"properties" : {
				"ASSET_OWNER" : "Coffs Harbour City Council",
				"BOAT_RAMP_ID" : 114,
				"DESCRIPTION" : "Coffs Harbour Creek - Edgar Street Boat Ramp",
				"CONTACT_NUMBER" : "02 6648 4000",
				"STREET" : "Edgar Street",
				"SUBURB" : "Coffs Harbour",
				"WATERWAY" : "Coffs Harbour Creek",
				"STATE" : "NSW",
				"POSTCODE" : 2450,
				"NO_OF_RAMP_LANE" : "1",
				"CAR_TRAILER_SPACE" : "0-10",
				"WATERWAY_ACCESS" : "High Tide Only",
				"CONDITION" : "Good",
				"CONSTRUCTION_MATERIAL" : "Concrete",
				"BBQ" : "Yes",
				"FEE_PAYABLE" : "No",
				"FISH_CLEAN_TABLE" : "No",
				"FUEL" : "No",
				"KIOSK" : "No",
				"LIGHTING" : "No",
				"TOILET" : "Yes",
				"WASTE_BIN" : "Yes",
				"RAMP_PONTOON" : "No",
				"PONTOON_JETTY_NEARBY" : "No"
			}
		},
		{
			"type" : "Feature",
			"geometry" : {
				"type" : "Point",
				"coordinates" : [ 146.3978104117, -36.006175543 ]
			},
			"properties" : {
				"ASSET_OWNER" : "Federation Council",
				"BOAT_RAMP_ID" : 16,
				"DESCRIPTION" : "Ball Park, Corowa",
				"CONTACT_NUMBER" : "02 6033 8999",
				"STREET" : "Sanger Street",
				"SUBURB" : "Corowa ",
				"WATERWAY" : "Murray River",
				"STATE" : "NSW",
				"POSTCODE" : 2646,
				"NO_OF_RAMP_LANE" : "2",
				"CAR_TRAILER_SPACE" : "0-10",
				"WATERWAY_ACCESS" : "All Times",
				"CONDITION" : "Good",
				"CONSTRUCTION_MATERIAL" : "Concrete",
				"BBQ" : "No",
				"FEE_PAYABLE" : "No",
				"FISH_CLEAN_TABLE" : "No",
				"FUEL" : "Yes",
				"KIOSK" : "No",
				"LIGHTING" : "No",
				"TOILET" : "No",
				"WASTE_BIN" : "No",
				"RAMP_PONTOON" : "No",
				"PONTOON_JETTY_NEARBY" : "No"
			}
		},
		{
			"type" : "Feature",
			"geometry" : {
				"type" : "Point",
				"coordinates" : [ 146.0067261812, -35.9903611181 ]
			},
			"properties" : {
				"ASSET_OWNER" : "Federation Council",
				"BOAT_RAMP_ID" : 246,
				"DESCRIPTION" : "Inglis Street - NSW Side Lake Mulwala",
				"CONTACT_NUMBER" : "02 6033 8999",
				"STREET" : "Inglis Street",
				"SUBURB" : "Mulwala",
				"WATERWAY" : "Lake Mulwala",
				"STATE" : "NSW",
				"POSTCODE" : 2647,
				"NO_OF_RAMP_LANE" : "2",
				"CAR_TRAILER_SPACE" : "0-10",
				"WATERWAY_ACCESS" : "All Times",
				"CONDITION" : "Good",
				"CONSTRUCTION_MATERIAL" : "Concrete",
				"BBQ" : "No",
				"FEE_PAYABLE" : "No",
				"FISH_CLEAN_TABLE" : "No",
				"FUEL" : "Yes",
				"KIOSK" : "Yes",
				"LIGHTING" : "No",
				"TOILET" : "Yes",
				"WASTE_BIN" : "No",
				"RAMP_PONTOON" : "No",
				"PONTOON_JETTY_NEARBY" : "No"
			}
		},
		{
			"type" : "Feature",
			"geometry" : {
				"type" : "Point",
				"coordinates" : [ 146.0244650728, -35.9765858576 ]
			},
			"properties" : {
				"ASSET_OWNER" : "Federation Council",
				"BOAT_RAMP_ID" : 296,
				"DESCRIPTION" : "Lake Mulwala Regional Boat Ramp",
				"CONTACT_NUMBER" : "02 6033 8999",
				"STREET" : "Melbourne Street",
				"SUBURB" : "Mulwala",
				"WATERWAY" : "Lake Mulwala",
				"STATE" : "NSW",
				"POSTCODE" : 2647,
				"NO_OF_RAMP_LANE" : "2",
				"CAR_TRAILER_SPACE" : "0-10",
				"WATERWAY_ACCESS" : "All Times",
				"CONDITION" : "Good",
				"CONSTRUCTION_MATERIAL" : "Concrete",
				"BBQ" : "No",
				"FEE_PAYABLE" : "No",
				"FISH_CLEAN_TABLE" : "No",
				"FUEL" : "No",
				"KIOSK" : "No",
				"LIGHTING" : "Yes",
				"TOILET" : "Yes",
				"WASTE_BIN" : "No",
				"RAMP_PONTOON" : "No",
				"PONTOON_JETTY_NEARBY" : "No"
			}
		},
		{
			"type" : "Feature",
			"geometry" : {
				"type" : "Point",
				"coordinates" : [ 146.6230937022, -35.9879023878 ]
			},
			"properties" : {
				"ASSET_OWNER" : "Federation Council",
				"BOAT_RAMP_ID" : 319,
				"DESCRIPTION" : "Lions Park Howlong Road, Howlong",
				"CONTACT_NUMBER" : "02 6033 8999",
				"STREET" : "Howlong Road",
				"SUBURB" : "Howlong",
				"WATERWAY" : "Murray River",
				"STATE" : "NSW",
				"POSTCODE" : 2643,
				"NO_OF_RAMP_LANE" : "1",
				"CAR_TRAILER_SPACE" : "0-10",
				"WATERWAY_ACCESS" : "All Times",
				"CONDITION" : "Poor",
				"CONSTRUCTION_MATERIAL" : "Concrete",
				"BBQ" : "Yes",
				"FEE_PAYABLE" : "No",
				"FISH_CLEAN_TABLE" : "No",
				"FUEL" : "Yes",
				"KIOSK" : "No",
				"LIGHTING" : "No",
				"TOILET" : "Yes",
				"WASTE_BIN" : "No",
				"RAMP_PONTOON" : "No",
				"PONTOON_JETTY_NEARBY" : "No"
			}
		},
		{
			"type" : "Feature",
			"geometry" : {
				"type" : "Point",
				"coordinates" : [ 146.6174931271, -35.9819997815 ]
			},
			"properties" : {
				"ASSET_OWNER" : "Federation Council",
				"BOAT_RAMP_ID" : 347,
				"DESCRIPTION" : "Memorial Park, Howlong",
				"CONTACT_NUMBER" : "02 6033 8999",
				"STREET" : "Victoria Street",
				"SUBURB" : "Howlong",
				"WATERWAY" : "Murray River",
				"STATE" : "NSW",
				"POSTCODE" : 2643,
				"NO_OF_RAMP_LANE" : "2",
				"CAR_TRAILER_SPACE" : "0-10",
				"WATERWAY_ACCESS" : "All Times",
				"CONDITION" : "Good",
				"CONSTRUCTION_MATERIAL" : "Concrete",
				"BBQ" : "Yes",
				"FEE_PAYABLE" : "No",
				"FISH_CLEAN_TABLE" : "No",
				"FUEL" : "Yes",
				"KIOSK" : "No",
				"LIGHTING" : "Yes",
				"TOILET" : "Yes",
				"WASTE_BIN" : "No",
				"RAMP_PONTOON" : "No",
				"PONTOON_JETTY_NEARBY" : "No"
			}
		},
		{
			"type" : "Feature",
			"geometry" : {
				"type" : "Point",
				"coordinates" : [ 146.2866143476, -36.0134453565 ]
			},
			"properties" : {
				"ASSET_OWNER" : "Federation Council",
				"BOAT_RAMP_ID" : 483,
				"DESCRIPTION" : "Snake Island-Boiling Downs Creek",
				"CONTACT_NUMBER" : "02 6033 8999",
				"STREET" : "Spring Drive",
				"SUBURB" : "Corowa",
				"WATERWAY" : "Murray River",
				"STATE" : "NSW",
				"POSTCODE" : 2646,
				"NO_OF_RAMP_LANE" : "1",
				"CAR_TRAILER_SPACE" : "0-10",
				"WATERWAY_ACCESS" : "All Times",
				"CONDITION" : "Good",
				"CONSTRUCTION_MATERIAL" : "Concrete",
				"BBQ" : "No",
				"FEE_PAYABLE" : "No",
				"FISH_CLEAN_TABLE" : "No",
				"FUEL" : "No",
				"KIOSK" : "No",
				"LIGHTING" : "No",
				"TOILET" : "No",
				"WASTE_BIN" : "Yes",
				"RAMP_PONTOON" : "No",
				"PONTOON_JETTY_NEARBY" : "No"
			}
		},
		{
			"type" : "Feature",
			"geometry" : {
				"type" : "Point",
				"coordinates" : [ 144.7628214036, -35.4387746811 ]
			},
			"properties" : {
				"ASSET_OWNER" : "Murray River Council",
				"BOAT_RAMP_ID" : 33,
				"DESCRIPTION" : "Benarca Bend Boat Ramp (Stevens Weir)",
				"CONTACT_NUMBER" : "1300 087 004",
				"STREET" : "Stevens Weir Road",
				"SUBURB" : "Deniliquin",
				"WATERWAY" : "Edward River",
				"STATE" : "NSW",
				"POSTCODE" : 2710,
				"NO_OF_RAMP_LANE" : "1",
				"CAR_TRAILER_SPACE" : "0-10",
				"WATERWAY_ACCESS" : "Shallow At Times",
				"CONDITION" : "Good",
				"CONSTRUCTION_MATERIAL" : "Concrete",
				"BBQ" : "Yes",
				"FEE_PAYABLE" : "No",
				"FISH_CLEAN_TABLE" : "No",
				"FUEL" : "No",
				"KIOSK" : "No",
				"LIGHTING" : "No",
				"TOILET" : "Yes",
				"WASTE_BIN" : "No",
				"RAMP_PONTOON" : "No",
				"PONTOON_JETTY_NEARBY" : "No"
			}
		},
		{
			"type" : "Feature",
			"geometry" : {
				"type" : "Point",
				"coordinates" : [ 144.94152871, -35.5128700908 ]
			},
			"properties" : {
				"ASSET_OWNER" : "Edward River Council",
				"BOAT_RAMP_ID" : 224,
				"DESCRIPTION" : "Harfluer Street Boat Ramp",
				"CONTACT_NUMBER" : "03 5898 3000",
				"STREET" : "Harfluer Street",
				"SUBURB" : "Deniliquin",
				"WATERWAY" : "Edward River",
				"STATE" : "NSW",
				"POSTCODE" : 2710,
				"NO_OF_RAMP_LANE" : "1",
				"CAR_TRAILER_SPACE" : "0-10",
				"WATERWAY_ACCESS" : "Shallow At Times",
				"CONDITION" : "Good",
				"CONSTRUCTION_MATERIAL" : "Concrete",
				"BBQ" : "No",
				"FEE_PAYABLE" : "No",
				"FISH_CLEAN_TABLE" : "No",
				"FUEL" : "No",
				"KIOSK" : "No",
				"LIGHTING" : "No",
				"TOILET" : "No",
				"WASTE_BIN" : "No",
				"RAMP_PONTOON" : "No",
				"PONTOON_JETTY_NEARBY" : "No"
			}
		},
		{
			"type" : "Feature",
			"geometry" : {
				"type" : "Point",
				"coordinates" : [ 145.004673012, -35.5641116129 ]
			},
			"properties" : {
				"ASSET_OWNER" : "Edward River Council",
				"BOAT_RAMP_ID" : 312,
				"DESCRIPTION" : "Lawson Syphon",
				"CONTACT_NUMBER" : "03 5898 3000",
				"STREET" : "Lawson Syphon Road",
				"SUBURB" : "Deniliquin",
				"WATERWAY" : "Edward River",
				"STATE" : "NSW",
				"POSTCODE" : 2710,
				"NO_OF_RAMP_LANE" : "1",
				"CAR_TRAILER_SPACE" : "0-10",
				"WATERWAY_ACCESS" : "Shallow At Times",
				"CONDITION" : "Good",
				"CONSTRUCTION_MATERIAL" : "Concrete",
				"BBQ" : "No",
				"FEE_PAYABLE" : "No",
				"FISH_CLEAN_TABLE" : "No",
				"FUEL" : "No",
				"KIOSK" : "No",
				"LIGHTING" : "No",
				"TOILET" : "No",
				"WASTE_BIN" : "No",
				"RAMP_PONTOON" : "No",
				"PONTOON_JETTY_NEARBY" : "No"
			}
		},
		{
			"type" : "Feature",
			"geometry" : {
				"type" : "Point",
				"coordinates" : [ 144.9335928428, -35.5114879728 ]
			},
			"properties" : {
				"ASSET_OWNER" : "Edward River Council",
				"BOAT_RAMP_ID" : 478,
				"DESCRIPTION" : "Sloane Street",
				"CONTACT_NUMBER" : "03 5898 3000",
				"STREET" : "Sloane Street",
				"SUBURB" : "Deniliquin",
				"WATERWAY" : "Edward River",
				"STATE" : "NSW",
				"POSTCODE" : 2710,
				"NO_OF_RAMP_LANE" : "1",
				"CAR_TRAILER_SPACE" : "0-10",
				"WATERWAY_ACCESS" : "Shallow At Times",
				"CONDITION" : "Good",
				"CONSTRUCTION_MATERIAL" : "Concrete",
				"BBQ" : "No",
				"FEE_PAYABLE" : "No",
				"FISH_CLEAN_TABLE" : "No",
				"FUEL" : "No",
				"KIOSK" : "No",
				"LIGHTING" : "No",
				"TOILET" : "No",
				"WASTE_BIN" : "No",
				"RAMP_PONTOON" : "No",
				"PONTOON_JETTY_NEARBY" : "No"
			}
		},
		{
			"type" : "Feature",
			"geometry" : {
				"type" : "Point",
				"coordinates" : [ 144.9941520112, -35.5456676271 ]
			},
			"properties" : {
				"ASSET_OWNER" : "Edward River Council",
				"BOAT_RAMP_ID" : 559,
				"DESCRIPTION" : "Twin Rivers",
				"CONTACT_NUMBER" : "03 5898 3000",
				"STREET" : "Riverina Highway",
				"SUBURB" : "Deniliquin",
				"WATERWAY" : "Edward River",
				"STATE" : "NSW",
				"POSTCODE" : 2710,
				"NO_OF_RAMP_LANE" : "1",
				"CAR_TRAILER_SPACE" : "0-10",
				"WATERWAY_ACCESS" : "Shallow At Times",
				"CONDITION" : "Good",
				"CONSTRUCTION_MATERIAL" : "Concrete",
				"BBQ" : "No",
				"FEE_PAYABLE" : "No",
				"FISH_CLEAN_TABLE" : "No",
				"FUEL" : "No",
				"KIOSK" : "No",
				"LIGHTING" : "No",
				"TOILET" : "No",
				"WASTE_BIN" : "No",
				"RAMP_PONTOON" : "No",
				"PONTOON_JETTY_NEARBY" : "No"
			}
		},
		{
			"type" : "Feature",
			"geometry" : {
				"type" : "Point",
				"coordinates" : [ 148.5991179311, -32.2467360504 ]
			},
			"properties" : {
				"ASSET_OWNER" : "Dubbo Regional Council",
				"BOAT_RAMP_ID" : 315,
				"DESCRIPTION" : "Lions Park",
				"CONTACT_NUMBER" : "02 6801 4000",
				"STREET" : "Bligh Street",
				"SUBURB" : "Dubbo",
				"WATERWAY" : "Macquarie River",
				"STATE" : "NSW",
				"POSTCODE" : 2830,
				"NO_OF_RAMP_LANE" : "1",
				"CAR_TRAILER_SPACE" : "0-10",
				"WATERWAY_ACCESS" : "Shallow At Times",
				"CONDITION" : "Good",
				"CONSTRUCTION_MATERIAL" : "Concrete",
				"BBQ" : "No",
				"FEE_PAYABLE" : "No",
				"FISH_CLEAN_TABLE" : "No",
				"FUEL" : "No",
				"KIOSK" : "No",
				"LIGHTING" : "Yes",
				"TOILET" : "No",
				"WASTE_BIN" : "No",
				"RAMP_PONTOON" : "No",
				"PONTOON_JETTY_NEARBY" : "Yes"
			}
		},
		{
			"type" : "Feature",
			"geometry" : {
				"type" : "Point",
				"coordinates" : [ 150.2324050729, -35.7813951018 ]
			},
			"properties" : {
				"ASSET_OWNER" : "Eurobodalla Shire Council",
				"BOAT_RAMP_ID" : 366,
				"DESCRIPTION" : "Mosquito Bay, Malua Bay",
				"CONTACT_NUMBER" : "02 4474 1000",
				"STREET" : "George Bass Drive",
				"SUBURB" : "Malua Bay",
				"WATERWAY" : "Tasman Sea",
				"STATE" : "NSW",
				"POSTCODE" : 2536,
				"NO_OF_RAMP_LANE" : "2",
				"CAR_TRAILER_SPACE" : "0-10",
				"WATERWAY_ACCESS" : "All Times",
				"CONDITION" : "Good",
				"CONSTRUCTION_MATERIAL" : "Concrete",
				"BBQ" : "No",
				"FEE_PAYABLE" : "No",
				"FISH_CLEAN_TABLE" : "Yes",
				"FUEL" : "No",
				"KIOSK" : "Yes",
				"LIGHTING" : "Yes",
				"TOILET" : "Yes",
				"WASTE_BIN" : "Yes",
				"RAMP_PONTOON" : "No",
				"PONTOON_JETTY_NEARBY" : "No"
			}
		},
		{
			"type" : "Feature",
			"geometry" : {
				"type" : "Point",
				"coordinates" : [ 150.1221040455, -36.2101756743 ]
			},
			"properties" : {
				"ASSET_OWNER" : "Eurobodalla Shire Council",
				"BOAT_RAMP_ID" : 591,
				"DESCRIPTION" : "North Narooma Boat Ramp",
				"CONTACT_NUMBER" : "02 4474 1000",
				"STREET" : "Princes Highway",
				"SUBURB" : "Narooma",
				"WATERWAY" : "Wagonga Inlet",
				"STATE" : "NSW",
				"POSTCODE" : 2546,
				"NO_OF_RAMP_LANE" : "1",
				"CAR_TRAILER_SPACE" : "0-10",
				"WATERWAY_ACCESS" : "Shallow At Times",
				"CONDITION" : "Poor",
				"CONSTRUCTION_MATERIAL" : "Sand",
				"BBQ" : "No",
				"FEE_PAYABLE" : "No",
				"FISH_CLEAN_TABLE" : "No",
				"FUEL" : "No",
				"KIOSK" : "No",
				"LIGHTING" : "No",
				"TOILET" : "No",
				"WASTE_BIN" : "No",
				"RAMP_PONTOON" : "No",
				"PONTOON_JETTY_NEARBY" : "No"
			}
		},
		{
			"type" : "Feature",
			"geometry" : {
				"type" : "Point",
				"coordinates" : [ 150.1138056582, -36.1613942828 ]
			},
			"properties" : {
				"ASSET_OWNER" : "Eurobodalla Shire Council",
				"BOAT_RAMP_ID" : 297,
				"DESCRIPTION" : "Atunga Street Boat Ramp",
				"CONTACT_NUMBER" : "02 4474 1000",
				"STREET" : "Atunga Street",
				"SUBURB" : "Dalmeny",
				"WATERWAY" : "Lake Mummuga",
				"STATE" : "NSW",
				"POSTCODE" : 2546,
				"NO_OF_RAMP_LANE" : "1",
				"CAR_TRAILER_SPACE" : "0-10",
				"WATERWAY_ACCESS" : "Shallow At Times",
				"CONDITION" : "Fair",
				"CONSTRUCTION_MATERIAL" : "Unsealed",
				"BBQ" : "No",
				"FEE_PAYABLE" : "No",
				"FISH_CLEAN_TABLE" : "No",
				"FUEL" : "No",
				"KIOSK" : "No",
				"LIGHTING" : "No",
				"TOILET" : "No",
				"WASTE_BIN" : "No",
				"RAMP_PONTOON" : "No",
				"PONTOON_JETTY_NEARBY" : "No"
			}
		},
		{
			"type" : "Feature",
			"geometry" : {
				"type" : "Point",
				"coordinates" : [ 150.1373864719, -35.906802029 ]
			},
			"properties" : {
				"ASSET_OWNER" : "Eurobodalla Shire Council",
				"BOAT_RAMP_ID" : 69,
				"DESCRIPTION" : "Brieleys Boat Ramp",
				"CONTACT_NUMBER" : "02 4474 1000",
				"STREET" : "Bruce Cameron Drive",
				"SUBURB" : "Moruya",
				"WATERWAY" : "Moruya River",
				"STATE" : "NSW",
				"POSTCODE" : 2537,
				"NO_OF_RAMP_LANE" : "2",
				"CAR_TRAILER_SPACE" : "11-20",
				"WATERWAY_ACCESS" : "Shallow At Times",
				"CONDITION" : "Good",
				"CONSTRUCTION_MATERIAL" : "Concrete",
				"BBQ" : "Yes",
				"FEE_PAYABLE" : "No",
				"FISH_CLEAN_TABLE" : "Yes",
				"FUEL" : "No",
				"KIOSK" : "No",
				"LIGHTING" : "Yes",
				"TOILET" : "Yes",
				"WASTE_BIN" : "Yes",
				"RAMP_PONTOON" : "No",
				"PONTOON_JETTY_NEARBY" : "No"
			}
		},
		{
			"type" : "Feature",
			"geometry" : {
				"type" : "Point",
				"coordinates" : [ 150.1248087618, -36.0387583909 ]
			},
			"properties" : {
				"ASSET_OWNER" : "Eurobodalla Shire Council",
				"BOAT_RAMP_ID" : 117,
				"DESCRIPTION" : "Coila Lake",
				"CONTACT_NUMBER" : "02 4474 1000",
				"STREET" : "Hector Mcwilliam Drive",
				"SUBURB" : "Coila",
				"WATERWAY" : "Coila Lake",
				"STATE" : "NSW",
				"POSTCODE" : 2537,
				"NO_OF_RAMP_LANE" : "Informal",
				"CAR_TRAILER_SPACE" : "0-10",
				"WATERWAY_ACCESS" : "Shallow At Times",
				"CONDITION" : "Poor",
				"CONSTRUCTION_MATERIAL" : "Unsealed",
				"BBQ" : "No",
				"FEE_PAYABLE" : "No",
				"FISH_CLEAN_TABLE" : "No",
				"FUEL" : "No",
				"KIOSK" : "No",
				"LIGHTING" : "Yes",
				"TOILET" : "Yes",
				"WASTE_BIN" : "No",
				"RAMP_PONTOON" : "No",
				"PONTOON_JETTY_NEARBY" : "No"
			}
		},
		{
			"type" : "Feature",
			"geometry" : {
				"type" : "Point",
				"coordinates" : [ 150.1307145158, -36.1662233471 ]
			},
			"properties" : {
				"ASSET_OWNER" : "Eurobodalla Shire Council",
				"BOAT_RAMP_ID" : 134,
				"DESCRIPTION" : "Creswick Cove Boat Ramp",
				"CONTACT_NUMBER" : "02 4474 1000",
				"STREET" : "Ocean Parade",
				"SUBURB" : "Dalmeny",
				"WATERWAY" : "Ocean",
				"STATE" : "NSW",
				"POSTCODE" : 2546,
				"NO_OF_RAMP_LANE" : "1",
				"CAR_TRAILER_SPACE" : "0-10",
				"WATERWAY_ACCESS" : "All Times",
				"CONDITION" : "Good",
				"CONSTRUCTION_MATERIAL" : "Concrete",
				"BBQ" : "No",
				"FEE_PAYABLE" : "No",
				"FISH_CLEAN_TABLE" : "Yes",
				"FUEL" : "No",
				"KIOSK" : "No",
				"LIGHTING" : "No",
				"TOILET" : "No",
				"WASTE_BIN" : "No",
				"RAMP_PONTOON" : "No",
				"PONTOON_JETTY_NEARBY" : "No"
			}
		},
		{
			"type" : "Feature",
			"geometry" : {
				"type" : "Point",
				"coordinates" : [ 150.0803767853, -35.9046637877 ]
			},
			"properties" : {
				"ASSET_OWNER" : "Eurobodalla Shire Council",
				"BOAT_RAMP_ID" : 204,
				"DESCRIPTION" : "Gilmores Creek Boat Ramp",
				"CONTACT_NUMBER" : "02 4474 1000",
				"STREET" : "Glenduart",
				"SUBURB" : "West Moruya",
				"WATERWAY" : "Moruya River",
				"STATE" : "NSW",
				"POSTCODE" : 2537,
				"NO_OF_RAMP_LANE" : "Informal",
				"CAR_TRAILER_SPACE" : "0-10",
				"WATERWAY_ACCESS" : "Shallow At Times",
				"CONDITION" : "Poor",
				"CONSTRUCTION_MATERIAL" : "Sand",
				"BBQ" : "No",
				"FEE_PAYABLE" : "No",
				"FISH_CLEAN_TABLE" : "No",
				"FUEL" : "No",
				"KIOSK" : "No",
				"LIGHTING" : "No",
				"TOILET" : "No",
				"WASTE_BIN" : "No",
				"RAMP_PONTOON" : "No",
				"PONTOON_JETTY_NEARBY" : "No"
			}
		},
		{
			"type" : "Feature",
			"geometry" : {
				"type" : "Point",
				"coordinates" : [ 150.1357750536, -36.3037097542 ]
			},
			"properties" : {
				"ASSET_OWNER" : "Eurobodalla Shire Council",
				"BOAT_RAMP_ID" : 376,
				"DESCRIPTION" : "Mystery Bay Boat Ramp ",
				"CONTACT_NUMBER" : "02 4474 1000",
				"STREET" : "Mystery Bay Road",
				"SUBURB" : "Mystery Bay ",
				"WATERWAY" : "Ocean",
				"STATE" : "NSW",
				"POSTCODE" : 2546,
				"NO_OF_RAMP_LANE" : "1",
				"CAR_TRAILER_SPACE" : "0-10",
				"WATERWAY_ACCESS" : "All Times",
				"CONDITION" : "Poor",
				"CONSTRUCTION_MATERIAL" : "Sand",
				"BBQ" : "No",
				"FEE_PAYABLE" : "No",
				"FISH_CLEAN_TABLE" : "No",
				"FUEL" : "No",
				"KIOSK" : "No",
				"LIGHTING" : "No",
				"TOILET" : "No",
				"WASTE_BIN" : "No",
				"RAMP_PONTOON" : "No",
				"PONTOON_JETTY_NEARBY" : "No"
			}
		},
		{
			"type" : "Feature",
			"geometry" : {
				"type" : "Point",
				"coordinates" : [ 150.3229212312, -35.6275081283 ]
			},
			"properties" : {
				"ASSET_OWNER" : "Shoalhaven City Council",
				"BOAT_RAMP_ID" : 409,
				"DESCRIPTION" : "Pebbly Beach, North Durras",
				"CONTACT_NUMBER" : "1300 293 111",
				"STREET" : "Deopt Beach Road",
				"SUBURB" : "North Durras",
				"WATERWAY" : "Tasman Sea",
				"STATE" : "NSW",
				"POSTCODE" : 2536,
				"NO_OF_RAMP_LANE" : "Informal",
				"CAR_TRAILER_SPACE" : "0-10",
				"WATERWAY_ACCESS" : "Shallow At Times",
				"CONDITION" : "Poor",
				"CONSTRUCTION_MATERIAL" : "Sand",
				"BBQ" : "No",
				"FEE_PAYABLE" : "No",
				"FISH_CLEAN_TABLE" : "No",
				"FUEL" : "No",
				"KIOSK" : "No",
				"LIGHTING" : "No",
				"TOILET" : "No",
				"WASTE_BIN" : "No",
				"RAMP_PONTOON" : "No",
				"PONTOON_JETTY_NEARBY" : "No"
			}
		},
		{
			"type" : "Feature",
			"geometry" : {
				"type" : "Point",
				"coordinates" : [ 150.1373167235, -36.0935907939 ]
			},
			"properties" : {
				"ASSET_OWNER" : "Eurobodalla Shire Council",
				"BOAT_RAMP_ID" : 420,
				"DESCRIPTION" : "Potato Point Boat Ramp",
				"CONTACT_NUMBER" : "02 4474 1000",
				"STREET" : "Riverview Street",
				"SUBURB" : "Potato Point",
				"WATERWAY" : "Potato Creek",
				"STATE" : "NSW",
				"POSTCODE" : 2545,
				"NO_OF_RAMP_LANE" : "1",
				"CAR_TRAILER_SPACE" : "0-10",
				"WATERWAY_ACCESS" : "Shallow At Times",
				"CONDITION" : "Poor",
				"CONSTRUCTION_MATERIAL" : "Concrete",
				"BBQ" : "No",
				"FEE_PAYABLE" : "No",
				"FISH_CLEAN_TABLE" : "No",
				"FUEL" : "No",
				"KIOSK" : "No",
				"LIGHTING" : "No",
				"TOILET" : "No",
				"WASTE_BIN" : "No",
				"RAMP_PONTOON" : "No",
				"PONTOON_JETTY_NEARBY" : "No"
			}
		},
		{
			"type" : "Feature",
			"geometry" : {
				"type" : "Point",
				"coordinates" : [ 150.2997361893, -35.6655265109 ]
			},
			"properties" : {
				"ASSET_OWNER" : "Eurobodalla Shire Council",
				"BOAT_RAMP_ID" : 487,
				"DESCRIPTION" : "South Durras (Murramerang)",
				"CONTACT_NUMBER" : "02 4474 1000",
				"STREET" : "Lakeside Drive",
				"SUBURB" : "Durras Lake",
				"WATERWAY" : "Durras Lake",
				"STATE" : "NSW",
				"POSTCODE" : 2536,
				"NO_OF_RAMP_LANE" : "Informal",
				"CAR_TRAILER_SPACE" : "0-10",
				"WATERWAY_ACCESS" : "Shallow At Times",
				"CONDITION" : "Fair",
				"CONSTRUCTION_MATERIAL" : "Sand",
				"BBQ" : "No",
				"FEE_PAYABLE" : "No",
				"FISH_CLEAN_TABLE" : "No",
				"FUEL" : "No",
				"KIOSK" : "No",
				"LIGHTING" : "No",
				"TOILET" : "No",
				"WASTE_BIN" : "No",
				"RAMP_PONTOON" : "No",
				"PONTOON_JETTY_NEARBY" : "No"
			}
		},
		{
			"type" : "Feature",
			"geometry" : {
				"type" : "Point",
				"coordinates" : [ 150.1224980173, -36.2240240012 ]
			},
			"properties" : {
				"ASSET_OWNER" : "Eurobodalla Shire Council",
				"BOAT_RAMP_ID" : 194,
				"DESCRIPTION" : "The Loop Boat Ramp",
				"CONTACT_NUMBER" : "02 4474 1000",
				"STREET" : "Lake View Drive",
				"SUBURB" : "Narooma",
				"WATERWAY" : "Wagonga Inlet",
				"STATE" : "NSW",
				"POSTCODE" : 2546,
				"NO_OF_RAMP_LANE" : "1",
				"CAR_TRAILER_SPACE" : "0-10",
				"WATERWAY_ACCESS" : "All Times",
				"CONDITION" : "Good",
				"CONSTRUCTION_MATERIAL" : "Concrete",
				"BBQ" : "No",
				"FEE_PAYABLE" : "No",
				"FISH_CLEAN_TABLE" : "Yes",
				"FUEL" : "No",
				"KIOSK" : "No",
				"LIGHTING" : "No",
				"TOILET" : "No",
				"WASTE_BIN" : "No",
				"RAMP_PONTOON" : "No",
				"PONTOON_JETTY_NEARBY" : "No"
			}
		},
		{
			"type" : "Feature",
			"geometry" : {
				"type" : "Point",
				"coordinates" : [ 150.0500667308, -36.0658374894 ]
			},
			"properties" : {
				"ASSET_OWNER" : "Eurobodalla Shire Council",
				"BOAT_RAMP_ID" : 558,
				"DESCRIPTION" : "Tuross River Bridge Boat Ramp",
				"CONTACT_NUMBER" : "02 4474 1000",
				"STREET" : "Princes Highway",
				"SUBURB" : "Bodalla",
				"WATERWAY" : "Tuross River",
				"STATE" : "NSW",
				"POSTCODE" : 2545,
				"NO_OF_RAMP_LANE" : "1",
				"CAR_TRAILER_SPACE" : "0-10",
				"WATERWAY_ACCESS" : "All Times",
				"CONDITION" : "Good",
				"CONSTRUCTION_MATERIAL" : "Concrete",
				"BBQ" : "No",
				"FEE_PAYABLE" : "No",
				"FISH_CLEAN_TABLE" : "No",
				"FUEL" : "No",
				"KIOSK" : "No",
				"LIGHTING" : "No",
				"TOILET" : "No",
				"WASTE_BIN" : "No",
				"RAMP_PONTOON" : "No",
				"PONTOON_JETTY_NEARBY" : "No"
			}
		},
		{
			"type" : "Feature",
			"geometry" : {
				"type" : "Point",
				"coordinates" : [ 148.1020257536, -35.071975248 ]
			},
			"properties" : {
				"ASSET_OWNER" : "Cootamundra-Gundagai Regional Council",
				"BOAT_RAMP_ID" : 220,
				"DESCRIPTION" : "Gundagai",
				"CONTACT_NUMBER" : "1300 459 689",
				"STREET" : "Junee Road",
				"SUBURB" : "Gundagai",
				"WATERWAY" : "Murrumbidgee River",
				"STATE" : "NSW",
				"POSTCODE" : 2722,
				"NO_OF_RAMP_LANE" : "1",
				"CAR_TRAILER_SPACE" : "0-10",
				"WATERWAY_ACCESS" : "All Times",
				"CONDITION" : "Good",
				"CONSTRUCTION_MATERIAL" : "Concrete",
				"BBQ" : "No",
				"FEE_PAYABLE" : "No",
				"FISH_CLEAN_TABLE" : "No",
				"FUEL" : "No",
				"KIOSK" : "No",
				"LIGHTING" : "No",
				"TOILET" : "No",
				"WASTE_BIN" : "No",
				"RAMP_PONTOON" : "No",
				"PONTOON_JETTY_NEARBY" : "No"
			}
		},
		{
			"type" : "Feature",
			"geometry" : {
				"type" : "Point",
				"coordinates" : [ 148.1146289394, -35.0691677332 ]
			},
			"properties" : {
				"ASSET_OWNER" : "Cootamundra-Gundagai Regional Council",
				"BOAT_RAMP_ID" : 363,
				"DESCRIPTION" : "Morleys Creek Boat Ramp",
				"CONTACT_NUMBER" : "1300 459 689",
				"STREET" : "O L Bell Drive",
				"SUBURB" : "Gundagai",
				"WATERWAY" : "Morleys Creek",
				"STATE" : "NSW",
				"POSTCODE" : 2722,
				"NO_OF_RAMP_LANE" : "1",
				"CAR_TRAILER_SPACE" : "0-10",
				"WATERWAY_ACCESS" : "Shallow At Times",
				"CONDITION" : "Good",
				"CONSTRUCTION_MATERIAL" : "Concrete",
				"BBQ" : "No",
				"FEE_PAYABLE" : "No",
				"FISH_CLEAN_TABLE" : "No",
				"FUEL" : "No",
				"KIOSK" : "No",
				"LIGHTING" : "No",
				"TOILET" : "No",
				"WASTE_BIN" : "No",
				"RAMP_PONTOON" : "No",
				"PONTOON_JETTY_NEARBY" : "No"
			}
		},
		{
			"type" : "Feature",
			"geometry" : {
				"type" : "Point",
				"coordinates" : [ 152.9468420455, -31.0165740565 ]
			},
			"properties" : {
				"ASSET_OWNER" : "Kempsey Shire Council",
				"BOAT_RAMP_ID" : 482,
				"DESCRIPTION" : "Smithtown Boat Ramp ",
				"CONTACT_NUMBER" : "02 6566 3200",
				"STREET" : "Main Street",
				"SUBURB" : "Smithtown",
				"WATERWAY" : "Macleay River",
				"STATE" : "NSW",
				"POSTCODE" : 2440,
				"NO_OF_RAMP_LANE" : "1",
				"CAR_TRAILER_SPACE" : "0-10",
				"WATERWAY_ACCESS" : "All Times",
				"CONDITION" : "Fair",
				"CONSTRUCTION_MATERIAL" : "Concrete",
				"BBQ" : "Yes",
				"FEE_PAYABLE" : "No",
				"FISH_CLEAN_TABLE" : "Yes",
				"FUEL" : "No",
				"KIOSK" : "No",
				"LIGHTING" : "Yes",
				"TOILET" : "Yes",
				"WASTE_BIN" : "Yes",
				"RAMP_PONTOON" : "No",
				"PONTOON_JETTY_NEARBY" : "No"
			}
		},
		{
			"type" : "Feature",
			"geometry" : {
				"type" : "Point",
				"coordinates" : [ 151.0963307911, -33.9902133195 ]
			},
			"properties" : {
				"ASSET_OWNER" : "Georges River Council",
				"BOAT_RAMP_ID" : 123,
				"DESCRIPTION" : "Connells Bay Boat Ramp (Donnelly Park)",
				"CONTACT_NUMBER" : "02 9330 6400",
				"STREET" : "Kyle Parade",
				"SUBURB" : "Connells Point",
				"WATERWAY" : "Georges River",
				"STATE" : "NSW",
				"POSTCODE" : 2221,
				"NO_OF_RAMP_LANE" : "3",
				"CAR_TRAILER_SPACE" : "0-10",
				"WATERWAY_ACCESS" : "High Tide Only",
				"CONDITION" : "Fair",
				"CONSTRUCTION_MATERIAL" : "Concrete",
				"BBQ" : "No",
				"FEE_PAYABLE" : "No",
				"FISH_CLEAN_TABLE" : "No",
				"FUEL" : "No",
				"KIOSK" : "No",
				"LIGHTING" : "Yes",
				"TOILET" : "Yes",
				"WASTE_BIN" : "Yes",
				"RAMP_PONTOON" : "No",
				"PONTOON_JETTY_NEARBY" : "Yes"
			}
		},
		{
			"type" : "Feature",
			"geometry" : {
				"type" : "Point",
				"coordinates" : [ 151.1316101151, -33.9852207272 ]
			},
			"properties" : {
				"ASSET_OWNER" : "Georges River Council",
				"BOAT_RAMP_ID" : 272,
				"DESCRIPTION" : "Kogarah Bay",
				"CONTACT_NUMBER" : "02 9330 6400",
				"STREET" : "Torwood Street",
				"SUBURB" : "Sans Souci",
				"WATERWAY" : "Georges River",
				"STATE" : "NSW",
				"POSTCODE" : 2219,
				"NO_OF_RAMP_LANE" : "1",
				"CAR_TRAILER_SPACE" : "0-10",
				"WATERWAY_ACCESS" : "Shallow At Times",
				"CONDITION" : "Good",
				"CONSTRUCTION_MATERIAL" : "Concrete",
				"BBQ" : "No",
				"FEE_PAYABLE" : "No",
				"FISH_CLEAN_TABLE" : "No",
				"FUEL" : "No",
				"KIOSK" : "No",
				"LIGHTING" : "No",
				"TOILET" : "Yes",
				"WASTE_BIN" : "No",
				"RAMP_PONTOON" : "No",
				"PONTOON_JETTY_NEARBY" : "No"
			}
		},
		{
			"type" : "Feature",
			"geometry" : {
				"type" : "Point",
				"coordinates" : [ 150.8684605089, -34.542845849 ]
			},
			"properties" : {
				"ASSET_OWNER" : "Wollongong City Council",
				"BOAT_RAMP_ID" : 435,
				"DESCRIPTION" : "Reddall Reserve ",
				"CONTACT_NUMBER" : "02 4227 7111",
				"STREET" : "Reddel Parade",
				"SUBURB" : "Lake Illawarra",
				"WATERWAY" : "Lake Illawarra",
				"STATE" : "NSW",
				"POSTCODE" : 2528,
				"NO_OF_RAMP_LANE" : "1",
				"CAR_TRAILER_SPACE" : "0-10",
				"WATERWAY_ACCESS" : "Shallow At Times",
				"CONDITION" : "Poor",
				"CONSTRUCTION_MATERIAL" : "Concrete",
				"BBQ" : "Yes",
				"FEE_PAYABLE" : "No",
				"FISH_CLEAN_TABLE" : "No",
				"FUEL" : "No",
				"KIOSK" : "Yes",
				"LIGHTING" : "Yes",
				"TOILET" : "Yes",
				"WASTE_BIN" : "Yes",
				"RAMP_PONTOON" : "Yes",
				"PONTOON_JETTY_NEARBY" : "No"
			}
		},
		{
			"type" : "Feature",
			"geometry" : {
				"type" : "Point",
				"coordinates" : [ 146.3745195553, -34.6394278148 ]
			},
			"properties" : {
				"ASSET_OWNER" : "Leeton Shire Council",
				"BOAT_RAMP_ID" : 171,
				"DESCRIPTION" : "Euroley Bridge Boat Ramp",
				"CONTACT_NUMBER" : "02 6953 0911",
				"STREET" : "Euroley Road",
				"SUBURB" : "Yanco",
				"WATERWAY" : "Murrumbidgee River",
				"STATE" : "NSW",
				"POSTCODE" : 2700,
				"NO_OF_RAMP_LANE" : "1",
				"CAR_TRAILER_SPACE" : "0-10",
				"WATERWAY_ACCESS" : "All Times",
				"CONDITION" : "Good",
				"CONSTRUCTION_MATERIAL" : "Concrete",
				"BBQ" : "No",
				"FEE_PAYABLE" : "No",
				"FISH_CLEAN_TABLE" : "No",
				"FUEL" : "No",
				"KIOSK" : "No",
				"LIGHTING" : "No",
				"TOILET" : "No",
				"WASTE_BIN" : "No",
				"RAMP_PONTOON" : "No",
				"PONTOON_JETTY_NEARBY" : "No"
			}
		},
		{
			"type" : "Feature",
			"geometry" : {
				"type" : "Point",
				"coordinates" : [ 148.1229401695, -36.2322946136 ]
			},
			"properties" : {
				"ASSET_OWNER" : "Snowy Valleys Council",
				"BOAT_RAMP_ID" : 263,
				"DESCRIPTION" : "Khancoban Pondage",
				"CONTACT_NUMBER" : "1300 275 782",
				"STREET" : "Power Station Road",
				"SUBURB" : "Khancoban",
				"WATERWAY" : "Khancoban Pondage",
				"STATE" : "NSW",
				"POSTCODE" : 2642,
				"NO_OF_RAMP_LANE" : "2",
				"CAR_TRAILER_SPACE" : "0-10",
				"WATERWAY_ACCESS" : "Shallow At Times",
				"CONDITION" : "Good",
				"CONSTRUCTION_MATERIAL" : "Concrete",
				"BBQ" : "Yes",
				"FEE_PAYABLE" : "No",
				"FISH_CLEAN_TABLE" : "No",
				"FUEL" : "Yes",
				"KIOSK" : "No",
				"LIGHTING" : "Yes",
				"TOILET" : "Yes",
				"WASTE_BIN" : "No",
				"RAMP_PONTOON" : "No",
				"PONTOON_JETTY_NEARBY" : "No"
			}
		},
		{
			"type" : "Feature",
			"geometry" : {
				"type" : "Point",
				"coordinates" : [ 146.0117373086, -36.0067099773 ]
			},
			"properties" : {
				"ASSET_OWNER" : "Moira Shire Council (Vic)",
				"BOAT_RAMP_ID" : 18,
				"DESCRIPTION" : "Bank Street Boat Ramp",
				"CONTACT_NUMBER" : "03 5871 9222",
				"STREET" : "Bank Street",
				"SUBURB" : "Yarrawonga",
				"WATERWAY" : "Lake Mulwala",
				"STATE" : "VIC",
				"POSTCODE" : 3730,
				"NO_OF_RAMP_LANE" : "2",
				"CAR_TRAILER_SPACE" : "0-10",
				"WATERWAY_ACCESS" : "All Times",
				"CONDITION" : "Good",
				"CONSTRUCTION_MATERIAL" : "Concrete",
				"BBQ" : "Yes",
				"FEE_PAYABLE" : "No",
				"FISH_CLEAN_TABLE" : "No",
				"FUEL" : "Yes",
				"KIOSK" : "Yes",
				"LIGHTING" : "Yes",
				"TOILET" : "Yes",
				"WASTE_BIN" : "No",
				"RAMP_PONTOON" : "No",
				"PONTOON_JETTY_NEARBY" : "No"
			}
		},
		{
			"type" : "Feature",
			"geometry" : {
				"type" : "Point",
				"coordinates" : [ 146.0122200525, -36.0069740002 ]
			},
			"properties" : {
				"ASSET_OWNER" : "Moira Shire Council (Vic)",
				"BOAT_RAMP_ID" : 627,
				"DESCRIPTION" : "Bank Street Boat Ramp",
				"CONTACT_NUMBER" : "03 5871 9222",
				"STREET" : "Bank Street",
				"SUBURB" : "Yarrawonga",
				"WATERWAY" : "Lake Mulwala",
				"STATE" : "VIC",
				"POSTCODE" : 3730,
				"NO_OF_RAMP_LANE" : "1",
				"CAR_TRAILER_SPACE" : "0-10",
				"WATERWAY_ACCESS" : "Shallow At Times",
				"CONDITION" : "Fair",
				"CONSTRUCTION_MATERIAL" : "Concrete",
				"BBQ" : "No",
				"FEE_PAYABLE" : "No",
				"FISH_CLEAN_TABLE" : "No",
				"FUEL" : "No",
				"KIOSK" : "No",
				"LIGHTING" : "No",
				"TOILET" : "Yes",
				"WASTE_BIN" : "No",
				"RAMP_PONTOON" : "No",
				"PONTOON_JETTY_NEARBY" : "No"
			}
		},
		{
			"type" : "Feature",
			"geometry" : {
				"type" : "Point",
				"coordinates" : [ 144.9559360396, -36.0188019607 ]
			},
			"properties" : {
				"ASSET_OWNER" : "Moira Shire Council (Vic)",
				"BOAT_RAMP_ID" : 20,
				"DESCRIPTION" : "Barmah Township Boat Ramp",
				"CONTACT_NUMBER" : "03 5871 9222",
				"STREET" : "Barmah Road",
				"SUBURB" : "Barmah",
				"WATERWAY" : "Murray River",
				"STATE" : "VIC",
				"POSTCODE" : 3639,
				"NO_OF_RAMP_LANE" : "1",
				"CAR_TRAILER_SPACE" : "0-10",
				"WATERWAY_ACCESS" : "All Times",
				"CONDITION" : "Fair",
				"CONSTRUCTION_MATERIAL" : "Concrete",
				"BBQ" : "No",
				"FEE_PAYABLE" : "No",
				"FISH_CLEAN_TABLE" : "No",
				"FUEL" : "No",
				"KIOSK" : "No",
				"LIGHTING" : "No",
				"TOILET" : "No",
				"WASTE_BIN" : "No",
				"RAMP_PONTOON" : "No",
				"PONTOON_JETTY_NEARBY" : "No"
			}
		},
		{
			"type" : "Feature",
			"geometry" : {
				"type" : "Point",
				"coordinates" : [ 146.1171696759, -36.0180286399 ]
			},
			"properties" : {
				"ASSET_OWNER" : "Moira Shire Council (Vic)",
				"BOAT_RAMP_ID" : 334,
				"DESCRIPTION" : "Majors Creek Boat Ramp",
				"CONTACT_NUMBER" : "03 5871 9222",
				"STREET" : "Majors Lane",
				"SUBURB" : "Bundalong",
				"WATERWAY" : "Lake Mulwala",
				"STATE" : "VIC",
				"POSTCODE" : 3730,
				"NO_OF_RAMP_LANE" : "2",
				"CAR_TRAILER_SPACE" : "15-50",
				"WATERWAY_ACCESS" : "All Times",
				"CONDITION" : "Good",
				"CONSTRUCTION_MATERIAL" : "Concrete",
				"BBQ" : "No",
				"FEE_PAYABLE" : "No",
				"FISH_CLEAN_TABLE" : "No",
				"FUEL" : "No",
				"KIOSK" : "No",
				"LIGHTING" : "Yes",
				"TOILET" : "No",
				"WASTE_BIN" : "No",
				"RAMP_PONTOON" : "Yes",
				"PONTOON_JETTY_NEARBY" : "Yes"
			}
		},
		{
			"type" : "Feature",
			"geometry" : {
				"type" : "Point",
				"coordinates" : [ 146.1763687284, -36.0335108021 ]
			},
			"properties" : {
				"ASSET_OWNER" : "Moira Shire Council (Vic)",
				"BOAT_RAMP_ID" : 385,
				"DESCRIPTION" : "Nicholson St Bundalong ",
				"CONTACT_NUMBER" : "03 5871 9222",
				"STREET" : "Nicholson Street",
				"SUBURB" : "Bundalong",
				"WATERWAY" : "Murray River",
				"STATE" : "VIC",
				"POSTCODE" : 3730,
				"NO_OF_RAMP_LANE" : "2",
				"CAR_TRAILER_SPACE" : "0-10",
				"WATERWAY_ACCESS" : "All Times",
				"CONDITION" : "Good",
				"CONSTRUCTION_MATERIAL" : "Concrete",
				"BBQ" : "Yes",
				"FEE_PAYABLE" : "No",
				"FISH_CLEAN_TABLE" : "No",
				"FUEL" : "No",
				"KIOSK" : "No",
				"LIGHTING" : "Yes",
				"TOILET" : "Yes",
				"WASTE_BIN" : "No",
				"RAMP_PONTOON" : "No",
				"PONTOON_JETTY_NEARBY" : "No"
			}
		},
		{
			"type" : "Feature",
			"geometry" : {
				"type" : "Point",
				"coordinates" : [ 145.9970747861, -36.0102430546 ]
			},
			"properties" : {
				"ASSET_OWNER" : "Moira Shire Council (Vic)",
				"BOAT_RAMP_ID" : 628,
				"DESCRIPTION" : "Yarrawonga Caravan Park - Vic Side",
				"CONTACT_NUMBER" : "03 5871 9222",
				"STREET" : "Yarrawonga Road",
				"SUBURB" : "Yarrawonga",
				"WATERWAY" : "Lake Mulwala",
				"STATE" : "VIC",
				"POSTCODE" : 3730,
				"NO_OF_RAMP_LANE" : "2",
				"CAR_TRAILER_SPACE" : "0-10",
				"WATERWAY_ACCESS" : "Shallow At Times",
				"CONDITION" : "Fair",
				"CONSTRUCTION_MATERIAL" : "Concrete",
				"BBQ" : "Yes",
				"FEE_PAYABLE" : "No",
				"FISH_CLEAN_TABLE" : "No",
				"FUEL" : "Yes",
				"KIOSK" : "Yes",
				"LIGHTING" : "Yes",
				"TOILET" : "Yes",
				"WASTE_BIN" : "No",
				"RAMP_PONTOON" : "No",
				"PONTOON_JETTY_NEARBY" : "No"
			}
		},
		{
			"type" : "Feature",
			"geometry" : {
				"type" : "Point",
				"coordinates" : [ 146.0030949228, -34.5671126359 ]
			},
			"properties" : {
				"ASSET_OWNER" : "Murrumbidgee Council",
				"BOAT_RAMP_ID" : 145,
				"DESCRIPTION" : "Darlington Point Boat Ramp (Riverside Caravan Park)",
				"CONTACT_NUMBER" : "1300 676 243",
				"STREET" : "Kidman Way",
				"SUBURB" : "Darlington Point",
				"WATERWAY" : "Murrumbidgee River",
				"STATE" : "NSW",
				"POSTCODE" : 2706,
				"NO_OF_RAMP_LANE" : "1",
				"CAR_TRAILER_SPACE" : "0-10",
				"WATERWAY_ACCESS" : "Shallow At Times",
				"CONDITION" : "Good",
				"CONSTRUCTION_MATERIAL" : "Concrete",
				"BBQ" : "No",
				"FEE_PAYABLE" : "No",
				"FISH_CLEAN_TABLE" : "No",
				"FUEL" : "No",
				"KIOSK" : "No",
				"LIGHTING" : "No",
				"TOILET" : "No",
				"WASTE_BIN" : "No",
				"RAMP_PONTOON" : "No",
				"PONTOON_JETTY_NEARBY" : "No"
			}
		},
		{
			"type" : "Feature",
			"geometry" : {
				"type" : "Point",
				"coordinates" : [ 146.8309805221, -34.8807175934 ]
			},
			"properties" : {
				"ASSET_OWNER" : "Wagga Wagga City Council",
				"BOAT_RAMP_ID" : 35,
				"DESCRIPTION" : "Berembed Weir Boat Ramp",
				"CONTACT_NUMBER" : "1300 292 442",
				"STREET" : "Wagga Road",
				"SUBURB" : "Galore",
				"WATERWAY" : "Murrumbidgee River",
				"STATE" : "NSW",
				"POSTCODE" : 2650,
				"NO_OF_RAMP_LANE" : "1",
				"CAR_TRAILER_SPACE" : "0-10",
				"WATERWAY_ACCESS" : "Shallow At Times",
				"CONDITION" : "Poor",
				"CONSTRUCTION_MATERIAL" : "Unsealed",
				"BBQ" : "No",
				"FEE_PAYABLE" : "No",
				"FISH_CLEAN_TABLE" : "No",
				"FUEL" : "No",
				"KIOSK" : "No",
				"LIGHTING" : "No",
				"TOILET" : "No",
				"WASTE_BIN" : "No",
				"RAMP_PONTOON" : "No",
				"PONTOON_JETTY_NEARBY" : "No"
			}
		},
		{
			"type" : "Feature",
			"geometry" : {
				"type" : "Point",
				"coordinates" : [ 146.595609107, -34.7567689196 ]
			},
			"properties" : {
				"ASSET_OWNER" : "Narrandera Shire Council",
				"BOAT_RAMP_ID" : 2,
				"DESCRIPTION" : "Five Mile Reserve Boat Ramp (Rocky Waterhole)",
				"CONTACT_NUMBER" : "02 6959 5510",
				"STREET" : "Old Wagga Road",
				"SUBURB" : "Narrandera",
				"WATERWAY" : "Murrumbidgee River",
				"STATE" : "NSW",
				"POSTCODE" : 2700,
				"NO_OF_RAMP_LANE" : "1",
				"CAR_TRAILER_SPACE" : "0-10",
				"WATERWAY_ACCESS" : "Shallow At Times",
				"CONDITION" : "Good",
				"CONSTRUCTION_MATERIAL" : "Concrete",
				"BBQ" : "Yes",
				"FEE_PAYABLE" : "No",
				"FISH_CLEAN_TABLE" : "No",
				"FUEL" : "No",
				"KIOSK" : "No",
				"LIGHTING" : "No",
				"TOILET" : "Yes",
				"WASTE_BIN" : "No",
				"RAMP_PONTOON" : "No",
				"PONTOON_JETTY_NEARBY" : "No"
			}
		},
		{
			"type" : "Feature",
			"geometry" : {
				"type" : "Point",
				"coordinates" : [ 146.5661189484, -34.7552076672 ]
			},
			"properties" : {
				"ASSET_OWNER" : "Narrandera Shire Council",
				"BOAT_RAMP_ID" : 301,
				"DESCRIPTION" : "Lake Talbot",
				"CONTACT_NUMBER" : "02 6959 5510",
				"STREET" : "Gordon Street",
				"SUBURB" : "Narrandera",
				"WATERWAY" : "Bundidgerry Creek",
				"STATE" : "NSW",
				"POSTCODE" : 2700,
				"NO_OF_RAMP_LANE" : "1",
				"CAR_TRAILER_SPACE" : "0-10",
				"WATERWAY_ACCESS" : "All Times",
				"CONDITION" : "Good",
				"CONSTRUCTION_MATERIAL" : "Concrete",
				"BBQ" : "No",
				"FEE_PAYABLE" : "No",
				"FISH_CLEAN_TABLE" : "No",
				"FUEL" : "Yes",
				"KIOSK" : "No",
				"LIGHTING" : "Yes",
				"TOILET" : "Yes",
				"WASTE_BIN" : "No",
				"RAMP_PONTOON" : "No",
				"PONTOON_JETTY_NEARBY" : "No"
			}
		},
		{
			"type" : "Feature",
			"geometry" : {
				"type" : "Point",
				"coordinates" : [ 146.5512302137, -34.7549010456 ]
			},
			"properties" : {
				"ASSET_OWNER" : "Narrandera Shire Council",
				"BOAT_RAMP_ID" : 377,
				"DESCRIPTION" : "Narranderra",
				"CONTACT_NUMBER" : "02 6959 5510",
				"STREET" : "Newell Highway",
				"SUBURB" : "Narrandera",
				"WATERWAY" : "Murrumbidgee River",
				"STATE" : "NSW",
				"POSTCODE" : 2700,
				"NO_OF_RAMP_LANE" : "1",
				"CAR_TRAILER_SPACE" : "0-10",
				"WATERWAY_ACCESS" : "Shallow At Times",
				"CONDITION" : "Good",
				"CONSTRUCTION_MATERIAL" : "Concrete",
				"BBQ" : "Yes",
				"FEE_PAYABLE" : "No",
				"FISH_CLEAN_TABLE" : "Yes",
				"FUEL" : "Yes",
				"KIOSK" : "No",
				"LIGHTING" : "Yes",
				"TOILET" : "Yes",
				"WASTE_BIN" : "No",
				"RAMP_PONTOON" : "No",
				"PONTOON_JETTY_NEARBY" : "Yes"
			}
		},
		{
			"type" : "Feature",
			"geometry" : {
				"type" : "Point",
				"coordinates" : [ 146.4207107146, -34.704947836 ]
			},
			"properties" : {
				"ASSET_OWNER" : "Narrandera Shire Council",
				"BOAT_RAMP_ID" : 626,
				"DESCRIPTION" : "Yanco Weir",
				"CONTACT_NUMBER" : "02 6959 5510",
				"STREET" : "Stuart Highway",
				"SUBURB" : "Cudgel",
				"WATERWAY" : "Murrumbidgee River",
				"STATE" : "NSW",
				"POSTCODE" : 2700,
				"NO_OF_RAMP_LANE" : "1",
				"CAR_TRAILER_SPACE" : "0-10",
				"WATERWAY_ACCESS" : "Shallow At Times",
				"CONDITION" : "Poor",
				"CONSTRUCTION_MATERIAL" : "Unsealed",
				"BBQ" : "No",
				"FEE_PAYABLE" : "No",
				"FISH_CLEAN_TABLE" : "No",
				"FUEL" : "No",
				"KIOSK" : "No",
				"LIGHTING" : "No",
				"TOILET" : "No",
				"WASTE_BIN" : "No",
				"RAMP_PONTOON" : "No",
				"PONTOON_JETTY_NEARBY" : "No"
			}
		},
		{
			"type" : "Feature",
			"geometry" : {
				"type" : "Point",
				"coordinates" : [ 153.2263086923, -29.9826400643 ]
			},
			"properties" : {
				"ASSET_OWNER" : "North Coast Holiday Parks Red Rocks\n(NSW Crown Holiday Parks Trust)",
				"BOAT_RAMP_ID" : 434,
				"DESCRIPTION" : "Red Rock Reserve Boat Ramp",
				"CONTACT_NUMBER" : "1300 886 235",
				"STREET" : "Ford Street",
				"SUBURB" : "Red Rock",
				"WATERWAY" : "Corindi River",
				"STATE" : "NSW",
				"POSTCODE" : 2456,
				"NO_OF_RAMP_LANE" : "1",
				"CAR_TRAILER_SPACE" : "0-10",
				"WATERWAY_ACCESS" : "All Times",
				"CONDITION" : "Good",
				"CONSTRUCTION_MATERIAL" : "Concrete",
				"BBQ" : "No",
				"FEE_PAYABLE" : "No",
				"FISH_CLEAN_TABLE" : "No",
				"FUEL" : "No",
				"KIOSK" : "No",
				"LIGHTING" : "No",
				"TOILET" : "No",
				"WASTE_BIN" : "Yes",
				"RAMP_PONTOON" : "No",
				"PONTOON_JETTY_NEARBY" : "No"
			}
		},
		{
			"type" : "Feature",
			"geometry" : {
				"type" : "Point",
				"coordinates" : [ 151.2152450142, -33.8447724877 ]
			},
			"properties" : {
				"ASSET_OWNER" : "North Sydney Council",
				"BOAT_RAMP_ID" : 353,
				"DESCRIPTION" : "Milsons Park Boat Ramp",
				"CONTACT_NUMBER" : "02 9936 8100",
				"STREET" : "Mcdougall Street",
				"SUBURB" : "Kirribilli",
				"WATERWAY" : "Sydney Harbour",
				"STATE" : "NSW",
				"POSTCODE" : 2061,
				"NO_OF_RAMP_LANE" : "1",
				"CAR_TRAILER_SPACE" : "0-10",
				"WATERWAY_ACCESS" : "All Times",
				"CONDITION" : "Fair",
				"CONSTRUCTION_MATERIAL" : "Concrete",
				"BBQ" : "No",
				"FEE_PAYABLE" : "No",
				"FISH_CLEAN_TABLE" : "No",
				"FUEL" : "No",
				"KIOSK" : "No",
				"LIGHTING" : "Yes",
				"TOILET" : "Yes",
				"WASTE_BIN" : "No",
				"RAMP_PONTOON" : "No",
				"PONTOON_JETTY_NEARBY" : "No"
			}
		},
		{
			"type" : "Feature",
			"geometry" : {
				"type" : "Point",
				"coordinates" : [ 142.2473346714, -34.2884315131 ]
			},
			"properties" : {
				"ASSET_OWNER" : "Parks Victoria",
				"BOAT_RAMP_ID" : 432,
				"DESCRIPTION" : "Red Cliffs - Murray River Vic",
				"CONTACT_NUMBER" : "13 19 63",
				"STREET" : "Pump Road",
				"SUBURB" : "Red Cliffs",
				"WATERWAY" : "Murray River",
				"STATE" : "VIC",
				"POSTCODE" : 3496,
				"NO_OF_RAMP_LANE" : "1",
				"CAR_TRAILER_SPACE" : "0-10",
				"WATERWAY_ACCESS" : "Shallow At Times",
				"CONDITION" : "Good",
				"CONSTRUCTION_MATERIAL" : "Concrete",
				"BBQ" : "No",
				"FEE_PAYABLE" : "No",
				"FISH_CLEAN_TABLE" : "No",
				"FUEL" : "No",
				"KIOSK" : "No",
				"LIGHTING" : "No",
				"TOILET" : "No",
				"WASTE_BIN" : "No",
				"RAMP_PONTOON" : "No",
				"PONTOON_JETTY_NEARBY" : "No"
			}
		},
		{
			"type" : "Feature",
			"geometry" : {
				"type" : "Point",
				"coordinates" : [ 144.4641098938, -35.9413142938 ]
			},
			"properties" : {
				"ASSET_OWNER" : "Parks Victoria",
				"BOAT_RAMP_ID" : 548,
				"DESCRIPTION" : "Torrumbarry - Downstream Of Weir",
				"CONTACT_NUMBER" : "13 19 63",
				"STREET" : "Weir Caravan Park",
				"SUBURB" : "Torrumbarry",
				"WATERWAY" : "Murray River",
				"STATE" : "VIC",
				"POSTCODE" : 3526,
				"NO_OF_RAMP_LANE" : "1",
				"CAR_TRAILER_SPACE" : "0-10",
				"WATERWAY_ACCESS" : "Shallow At Times",
				"CONDITION" : "Good",
				"CONSTRUCTION_MATERIAL" : "Concrete",
				"BBQ" : "No",
				"FEE_PAYABLE" : "No",
				"FISH_CLEAN_TABLE" : "No",
				"FUEL" : "Yes",
				"KIOSK" : "Yes",
				"LIGHTING" : "No",
				"TOILET" : "Yes",
				"WASTE_BIN" : "No",
				"RAMP_PONTOON" : "No",
				"PONTOON_JETTY_NEARBY" : "No"
			}
		},
		{
			"type" : "Feature",
			"geometry" : {
				"type" : "Point",
				"coordinates" : [ 152.1118023244, -32.7877677606 ]
			},
			"properties" : {
				"ASSET_OWNER" : "Port Stephens Council",
				"BOAT_RAMP_ID" : 52,
				"DESCRIPTION" : "Boat Harbour Boat Ramp",
				"CONTACT_NUMBER" : "02 4988 0255",
				"STREET" : "Graham Street",
				"SUBURB" : "Boat Harbour",
				"WATERWAY" : "Ocean",
				"STATE" : "NSW",
				"POSTCODE" : 2316,
				"NO_OF_RAMP_LANE" : "1",
				"CAR_TRAILER_SPACE" : "0-10",
				"WATERWAY_ACCESS" : "All Times",
				"CONDITION" : "Fair",
				"CONSTRUCTION_MATERIAL" : "Sand",
				"BBQ" : "Yes",
				"FEE_PAYABLE" : "No",
				"FISH_CLEAN_TABLE" : "No",
				"FUEL" : "No",
				"KIOSK" : "No",
				"LIGHTING" : "No",
				"TOILET" : "Yes",
				"WASTE_BIN" : "Yes",
				"RAMP_PONTOON" : "No",
				"PONTOON_JETTY_NEARBY" : "No"
			}
		},
		{
			"type" : "Feature",
			"geometry" : {
				"type" : "Point",
				"coordinates" : [ 152.1704055919, -32.7479946745 ]
			},
			"properties" : {
				"ASSET_OWNER" : "Port Stephens Council",
				"BOAT_RAMP_ID" : 181,
				"DESCRIPTION" : "Fingal Bay Boat Ramp",
				"CONTACT_NUMBER" : "02 4988 0255",
				"STREET" : "Marine Drive",
				"SUBURB" : "Fingal Bay",
				"WATERWAY" : "Port Stephens / Ocean",
				"STATE" : "NSW",
				"POSTCODE" : 2315,
				"NO_OF_RAMP_LANE" : "1",
				"CAR_TRAILER_SPACE" : "0-10",
				"WATERWAY_ACCESS" : "Shallow At Times",
				"CONDITION" : "Fair",
				"CONSTRUCTION_MATERIAL" : "Sand",
				"BBQ" : "Yes",
				"FEE_PAYABLE" : "No",
				"FISH_CLEAN_TABLE" : "No",
				"FUEL" : "No",
				"KIOSK" : "No",
				"LIGHTING" : "No",
				"TOILET" : "Yes",
				"WASTE_BIN" : "No",
				"RAMP_PONTOON" : "No",
				"PONTOON_JETTY_NEARBY" : "No"
			}
		},
		{
			"type" : "Feature",
			"geometry" : {
				"type" : "Point",
				"coordinates" : [ 152.0407633658, -32.7381095813 ]
			},
			"properties" : {
				"ASSET_OWNER" : "Port Stephens Council",
				"BOAT_RAMP_ID" : 313,
				"DESCRIPTION" : "Lilli Pilli Boat Ramp - Lemon Tree Passage",
				"CONTACT_NUMBER" : "02 4988 0255",
				"STREET" : "Beach Road",
				"SUBURB" : "Port Stephens",
				"WATERWAY" : "Lemon Tree Passage, Port Stephens",
				"STATE" : "NSW",
				"POSTCODE" : 2319,
				"NO_OF_RAMP_LANE" : "1",
				"CAR_TRAILER_SPACE" : "0-10",
				"WATERWAY_ACCESS" : "Shallow At Times",
				"CONDITION" : "Poor",
				"CONSTRUCTION_MATERIAL" : "Bitumen",
				"BBQ" : "No",
				"FEE_PAYABLE" : "No",
				"FISH_CLEAN_TABLE" : "No",
				"FUEL" : "No",
				"KIOSK" : "No",
				"LIGHTING" : "No",
				"TOILET" : "No",
				"WASTE_BIN" : "Yes",
				"RAMP_PONTOON" : "No",
				"PONTOON_JETTY_NEARBY" : "No"
			}
		},
		{
			"type" : "Feature",
			"geometry" : {
				"type" : "Point",
				"coordinates" : [ 152.0113154826, -32.7257692554 ]
			},
			"properties" : {
				"ASSET_OWNER" : "Port Stephens Council",
				"BOAT_RAMP_ID" : 335,
				"DESCRIPTION" : "Mallabula Boat Ramp",
				"CONTACT_NUMBER" : "02 4988 0255",
				"STREET" : "Fairlands Road",
				"SUBURB" : "Mallabula",
				"WATERWAY" : "Port Stephens",
				"STATE" : "NSW",
				"POSTCODE" : 2319,
				"NO_OF_RAMP_LANE" : "1",
				"CAR_TRAILER_SPACE" : "0-10",
				"WATERWAY_ACCESS" : "Shallow At Times",
				"CONDITION" : "Poor",
				"CONSTRUCTION_MATERIAL" : "Concrete",
				"BBQ" : "Yes",
				"FEE_PAYABLE" : "No",
				"FISH_CLEAN_TABLE" : "No",
				"FUEL" : "No",
				"KIOSK" : "No",
				"LIGHTING" : "No",
				"TOILET" : "Yes",
				"WASTE_BIN" : "Yes",
				"RAMP_PONTOON" : "No",
				"PONTOON_JETTY_NEARBY" : "No"
			}
		},
		{
			"type" : "Feature",
			"geometry" : {
				"type" : "Point",
				"coordinates" : [ 152.0728734118, -32.7106699681 ]
			},
			"properties" : {
				"ASSET_OWNER" : "Port Stephens Council",
				"BOAT_RAMP_ID" : 448,
				"DESCRIPTION" : "Wanda Beach Reserve Boat Ramp - Soldiers Point",
				"CONTACT_NUMBER" : "02 4988 0255",
				"STREET" : "Seaview Crescent",
				"SUBURB" : "Soldiers Point",
				"WATERWAY" : "Port Stephens",
				"STATE" : "NSW",
				"POSTCODE" : 2317,
				"NO_OF_RAMP_LANE" : "2",
				"CAR_TRAILER_SPACE" : "0-10",
				"WATERWAY_ACCESS" : "Shallow At Times",
				"CONDITION" : "Fair",
				"CONSTRUCTION_MATERIAL" : "Concrete",
				"BBQ" : "No",
				"FEE_PAYABLE" : "No",
				"FISH_CLEAN_TABLE" : "No",
				"FUEL" : "No",
				"KIOSK" : "No",
				"LIGHTING" : "Yes",
				"TOILET" : "No",
				"WASTE_BIN" : "Yes",
				"RAMP_PONTOON" : "Yes",
				"PONTOON_JETTY_NEARBY" : "No"
			}
		},
		{
			"type" : "Feature",
			"geometry" : {
				"type" : "Point",
				"coordinates" : [ 151.9964795989, -32.7271102671 ]
			},
			"properties" : {
				"ASSET_OWNER" : "Port Stephens Council",
				"BOAT_RAMP_ID" : 517,
				"DESCRIPTION" : "Foster Park Boat Ramp",
				"CONTACT_NUMBER" : "02 4988 0255",
				"STREET" : "Peace Parade",
				"SUBURB" : "Tanilba Bay",
				"WATERWAY" : "Port Stephens",
				"STATE" : "NSW",
				"POSTCODE" : 2319,
				"NO_OF_RAMP_LANE" : "1",
				"CAR_TRAILER_SPACE" : "0-10",
				"WATERWAY_ACCESS" : "Shallow At Times",
				"CONDITION" : "Fair",
				"CONSTRUCTION_MATERIAL" : "Concrete",
				"BBQ" : "No",
				"FEE_PAYABLE" : "No",
				"FISH_CLEAN_TABLE" : "No",
				"FUEL" : "No",
				"KIOSK" : "No",
				"LIGHTING" : "No",
				"TOILET" : "No",
				"WASTE_BIN" : "Yes",
				"RAMP_PONTOON" : "No",
				"PONTOON_JETTY_NEARBY" : "No"
			}
		},
		{
			"type" : "Feature",
			"geometry" : {
				"type" : "Point",
				"coordinates" : [ 152.0553811804, -32.736756886 ]
			},
			"properties" : {
				"ASSET_OWNER" : "Port Stephens Council",
				"BOAT_RAMP_ID" : 524,
				"DESCRIPTION" : "Taylors Beach Boat Ramp",
				"CONTACT_NUMBER" : "02 4988 0255",
				"STREET" : "Albert Street",
				"SUBURB" : "Taylors Beach",
				"WATERWAY" : "Port Stephens",
				"STATE" : "NSW",
				"POSTCODE" : 2316,
				"NO_OF_RAMP_LANE" : "2",
				"CAR_TRAILER_SPACE" : "0-10",
				"WATERWAY_ACCESS" : "Shallow At Times",
				"CONDITION" : "Fair",
				"CONSTRUCTION_MATERIAL" : "Concrete",
				"BBQ" : "Yes",
				"FEE_PAYABLE" : "No",
				"FISH_CLEAN_TABLE" : "No",
				"FUEL" : "No",
				"KIOSK" : "No",
				"LIGHTING" : "No",
				"TOILET" : "Yes",
				"WASTE_BIN" : "Yes",
				"RAMP_PONTOON" : "No",
				"PONTOON_JETTY_NEARBY" : "Yes"
			}
		},
		{
			"type" : "Feature",
			"geometry" : {
				"type" : "Point",
				"coordinates" : [ 150.814992981, -34.557739357 ]
			},
			"properties" : {
				"ASSET_OWNER" : "Shellharbour City Council",
				"BOAT_RAMP_ID" : 287,
				"DESCRIPTION" : "Lake Illawarra - Oak Flats Sailng Club",
				"CONTACT_NUMBER" : "02 4221 6111",
				"STREET" : "The Boulevarde ",
				"SUBURB" : "Oak Flats",
				"WATERWAY" : "Lake Illawarra",
				"STATE" : "NSW",
				"POSTCODE" : 2529,
				"NO_OF_RAMP_LANE" : "1",
				"CAR_TRAILER_SPACE" : "0-10",
				"WATERWAY_ACCESS" : "All Times",
				"CONDITION" : "Good",
				"CONSTRUCTION_MATERIAL" : "Concrete",
				"BBQ" : "Yes",
				"FEE_PAYABLE" : "No",
				"FISH_CLEAN_TABLE" : "No",
				"FUEL" : "No",
				"KIOSK" : "No",
				"LIGHTING" : "Yes",
				"TOILET" : "Yes",
				"WASTE_BIN" : "Yes",
				"RAMP_PONTOON" : "Yes",
				"PONTOON_JETTY_NEARBY" : "Yes"
			}
		},
		{
			"type" : "Feature",
			"geometry" : {
				"type" : "Point",
				"coordinates" : [ 150.833312569, -34.5550634711 ]
			},
			"properties" : {
				"ASSET_OWNER" : "Shellharbour City Council",
				"BOAT_RAMP_ID" : 288,
				"DESCRIPTION" : "Lake Illawarra - Oak Flats Ski Park",
				"CONTACT_NUMBER" : "02 4221 6111",
				"STREET" : "The Esplanade ",
				"SUBURB" : "Oak Flats",
				"WATERWAY" : "Lake Illawarra",
				"STATE" : "NSW",
				"POSTCODE" : 2529,
				"NO_OF_RAMP_LANE" : "1",
				"CAR_TRAILER_SPACE" : "0-10",
				"WATERWAY_ACCESS" : "All Times",
				"CONDITION" : "Good",
				"CONSTRUCTION_MATERIAL" : "Concrete",
				"BBQ" : "Yes",
				"FEE_PAYABLE" : "No",
				"FISH_CLEAN_TABLE" : "No",
				"FUEL" : "No",
				"KIOSK" : "No",
				"LIGHTING" : "Yes",
				"TOILET" : "Yes",
				"WASTE_BIN" : "Yes",
				"RAMP_PONTOON" : "Yes",
				"PONTOON_JETTY_NEARBY" : "Yes"
			}
		},
		{
			"type" : "Feature",
			"geometry" : {
				"type" : "Point",
				"coordinates" : [ 144.6538132662, -36.0750582963 ]
			},
			"properties" : {
				"ASSET_OWNER" : "Shire Of Campaspe",
				"BOAT_RAMP_ID" : 96,
				"DESCRIPTION" : "Casey Road",
				"CONTACT_NUMBER" : "03 5481 2200",
				"STREET" : "Casey Road",
				"SUBURB" : "Echuca",
				"WATERWAY" : "Murray River",
				"STATE" : "VIC",
				"POSTCODE" : 3564,
				"NO_OF_RAMP_LANE" : "1",
				"CAR_TRAILER_SPACE" : "0-10",
				"WATERWAY_ACCESS" : "Shallow At Times",
				"CONDITION" : "Good",
				"CONSTRUCTION_MATERIAL" : "Concrete",
				"BBQ" : "No",
				"FEE_PAYABLE" : "No",
				"FISH_CLEAN_TABLE" : "No",
				"FUEL" : "No",
				"KIOSK" : "No",
				"LIGHTING" : "No",
				"TOILET" : "No",
				"WASTE_BIN" : "No",
				"RAMP_PONTOON" : "No",
				"PONTOON_JETTY_NEARBY" : "No"
			}
		},
		{
			"type" : "Feature",
			"geometry" : {
				"type" : "Point",
				"coordinates" : [ 144.5174674041, -35.9963162349 ]
			},
			"properties" : {
				"ASSET_OWNER" : "Shire Of Campaspe",
				"BOAT_RAMP_ID" : 233,
				"DESCRIPTION" : "Headworks Road",
				"CONTACT_NUMBER" : "03 5481 2200",
				"STREET" : "Headworks Road",
				"SUBURB" : "Torrumbarry",
				"WATERWAY" : "Murray River",
				"STATE" : "VIC",
				"POSTCODE" : 3526,
				"NO_OF_RAMP_LANE" : "1",
				"CAR_TRAILER_SPACE" : "0-10",
				"WATERWAY_ACCESS" : "All Times",
				"CONDITION" : "Good",
				"CONSTRUCTION_MATERIAL" : "Concrete",
				"BBQ" : "No",
				"FEE_PAYABLE" : "No",
				"FISH_CLEAN_TABLE" : "No",
				"FUEL" : "No",
				"KIOSK" : "No",
				"LIGHTING" : "No",
				"TOILET" : "Yes",
				"WASTE_BIN" : "No",
				"RAMP_PONTOON" : "No",
				"PONTOON_JETTY_NEARBY" : "No"
			}
		},
		{
			"type" : "Feature",
			"geometry" : {
				"type" : "Point",
				"coordinates" : [ 148.6592728401, -35.7952471296 ]
			},
			"properties" : {
				"ASSET_OWNER" : "Snowy  Hydro",
				"BOAT_RAMP_ID" : 518,
				"DESCRIPTION" : "Tantangara Access Point, Tantangara Reservoir",
				"CONTACT_NUMBER" : "02 6453 2888",
				"STREET" : "Snowy Mountains Highway",
				"SUBURB" : "Tantangara",
				"WATERWAY" : "Tantangara Reservoir",
				"STATE" : "NSW",
				"POSTCODE" : 2629,
				"NO_OF_RAMP_LANE" : "1",
				"CAR_TRAILER_SPACE" : "0-10",
				"WATERWAY_ACCESS" : "All Times",
				"CONDITION" : "Good",
				"CONSTRUCTION_MATERIAL" : "Unsealed",
				"BBQ" : "No",
				"FEE_PAYABLE" : "No",
				"FISH_CLEAN_TABLE" : "No",
				"FUEL" : "No",
				"KIOSK" : "No",
				"LIGHTING" : "No",
				"TOILET" : "No",
				"WASTE_BIN" : "No",
				"RAMP_PONTOON" : "No",
				"PONTOON_JETTY_NEARBY" : "No"
			}
		},
		{
			"type" : "Feature",
			"geometry" : {
				"type" : "Point",
				"coordinates" : [ 148.2782255897, -36.0546762588 ]
			},
			"properties" : {
				"ASSET_OWNER" : "Snowy  Hydro",
				"BOAT_RAMP_ID" : 546,
				"DESCRIPTION" : "Tooma Reservoir",
				"CONTACT_NUMBER" : "02 6453 2888",
				"STREET" : "Cabramurra Way",
				"SUBURB" : "Tooma",
				"WATERWAY" : "Tooma River",
				"STATE" : "NSW",
				"POSTCODE" : 2642,
				"NO_OF_RAMP_LANE" : "1",
				"CAR_TRAILER_SPACE" : "0-10",
				"WATERWAY_ACCESS" : "Shallow At Times",
				"CONDITION" : "Poor",
				"CONSTRUCTION_MATERIAL" : "Unsealed",
				"BBQ" : "No",
				"FEE_PAYABLE" : "Yes",
				"FISH_CLEAN_TABLE" : "No",
				"FUEL" : "No",
				"KIOSK" : "No",
				"LIGHTING" : "No",
				"TOILET" : "No",
				"WASTE_BIN" : "No",
				"RAMP_PONTOON" : "No",
				"PONTOON_JETTY_NEARBY" : "No"
			}
		},
		{
			"type" : "Feature",
			"geometry" : {
				"type" : "Point",
				"coordinates" : [ 148.6532171532, -36.1020349812 ]
			},
			"properties" : {
				"ASSET_OWNER" : "Snowy Monaro Regional Council",
				"BOAT_RAMP_ID" : 66,
				"DESCRIPTION" : "Eucumbene Road Boat Ramp",
				"CONTACT_NUMBER" : "1300 345 345",
				"STREET" : "Eucumbene Road",
				"SUBURB" : "Braemer Bay",
				"WATERWAY" : "Lake Eucumbene",
				"STATE" : "NSW",
				"POSTCODE" : 2628,
				"NO_OF_RAMP_LANE" : "Informal",
				"CAR_TRAILER_SPACE" : "0-10",
				"WATERWAY_ACCESS" : "All Times",
				"CONDITION" : "Good",
				"CONSTRUCTION_MATERIAL" : "Unsealed",
				"BBQ" : "No",
				"FEE_PAYABLE" : "Yes",
				"FISH_CLEAN_TABLE" : "No",
				"FUEL" : "No",
				"KIOSK" : "Yes",
				"LIGHTING" : "No",
				"TOILET" : "Yes",
				"WASTE_BIN" : "Yes",
				"RAMP_PONTOON" : "No",
				"PONTOON_JETTY_NEARBY" : "No"
			}
		},
		{
			"type" : "Feature",
			"geometry" : {
				"type" : "Point",
				"coordinates" : [ 148.3156175712, -36.3010917628 ]
			},
			"properties" : {
				"ASSET_OWNER" : "Snowy Valleys Council",
				"BOAT_RAMP_ID" : 201,
				"DESCRIPTION" : "Geehi Dam Boat Ramp",
				"CONTACT_NUMBER" : "1300 275 782",
				"STREET" : "Geehi Dam Road",
				"SUBURB" : "Khancoban",
				"WATERWAY" : "Geehi River",
				"STATE" : "NSW",
				"POSTCODE" : 2642,
				"NO_OF_RAMP_LANE" : "1",
				"CAR_TRAILER_SPACE" : "0-10",
				"WATERWAY_ACCESS" : "All Times",
				"CONDITION" : "Good",
				"CONSTRUCTION_MATERIAL" : "Unsealed",
				"BBQ" : "No",
				"FEE_PAYABLE" : "No",
				"FISH_CLEAN_TABLE" : "No",
				"FUEL" : "No",
				"KIOSK" : "No",
				"LIGHTING" : "No",
				"TOILET" : "No",
				"WASTE_BIN" : "No",
				"RAMP_PONTOON" : "No",
				"PONTOON_JETTY_NEARBY" : "No"
			}
		},
		{
			"type" : "Feature",
			"geometry" : {
				"type" : "Point",
				"coordinates" : [ 150.8161452347, -34.7722304141 ]
			},
			"properties" : {
				"ASSET_OWNER" : "The Council Of The Municipality Of Kiama",
				"BOAT_RAMP_ID" : 203,
				"DESCRIPTION" : "Gerroa Beach",
				"CONTACT_NUMBER" : "02 4232 0444",
				"STREET" : "Bourke Street",
				"SUBURB" : "Gerroa",
				"WATERWAY" : "Crooked River",
				"STATE" : "NSW",
				"POSTCODE" : 2534,
				"NO_OF_RAMP_LANE" : "Informal",
				"CAR_TRAILER_SPACE" : "0-10",
				"WATERWAY_ACCESS" : "All Times",
				"CONDITION" : "Poor",
				"CONSTRUCTION_MATERIAL" : "Sand",
				"BBQ" : "No",
				"FEE_PAYABLE" : "No",
				"FISH_CLEAN_TABLE" : "No",
				"FUEL" : "Yes",
				"KIOSK" : "Yes",
				"LIGHTING" : "No",
				"TOILET" : "Yes",
				"WASTE_BIN" : "No",
				"RAMP_PONTOON" : "No",
				"PONTOON_JETTY_NEARBY" : "No"
			}
		},
		{
			"type" : "Feature",
			"geometry" : {
				"type" : "Point",
				"coordinates" : [ 150.8466732266, -34.6219676608 ]
			},
			"properties" : {
				"ASSET_OWNER" : "The Council Of The Municipality Of Kiama",
				"BOAT_RAMP_ID" : 355,
				"DESCRIPTION" : "Minnamurra River (Bridge Ramp)",
				"CONTACT_NUMBER" : "02 4232 0444",
				"STREET" : "Riverside Drive",
				"SUBURB" : "Minnamurra",
				"WATERWAY" : "Minnamurra River",
				"STATE" : "NSW",
				"POSTCODE" : 2533,
				"NO_OF_RAMP_LANE" : "1",
				"CAR_TRAILER_SPACE" : "0-10",
				"WATERWAY_ACCESS" : "High Tide Only",
				"CONDITION" : "Good",
				"CONSTRUCTION_MATERIAL" : "Concrete",
				"BBQ" : "Yes",
				"FEE_PAYABLE" : "No",
				"FISH_CLEAN_TABLE" : "No",
				"FUEL" : "No",
				"KIOSK" : "No",
				"LIGHTING" : "Yes",
				"TOILET" : "Yes",
				"WASTE_BIN" : "Yes",
				"RAMP_PONTOON" : "No",
				"PONTOON_JETTY_NEARBY" : "Yes"
			}
		},
		{
			"type" : "Feature",
			"geometry" : {
				"type" : "Point",
				"coordinates" : [ 150.8580541811, -34.6287425328 ]
			},
			"properties" : {
				"ASSET_OWNER" : "The Council Of The Municipality Of Kiama",
				"BOAT_RAMP_ID" : 356,
				"DESCRIPTION" : "Minnamurra River (Entrance)",
				"CONTACT_NUMBER" : "02 4232 0444",
				"STREET" : "Charles Avenue",
				"SUBURB" : "Minnamurra",
				"WATERWAY" : "Minnamurra River",
				"STATE" : "NSW",
				"POSTCODE" : 2533,
				"NO_OF_RAMP_LANE" : "1",
				"CAR_TRAILER_SPACE" : "0-10",
				"WATERWAY_ACCESS" : "Shallow At Times",
				"CONDITION" : "Good",
				"CONSTRUCTION_MATERIAL" : "Concrete",
				"BBQ" : "No",
				"FEE_PAYABLE" : "No",
				"FISH_CLEAN_TABLE" : "No",
				"FUEL" : "No",
				"KIOSK" : "No",
				"LIGHTING" : "Yes",
				"TOILET" : "Yes",
				"WASTE_BIN" : "Yes",
				"RAMP_PONTOON" : "No",
				"PONTOON_JETTY_NEARBY" : "No"
			}
		},
		{
			"type" : "Feature",
			"geometry" : {
				"type" : "Point",
				"coordinates" : [ 150.8517453882, -34.620158603 ]
			},
			"properties" : {
				"ASSET_OWNER" : "The Council Of The Municipality Of Kiama",
				"BOAT_RAMP_ID" : 357,
				"DESCRIPTION" : "Minnamurra River (James Holt Reserve)",
				"CONTACT_NUMBER" : "02 4232 0444",
				"STREET" : "Charles Avenue",
				"SUBURB" : "Minnamurra",
				"WATERWAY" : "Minnamurra River",
				"STATE" : "NSW",
				"POSTCODE" : 2533,
				"NO_OF_RAMP_LANE" : "1",
				"CAR_TRAILER_SPACE" : "0-10",
				"WATERWAY_ACCESS" : "High Tide Only",
				"CONDITION" : "Good",
				"CONSTRUCTION_MATERIAL" : "Concrete",
				"BBQ" : "No",
				"FEE_PAYABLE" : "No",
				"FISH_CLEAN_TABLE" : "No",
				"FUEL" : "No",
				"KIOSK" : "No",
				"LIGHTING" : "No",
				"TOILET" : "No",
				"WASTE_BIN" : "Yes",
				"RAMP_PONTOON" : "No",
				"PONTOON_JETTY_NEARBY" : "No"
			}
		},
		{
			"type" : "Feature",
			"geometry" : {
				"type" : "Point",
				"coordinates" : [ 144.1277883256, -35.6321792312 ]
			},
			"properties" : {
				"ASSET_OWNER" : "Murray River Council",
				"BOAT_RAMP_ID" : 386,
				"DESCRIPTION" : "Noorong Street Boat Ramp (Barham)",
				"CONTACT_NUMBER" : "1300 087 004",
				"STREET" : "Noorong Street",
				"SUBURB" : "Barham",
				"WATERWAY" : "Murray River",
				"STATE" : "NSW",
				"POSTCODE" : 2732,
				"NO_OF_RAMP_LANE" : "1",
				"CAR_TRAILER_SPACE" : "0-10",
				"WATERWAY_ACCESS" : "All Times",
				"CONDITION" : "Good",
				"CONSTRUCTION_MATERIAL" : "Concrete",
				"BBQ" : "No",
				"FEE_PAYABLE" : "No",
				"FISH_CLEAN_TABLE" : "No",
				"FUEL" : "No",
				"KIOSK" : "No",
				"LIGHTING" : "No",
				"TOILET" : "No",
				"WASTE_BIN" : "No",
				"RAMP_PONTOON" : "No",
				"PONTOON_JETTY_NEARBY" : "No"
			}
		},
		{
			"type" : "Feature",
			"geometry" : {
				"type" : "Point",
				"coordinates" : [ 147.7038145035, -35.9289119422 ]
			},
			"properties" : {
				"ASSET_OWNER" : "Snowy Valleys Council",
				"BOAT_RAMP_ID" : 251,
				"DESCRIPTION" : "Jingellic Reserve Boat Ramp",
				"CONTACT_NUMBER" : "1300 275 782",
				"STREET" : "River Road",
				"SUBURB" : "Jingellic",
				"WATERWAY" : "Murray River",
				"STATE" : "NSW",
				"POSTCODE" : 2642,
				"NO_OF_RAMP_LANE" : "1",
				"CAR_TRAILER_SPACE" : "0-10",
				"WATERWAY_ACCESS" : "Shallow At Times",
				"CONDITION" : "Good",
				"CONSTRUCTION_MATERIAL" : "Concrete",
				"BBQ" : "No",
				"FEE_PAYABLE" : "No",
				"FISH_CLEAN_TABLE" : "No",
				"FUEL" : "No",
				"KIOSK" : "No",
				"LIGHTING" : "No",
				"TOILET" : "No",
				"WASTE_BIN" : "No",
				"RAMP_PONTOON" : "No",
				"PONTOON_JETTY_NEARBY" : "No"
			}
		},
		{
			"type" : "Feature",
			"geometry" : {
				"type" : "Point",
				"coordinates" : [ 148.270730062, -35.4197924903 ]
			},
			"properties" : {
				"ASSET_OWNER" : "Snowy Valleys Council",
				"BOAT_RAMP_ID" : 48,
				"DESCRIPTION" : "Log Bridge Creek Boat Ramp",
				"CONTACT_NUMBER" : "1300 275 782",
				"STREET" : "Snowy Mountains Highway",
				"SUBURB" : "Kosciuszko National Park",
				"WATERWAY" : "Blowering Reservoir",
				"STATE" : "NSW",
				"POSTCODE" : 2720,
				"NO_OF_RAMP_LANE" : "1",
				"CAR_TRAILER_SPACE" : "0-10",
				"WATERWAY_ACCESS" : "All Times",
				"CONDITION" : "Good",
				"CONSTRUCTION_MATERIAL" : "Concrete",
				"BBQ" : "Yes",
				"FEE_PAYABLE" : "No",
				"FISH_CLEAN_TABLE" : "No",
				"FUEL" : "No",
				"KIOSK" : "No",
				"LIGHTING" : "No",
				"TOILET" : "Yes",
				"WASTE_BIN" : "No",
				"RAMP_PONTOON" : "No",
				"PONTOON_JETTY_NEARBY" : "No"
			}
		},
		{
			"type" : "Feature",
			"geometry" : {
				"type" : "Point",
				"coordinates" : [ 148.2837984956, -35.4479554422 ]
			},
			"properties" : {
				"ASSET_OWNER" : "Snowy Valleys Council",
				"BOAT_RAMP_ID" : 49,
				"DESCRIPTION" : "The Pines Boat Ramp\n",
				"CONTACT_NUMBER" : "1300 275 782",
				"STREET" : "Snowy Mountains Highway",
				"SUBURB" : "Kosciuszko National Park",
				"WATERWAY" : "Blowering Reservoir",
				"STATE" : "NSW",
				"POSTCODE" : 2720,
				"NO_OF_RAMP_LANE" : "2",
				"CAR_TRAILER_SPACE" : "0-10",
				"WATERWAY_ACCESS" : "All Times",
				"CONDITION" : "Good",
				"CONSTRUCTION_MATERIAL" : "Concrete",
				"BBQ" : "Yes",
				"FEE_PAYABLE" : "No",
				"FISH_CLEAN_TABLE" : "No",
				"FUEL" : "No",
				"KIOSK" : "No",
				"LIGHTING" : "No",
				"TOILET" : "Yes",
				"WASTE_BIN" : "No",
				"RAMP_PONTOON" : "No",
				"PONTOON_JETTY_NEARBY" : "No"
			}
		},
		{
			"type" : "Feature",
			"geometry" : {
				"type" : "Point",
				"coordinates" : [ 153.5556900728, -28.2330115513 ]
			},
			"properties" : {
				"ASSET_OWNER" : "Tweed Shire Council",
				"BOAT_RAMP_ID" : 105,
				"DESCRIPTION" : "Chinderah Boat Ramp (Oxley Park) ",
				"CONTACT_NUMBER" : "02 6670 2400",
				"STREET" : "Chinderah Bay Drive",
				"SUBURB" : "Chinderah ",
				"WATERWAY" : "Tweed River",
				"STATE" : "NSW",
				"POSTCODE" : 2487,
				"NO_OF_RAMP_LANE" : "1",
				"CAR_TRAILER_SPACE" : "0-10",
				"WATERWAY_ACCESS" : "Shallow At Times",
				"CONDITION" : "Poor",
				"CONSTRUCTION_MATERIAL" : "Bitumen",
				"BBQ" : "No",
				"FEE_PAYABLE" : "No",
				"FISH_CLEAN_TABLE" : "Yes",
				"FUEL" : "Yes",
				"KIOSK" : "Yes",
				"LIGHTING" : "Yes",
				"TOILET" : "Yes",
				"WASTE_BIN" : "Yes",
				"RAMP_PONTOON" : "No",
				"PONTOON_JETTY_NEARBY" : "No"
			}
		},
		{
			"type" : "Feature",
			"geometry" : {
				"type" : "Point",
				"coordinates" : [ 153.4344648494, -28.3078474312 ]
			},
			"properties" : {
				"ASSET_OWNER" : "Tweed Shire Council",
				"BOAT_RAMP_ID" : 121,
				"DESCRIPTION" : "Condong Boat Ramp (Mcleod Street) ",
				"CONTACT_NUMBER" : "02 6670 2400",
				"STREET" : "Mcleod Street",
				"SUBURB" : "Condong",
				"WATERWAY" : "Tweed River",
				"STATE" : "NSW",
				"POSTCODE" : 2484,
				"NO_OF_RAMP_LANE" : "1",
				"CAR_TRAILER_SPACE" : "0-10",
				"WATERWAY_ACCESS" : "All Times",
				"CONDITION" : "Poor",
				"CONSTRUCTION_MATERIAL" : "Bitumen",
				"BBQ" : "No",
				"FEE_PAYABLE" : "No",
				"FISH_CLEAN_TABLE" : "No",
				"FUEL" : "No",
				"KIOSK" : "No",
				"LIGHTING" : "No",
				"TOILET" : "No",
				"WASTE_BIN" : "No",
				"RAMP_PONTOON" : "No",
				"PONTOON_JETTY_NEARBY" : "No"
			}
		},
		{
			"type" : "Feature",
			"geometry" : {
				"type" : "Point",
				"coordinates" : [ 153.5112328106, -28.1951237497 ]
			},
			"properties" : {
				"ASSET_OWNER" : "Tweed Shire Council",
				"BOAT_RAMP_ID" : 305,
				"DESCRIPTION" : "Lakes Drive, Terranora Inlet",
				"CONTACT_NUMBER" : "02 6670 2400",
				"STREET" : "The Lakes Drive",
				"SUBURB" : "Tweed Heads West",
				"WATERWAY" : "Terranora Broadwater",
				"STATE" : "NSW",
				"POSTCODE" : 2485,
				"NO_OF_RAMP_LANE" : "1",
				"CAR_TRAILER_SPACE" : "0-10",
				"WATERWAY_ACCESS" : "All Times",
				"CONDITION" : "Poor",
				"CONSTRUCTION_MATERIAL" : "Concrete",
				"BBQ" : "No",
				"FEE_PAYABLE" : "No",
				"FISH_CLEAN_TABLE" : "No",
				"FUEL" : "No",
				"KIOSK" : "No",
				"LIGHTING" : "Yes",
				"TOILET" : "Yes",
				"WASTE_BIN" : "Yes",
				"RAMP_PONTOON" : "Yes",
				"PONTOON_JETTY_NEARBY" : "Yes"
			}
		},
		{
			"type" : "Feature",
			"geometry" : {
				"type" : "Point",
				"coordinates" : [ 146.2723417129, -35.3381571569 ]
			},
			"properties" : {
				"ASSET_OWNER" : "Federation Council",
				"BOAT_RAMP_ID" : 302,
				"DESCRIPTION" : "Lake Urana Boat Ramp",
				"CONTACT_NUMBER" : "02 6033 8999",
				"STREET" : "Collingullie Jerilderie Road",
				"SUBURB" : "Urana",
				"WATERWAY" : "Lake Urana",
				"STATE" : "NSW",
				"POSTCODE" : 2645,
				"NO_OF_RAMP_LANE" : "1",
				"CAR_TRAILER_SPACE" : "0-10",
				"WATERWAY_ACCESS" : "Shallow At Times",
				"CONDITION" : "Good",
				"CONSTRUCTION_MATERIAL" : "Concrete",
				"BBQ" : "Yes",
				"FEE_PAYABLE" : "No",
				"FISH_CLEAN_TABLE" : "No",
				"FUEL" : "No",
				"KIOSK" : "No",
				"LIGHTING" : "No",
				"TOILET" : "Yes",
				"WASTE_BIN" : "Yes",
				"RAMP_PONTOON" : "No",
				"PONTOON_JETTY_NEARBY" : "No"
			}
		},
		{
			"type" : "Feature",
			"geometry" : {
				"type" : "Point",
				"coordinates" : [ 144.0335382353, -35.091937514 ]
			},
			"properties" : {
				"ASSET_OWNER" : "Murray River Council",
				"BOAT_RAMP_ID" : 368,
				"DESCRIPTION" : "Moulamein Town Boat Ramp",
				"CONTACT_NUMBER" : "1300 087 004",
				"STREET" : "Mcbean Place",
				"SUBURB" : "Moulamein",
				"WATERWAY" : "Edward River",
				"STATE" : "NSW",
				"POSTCODE" : 2733,
				"NO_OF_RAMP_LANE" : "1",
				"CAR_TRAILER_SPACE" : "0-10",
				"WATERWAY_ACCESS" : "Shallow At Times",
				"CONDITION" : "Good",
				"CONSTRUCTION_MATERIAL" : "Concrete",
				"BBQ" : "Yes",
				"FEE_PAYABLE" : "No",
				"FISH_CLEAN_TABLE" : "No",
				"FUEL" : "No",
				"KIOSK" : "No",
				"LIGHTING" : "No",
				"TOILET" : "No",
				"WASTE_BIN" : "No",
				"RAMP_PONTOON" : "No",
				"PONTOON_JETTY_NEARBY" : "Yes"
			}
		},
		{
			"type" : "Feature",
			"geometry" : {
				"type" : "Point",
				"coordinates" : [ 150.9410344152, -34.2997907315 ]
			},
			"properties" : {
				"ASSET_OWNER" : "Wollongong City Council",
				"BOAT_RAMP_ID" : 13,
				"DESCRIPTION" : "Austinmer Beach Boat Ramp",
				"CONTACT_NUMBER" : "02 4227 7111",
				"STREET" : "Headland Ave",
				"SUBURB" : "Austinmer",
				"WATERWAY" : "Coledale Beach",
				"STATE" : "NSW",
				"POSTCODE" : 2515,
				"NO_OF_RAMP_LANE" : "1",
				"CAR_TRAILER_SPACE" : "0-10",
				"WATERWAY_ACCESS" : "All Times",
				"CONDITION" : "Poor",
				"CONSTRUCTION_MATERIAL" : "Sand",
				"BBQ" : "No",
				"FEE_PAYABLE" : "No",
				"FISH_CLEAN_TABLE" : "No",
				"FUEL" : "No",
				"KIOSK" : "No",
				"LIGHTING" : "Yes",
				"TOILET" : "Yes",
				"WASTE_BIN" : "Yes",
				"RAMP_PONTOON" : "No",
				"PONTOON_JETTY_NEARBY" : "No"
			}
		},
		{
			"type" : "Feature",
			"geometry" : {
				"type" : "Point",
				"coordinates" : [ 150.906680622, -34.4206687076 ]
			},
			"properties" : {
				"ASSET_OWNER" : "Wollongong City Council",
				"BOAT_RAMP_ID" : 603,
				"DESCRIPTION" : "Wollongong Harbour",
				"CONTACT_NUMBER" : "02 4227 7111",
				"STREET" : "Endeavor Drive",
				"SUBURB" : "Wollongong",
				"WATERWAY" : "Tasman Sea",
				"STATE" : "NSW",
				"POSTCODE" : 2500,
				"NO_OF_RAMP_LANE" : "1",
				"CAR_TRAILER_SPACE" : "0-10",
				"WATERWAY_ACCESS" : "High Tide Only",
				"CONDITION" : "Good",
				"CONSTRUCTION_MATERIAL" : "Concrete",
				"BBQ" : "No",
				"FEE_PAYABLE" : "No",
				"FISH_CLEAN_TABLE" : "No",
				"FUEL" : "No",
				"KIOSK" : "Yes",
				"LIGHTING" : "Yes",
				"TOILET" : "No",
				"WASTE_BIN" : "Yes",
				"RAMP_PONTOON" : "No",
				"PONTOON_JETTY_NEARBY" : "Yes"
			}
		},
		{
			"type" : "Feature",
			"geometry" : {
				"type" : "Point",
				"coordinates" : [ 151.5370994225, -33.1440752272 ]
			},
			"properties" : {
				"ASSET_OWNER" : "Central Coast Council",
				"BOAT_RAMP_ID" : 564,
				"DESCRIPTION" : "Vales Point.",
				"CONTACT_NUMBER" : "02 4306 7900",
				"STREET" : "Peveril Street",
				"SUBURB" : "Mannering Park",
				"WATERWAY" : "Lake Macquarie",
				"STATE" : "NSW",
				"POSTCODE" : 2259,
				"NO_OF_RAMP_LANE" : "2",
				"CAR_TRAILER_SPACE" : "0-10",
				"WATERWAY_ACCESS" : "Shallow At Times",
				"CONDITION" : "Good",
				"CONSTRUCTION_MATERIAL" : "Concrete",
				"BBQ" : "Yes",
				"FEE_PAYABLE" : "No",
				"FISH_CLEAN_TABLE" : "Yes",
				"FUEL" : "Yes",
				"KIOSK" : "No",
				"LIGHTING" : "Yes",
				"TOILET" : "Yes",
				"WASTE_BIN" : "Yes",
				"RAMP_PONTOON" : "Yes",
				"PONTOON_JETTY_NEARBY" : "Yes"
			}
		},
		{
			"type" : "Feature",
			"geometry" : {
				"type" : "Point",
				"coordinates" : [ 151.525066272, -33.1493330448 ]
			},
			"properties" : {
				"ASSET_OWNER" : "Lake Macquarie City Council",
				"BOAT_RAMP_ID" : 620,
				"DESCRIPTION" : "Wyee Point Boat Ramp",
				"CONTACT_NUMBER" : "02 4921 0333",
				"STREET" : "off Ruttleys Rd via Jasmine Lakeside Village",
				"SUBURB" : "Wyee Point",
				"WATERWAY" : "Lake Macquarie",
				"STATE" : "NSW",
				"POSTCODE" : 2259,
				"NO_OF_RAMP_LANE" : "2",
				"CAR_TRAILER_SPACE" : "0-10",
				"WATERWAY_ACCESS" : "Shallow At Times",
				"CONDITION" : "Fair",
				"CONSTRUCTION_MATERIAL" : "Concrete",
				"BBQ" : "No",
				"FEE_PAYABLE" : "No",
				"FISH_CLEAN_TABLE" : "No",
				"FUEL" : "No",
				"KIOSK" : "No",
				"LIGHTING" : "No",
				"TOILET" : "No",
				"WASTE_BIN" : "No",
				"RAMP_PONTOON" : "No",
				"PONTOON_JETTY_NEARBY" : "No"
			}
		},
		{
			"type" : "Feature",
			"geometry" : {
				"type" : "Point",
				"coordinates" : [ 147.0501191526, -36.0907992429 ]
			},
			"properties" : {
				"ASSET_OWNER" : "Albury City Council",
				"BOAT_RAMP_ID" : 7,
				"DESCRIPTION" : "Apex Park Boat Ramp, Lake Hume (Albury)",
				"CONTACT_NUMBER" : "02 6023 8111",
				"STREET" : "Riverina Highway",
				"SUBURB" : "Lake Hume Village",
				"WATERWAY" : "Lake Hume",
				"STATE" : "NSW",
				"POSTCODE" : 2640,
				"NO_OF_RAMP_LANE" : "2",
				"CAR_TRAILER_SPACE" : "11-20",
				"WATERWAY_ACCESS" : "All Times",
				"CONDITION" : "Good",
				"CONSTRUCTION_MATERIAL" : "Concrete",
				"BBQ" : "Yes",
				"FEE_PAYABLE" : "No",
				"FISH_CLEAN_TABLE" : "No",
				"FUEL" : "No",
				"KIOSK" : "No",
				"LIGHTING" : "No",
				"TOILET" : "Yes",
				"WASTE_BIN" : "Yes",
				"RAMP_PONTOON" : "No",
				"PONTOON_JETTY_NEARBY" : "No"
			}
		},
		{
			"type" : "Feature",
			"geometry" : {
				"type" : "Point",
				"coordinates" : [ 147.0615422443, -35.99633588 ]
			},
			"properties" : {
				"ASSET_OWNER" : "Albury City Council",
				"BOAT_RAMP_ID" : 63,
				"DESCRIPTION" : "Bowna Waters Reserve Boat Ramp",
				"CONTACT_NUMBER" : "02 6023 8111",
				"STREET" : "Bowna Waters Road",
				"SUBURB" : "Table Top",
				"WATERWAY" : "Lake Hume",
				"STATE" : "NSW",
				"POSTCODE" : 2640,
				"NO_OF_RAMP_LANE" : "2",
				"CAR_TRAILER_SPACE" : "11-20",
				"WATERWAY_ACCESS" : "Shallow At Times",
				"CONDITION" : "Fair",
				"CONSTRUCTION_MATERIAL" : "Concrete",
				"BBQ" : "Yes",
				"FEE_PAYABLE" : "No",
				"FISH_CLEAN_TABLE" : "No",
				"FUEL" : "No",
				"KIOSK" : "No",
				"LIGHTING" : "Yes",
				"TOILET" : "Yes",
				"WASTE_BIN" : "No",
				"RAMP_PONTOON" : "No",
				"PONTOON_JETTY_NEARBY" : "No"
			}
		},
		{
			"type" : "Feature",
			"geometry" : {
				"type" : "Point",
				"coordinates" : [ 147.0407901055, -36.102454202 ]
			},
			"properties" : {
				"ASSET_OWNER" : "Albury City Council",
				"BOAT_RAMP_ID" : 240,
				"DESCRIPTION" : "Hume Weir Resort Boat Ramp",
				"CONTACT_NUMBER" : "02 6023 8111",
				"STREET" : "Hume Road",
				"SUBURB" : "Lake Hume Village",
				"WATERWAY" : "Lake Hume",
				"STATE" : "NSW",
				"POSTCODE" : 2640,
				"NO_OF_RAMP_LANE" : "2",
				"CAR_TRAILER_SPACE" : "11-20",
				"WATERWAY_ACCESS" : "Shallow At Times",
				"CONDITION" : "Good",
				"CONSTRUCTION_MATERIAL" : "Concrete",
				"BBQ" : "No",
				"FEE_PAYABLE" : "No",
				"FISH_CLEAN_TABLE" : "No",
				"FUEL" : "No",
				"KIOSK" : "No",
				"LIGHTING" : "No",
				"TOILET" : "No",
				"WASTE_BIN" : "No",
				"RAMP_PONTOON" : "No",
				"PONTOON_JETTY_NEARBY" : "No"
			}
		},
		{
			"type" : "Feature",
			"geometry" : {
				"type" : "Point",
				"coordinates" : [ 146.8893124115, -36.0873927929 ]
			},
			"properties" : {
				"ASSET_OWNER" : "Albury City Council",
				"BOAT_RAMP_ID" : 277,
				"DESCRIPTION" : "Kremur Street Boat Ramp",
				"CONTACT_NUMBER" : "02 6023 8111",
				"STREET" : "Kremur Street",
				"SUBURB" : "West Albury",
				"WATERWAY" : "Murry River",
				"STATE" : "NSW",
				"POSTCODE" : 2640,
				"NO_OF_RAMP_LANE" : "1",
				"CAR_TRAILER_SPACE" : "11-20",
				"WATERWAY_ACCESS" : "Shallow At Times",
				"CONDITION" : "Good",
				"CONSTRUCTION_MATERIAL" : "Concrete",
				"BBQ" : "No",
				"FEE_PAYABLE" : "No",
				"FISH_CLEAN_TABLE" : "Yes",
				"FUEL" : "No",
				"KIOSK" : "No",
				"LIGHTING" : "Yes",
				"TOILET" : "Yes",
				"WASTE_BIN" : "Yes",
				"RAMP_PONTOON" : "No",
				"PONTOON_JETTY_NEARBY" : "No"
			}
		},
		{
			"type" : "Feature",
			"geometry" : {
				"type" : "Point",
				"coordinates" : [ 153.0283590237, -30.5462531931 ]
			},
			"properties" : {
				"ASSET_OWNER" : "Bellingen Shire Council",
				"BOAT_RAMP_ID" : 665,
				"DESCRIPTION" : "Third Head, Urunga",
				"CONTACT_NUMBER" : "02 6655 7300",
				"STREET" : "Osprey Drive",
				"SUBURB" : "Urunga",
				"WATERWAY" : "Tasman Sea",
				"STATE" : "NSW",
				"POSTCODE" : 2455,
				"NO_OF_RAMP_LANE" : "1",
				"CAR_TRAILER_SPACE" : "11-20",
				"WATERWAY_ACCESS" : "All Times",
				"CONDITION" : "Good",
				"CONSTRUCTION_MATERIAL" : "Concrete",
				"BBQ" : "Yes",
				"FEE_PAYABLE" : "No",
				"FISH_CLEAN_TABLE" : "Yes",
				"FUEL" : "No",
				"KIOSK" : "No",
				"LIGHTING" : "No",
				"TOILET" : "Yes",
				"WASTE_BIN" : "Yes",
				"RAMP_PONTOON" : "No",
				"PONTOON_JETTY_NEARBY" : "No"
			}
		},
		{
			"type" : "Feature",
			"geometry" : {
				"type" : "Point",
				"coordinates" : [ 145.5640976928, -35.8134301141 ]
			},
			"properties" : {
				"ASSET_OWNER" : "Berrigan Shire Council",
				"BOAT_RAMP_ID" : 666,
				"DESCRIPTION" : "Tocumwal Boat Ramp (New)",
				"CONTACT_NUMBER" : "03 5888 5100",
				"STREET" : "Hennessy Road",
				"SUBURB" : "Tocumwal",
				"WATERWAY" : "Murray River",
				"STATE" : "NSW",
				"POSTCODE" : 2714,
				"NO_OF_RAMP_LANE" : "1",
				"CAR_TRAILER_SPACE" : "11-20",
				"WATERWAY_ACCESS" : "All Times",
				"CONDITION" : "Good",
				"CONSTRUCTION_MATERIAL" : "Concrete",
				"BBQ" : "No",
				"FEE_PAYABLE" : "No",
				"FISH_CLEAN_TABLE" : "No",
				"FUEL" : "No",
				"KIOSK" : "No",
				"LIGHTING" : "Yes",
				"TOILET" : "No",
				"WASTE_BIN" : "No",
				"RAMP_PONTOON" : "Yes",
				"PONTOON_JETTY_NEARBY" : "No"
			}
		},
		{
			"type" : "Feature",
			"geometry" : {
				"type" : "Point",
				"coordinates" : [ 151.291554783, -32.3355922658 ]
			},
			"properties" : {
				"ASSET_OWNER" : "Singleton Council",
				"BOAT_RAMP_ID" : 300,
				"DESCRIPTION" : "Glennies Creek Boat Ramp",
				"CONTACT_NUMBER" : "02 6578 7290",
				"STREET" : "Carrowbrook Road",
				"SUBURB" : "Singleton",
				"WATERWAY" : "Lake St Clair",
				"STATE" : "NSW",
				"POSTCODE" : 2330,
				"NO_OF_RAMP_LANE" : "2",
				"CAR_TRAILER_SPACE" : "11-20",
				"WATERWAY_ACCESS" : "All Times",
				"CONDITION" : "Good",
				"CONSTRUCTION_MATERIAL" : "Concrete",
				"BBQ" : "Yes",
				"FEE_PAYABLE" : "Yes",
				"FISH_CLEAN_TABLE" : "Yes",
				"FUEL" : "No",
				"KIOSK" : "No",
				"LIGHTING" : "No",
				"TOILET" : "Yes",
				"WASTE_BIN" : "No",
				"RAMP_PONTOON" : "No",
				"PONTOON_JETTY_NEARBY" : "No"
			}
		},
		{
			"type" : "Feature",
			"geometry" : {
				"type" : "Point",
				"coordinates" : [ 151.7214542704, -32.8338858149 ]
			},
			"properties" : {
				"ASSET_OWNER" : "Port Stephens Council",
				"BOAT_RAMP_ID" : 542,
				"DESCRIPTION" : "Tomago Boat Ramp - Hunter Rv North Arm",
				"CONTACT_NUMBER" : "02 4988 0255",
				"STREET" : "Tomago Road",
				"SUBURB" : "Tomago",
				"WATERWAY" : "Hunter River",
				"STATE" : "NSW",
				"POSTCODE" : 2322,
				"NO_OF_RAMP_LANE" : "2",
				"CAR_TRAILER_SPACE" : "51+",
				"WATERWAY_ACCESS" : "All Times",
				"CONDITION" : "Good",
				"CONSTRUCTION_MATERIAL" : "Concrete",
				"BBQ" : "No",
				"FEE_PAYABLE" : "No",
				"FISH_CLEAN_TABLE" : "Yes",
				"FUEL" : "No",
				"KIOSK" : "No",
				"LIGHTING" : "Yes",
				"TOILET" : "Yes",
				"WASTE_BIN" : "Yes",
				"RAMP_PONTOON" : "Yes",
				"PONTOON_JETTY_NEARBY" : "Yes"
			}
		},
		{
			"type" : "Feature",
			"geometry" : {
				"type" : "Point",
				"coordinates" : [ 151.0891728356, -33.8229580434 ]
			},
			"properties" : {
				"ASSET_OWNER" : "City Of Canada Bay Council",
				"BOAT_RAMP_ID" : 47,
				"DESCRIPTION" : "Blaxland Road Boat Ramp",
				"CONTACT_NUMBER" : "02 9911 6555",
				"STREET" : "Blaxland Road",
				"SUBURB" : "Rhodes",
				"WATERWAY" : "Parramatta River",
				"STATE" : "NSW",
				"POSTCODE" : 2138,
				"NO_OF_RAMP_LANE" : "3",
				"CAR_TRAILER_SPACE" : "11-20",
				"WATERWAY_ACCESS" : "All Times",
				"CONDITION" : "Good",
				"CONSTRUCTION_MATERIAL" : "Concrete",
				"BBQ" : "No",
				"FEE_PAYABLE" : "No",
				"FISH_CLEAN_TABLE" : "No",
				"FUEL" : "No",
				"KIOSK" : "No",
				"LIGHTING" : "Yes",
				"TOILET" : "No",
				"WASTE_BIN" : "No",
				"RAMP_PONTOON" : "Yes",
				"PONTOON_JETTY_NEARBY" : "No"
			}
		},
		{
			"type" : "Feature",
			"geometry" : {
				"type" : "Point",
				"coordinates" : [ 153.1037187049, -30.3756663541 ]
			},
			"properties" : {
				"ASSET_OWNER" : "Coffs Harbour City Council",
				"BOAT_RAMP_ID" : 459,
				"DESCRIPTION" : "Sawtell Beach Ocean Ramp",
				"CONTACT_NUMBER" : "02 6648 4000",
				"STREET" : "Boronia Street",
				"SUBURB" : "Sawtell",
				"WATERWAY" : "Tasman Sea",
				"STATE" : "NSW",
				"POSTCODE" : 2452,
				"NO_OF_RAMP_LANE" : "1",
				"CAR_TRAILER_SPACE" : "11-20",
				"WATERWAY_ACCESS" : "All Times",
				"CONDITION" : "Fair",
				"CONSTRUCTION_MATERIAL" : "Concrete",
				"BBQ" : "No",
				"FEE_PAYABLE" : "No",
				"FISH_CLEAN_TABLE" : "Yes",
				"FUEL" : "No",
				"KIOSK" : "No",
				"LIGHTING" : "Yes",
				"TOILET" : "No",
				"WASTE_BIN" : "Yes",
				"RAMP_PONTOON" : "No",
				"PONTOON_JETTY_NEARBY" : "No"
			}
		},
		{
			"type" : "Feature",
			"geometry" : {
				"type" : "Point",
				"coordinates" : [ 153.2036522512, -30.1097286771 ]
			},
			"properties" : {
				"ASSET_OWNER" : "Coffs Harbour City Council",
				"BOAT_RAMP_ID" : 611,
				"DESCRIPTION" : "Woolgoolga",
				"CONTACT_NUMBER" : "02 6648 4000",
				"STREET" : "Carrington Street",
				"SUBURB" : "Woolgoolga",
				"WATERWAY" : "Tasman Sea",
				"STATE" : "NSW",
				"POSTCODE" : 2456,
				"NO_OF_RAMP_LANE" : "2",
				"CAR_TRAILER_SPACE" : "11-20",
				"WATERWAY_ACCESS" : "All Times",
				"CONDITION" : "Good",
				"CONSTRUCTION_MATERIAL" : "Concrete",
				"BBQ" : "Yes",
				"FEE_PAYABLE" : "No",
				"FISH_CLEAN_TABLE" : "Yes",
				"FUEL" : "No",
				"KIOSK" : "No",
				"LIGHTING" : "No",
				"TOILET" : "Yes",
				"WASTE_BIN" : "Yes",
				"RAMP_PONTOON" : "No",
				"PONTOON_JETTY_NEARBY" : "No"
			}
		},
		{
			"type" : "Feature",
			"geometry" : {
				"type" : "Point",
				"coordinates" : [ 144.9592818071, -35.5192975352 ]
			},
			"properties" : {
				"ASSET_OWNER" : "Edward River Council",
				"BOAT_RAMP_ID" : 346,
				"DESCRIPTION" : "Mcleans Beach, Deniliquin - Edward River",
				"CONTACT_NUMBER" : "03 5898 3000",
				"STREET" : "Butler Street",
				"SUBURB" : "Deniliquin",
				"WATERWAY" : "Edward River",
				"STATE" : "NSW",
				"POSTCODE" : 2710,
				"NO_OF_RAMP_LANE" : "2",
				"CAR_TRAILER_SPACE" : "11-20",
				"WATERWAY_ACCESS" : "Shallow At Times",
				"CONDITION" : "Good",
				"CONSTRUCTION_MATERIAL" : "Concrete",
				"BBQ" : "Yes",
				"FEE_PAYABLE" : "No",
				"FISH_CLEAN_TABLE" : "Yes",
				"FUEL" : "Yes",
				"KIOSK" : "No",
				"LIGHTING" : "Yes",
				"TOILET" : "Yes",
				"WASTE_BIN" : "No",
				"RAMP_PONTOON" : "No",
				"PONTOON_JETTY_NEARBY" : "No"
			}
		},
		{
			"type" : "Feature",
			"geometry" : {
				"type" : "Point",
				"coordinates" : [ 150.1214908614, -36.2192177746 ]
			},
			"properties" : {
				"ASSET_OWNER" : "Eurobodalla Shire Council",
				"BOAT_RAMP_ID" : 526,
				"DESCRIPTION" : "Taylors, Narooma",
				"CONTACT_NUMBER" : "02 4474 1000",
				"STREET" : "Riverside Drive",
				"SUBURB" : "Narooma",
				"WATERWAY" : "Narooma (Wagonga Inlet)",
				"STATE" : "NSW",
				"POSTCODE" : 2546,
				"NO_OF_RAMP_LANE" : "1",
				"CAR_TRAILER_SPACE" : "11-20",
				"WATERWAY_ACCESS" : "All Times",
				"CONDITION" : "Good",
				"CONSTRUCTION_MATERIAL" : "Concrete",
				"BBQ" : "No",
				"FEE_PAYABLE" : "No",
				"FISH_CLEAN_TABLE" : "Yes",
				"FUEL" : "Yes",
				"KIOSK" : "Yes",
				"LIGHTING" : "Yes",
				"TOILET" : "Yes",
				"WASTE_BIN" : "Yes",
				"RAMP_PONTOON" : "No",
				"PONTOON_JETTY_NEARBY" : "Yes"
			}
		},
		{
			"type" : "Feature",
			"geometry" : {
				"type" : "Point",
				"coordinates" : [ 150.0836619997, -35.9081858318 ]
			},
			"properties" : {
				"ASSET_OWNER" : "Eurobodalla Shire Council",
				"BOAT_RAMP_ID" : 550,
				"DESCRIPTION" : "Town Wharf, Moruya River",
				"CONTACT_NUMBER" : "02 4474 1000",
				"STREET" : "Ford Street",
				"SUBURB" : "Moruya",
				"WATERWAY" : "Moruya River",
				"STATE" : "NSW",
				"POSTCODE" : 2537,
				"NO_OF_RAMP_LANE" : "1",
				"CAR_TRAILER_SPACE" : "11-20",
				"WATERWAY_ACCESS" : "Shallow At Times",
				"CONDITION" : "Good",
				"CONSTRUCTION_MATERIAL" : "Concrete",
				"BBQ" : "No",
				"FEE_PAYABLE" : "No",
				"FISH_CLEAN_TABLE" : "Yes",
				"FUEL" : "No",
				"KIOSK" : "Yes",
				"LIGHTING" : "Yes",
				"TOILET" : "Yes",
				"WASTE_BIN" : "Yes",
				"RAMP_PONTOON" : "Yes",
				"PONTOON_JETTY_NEARBY" : "Yes"
			}
		},
		{
			"type" : "Feature",
			"geometry" : {
				"type" : "Point",
				"coordinates" : [ 150.145044905, -35.6492894531 ]
			},
			"properties" : {
				"ASSET_OWNER" : "Eurobodalla Shire Council",
				"BOAT_RAMP_ID" : 157,
				"DESCRIPTION" : "East Bridge Boat Ramp (Thule Road)",
				"CONTACT_NUMBER" : "02 4474 1000",
				"STREET" : "Thule Road",
				"SUBURB" : "Nelligen",
				"WATERWAY" : "Clyde River",
				"STATE" : "NSW",
				"POSTCODE" : 2536,
				"NO_OF_RAMP_LANE" : "1",
				"CAR_TRAILER_SPACE" : "11-20",
				"WATERWAY_ACCESS" : "All Times",
				"CONDITION" : "Fair",
				"CONSTRUCTION_MATERIAL" : "Concrete",
				"BBQ" : "No",
				"FEE_PAYABLE" : "No",
				"FISH_CLEAN_TABLE" : "No",
				"FUEL" : "No",
				"KIOSK" : "No",
				"LIGHTING" : "Yes",
				"TOILET" : "No",
				"WASTE_BIN" : "No",
				"RAMP_PONTOON" : "No",
				"PONTOON_JETTY_NEARBY" : "No"
			}
		},
		{
			"type" : "Feature",
			"geometry" : {
				"type" : "Point",
				"coordinates" : [ 150.1798322994, -35.7012670122 ]
			},
			"properties" : {
				"ASSET_OWNER" : "Eurobodalla Shire Council",
				"BOAT_RAMP_ID" : 389,
				"DESCRIPTION" : "North Bridge, Batemans Bay",
				"CONTACT_NUMBER" : "02 4474 1000",
				"STREET" : "Wray Street",
				"SUBURB" : "Batemans Bay",
				"WATERWAY" : "Clyde River",
				"STATE" : "NSW",
				"POSTCODE" : 2536,
				"NO_OF_RAMP_LANE" : "2",
				"CAR_TRAILER_SPACE" : "11-20",
				"WATERWAY_ACCESS" : "All Times",
				"CONDITION" : "Fair",
				"CONSTRUCTION_MATERIAL" : "Concrete",
				"BBQ" : "No",
				"FEE_PAYABLE" : "No",
				"FISH_CLEAN_TABLE" : "Yes",
				"FUEL" : "No",
				"KIOSK" : "No",
				"LIGHTING" : "Yes",
				"TOILET" : "Yes",
				"WASTE_BIN" : "Yes",
				"RAMP_PONTOON" : "No",
				"PONTOON_JETTY_NEARBY" : "No"
			}
		},
		{
			"type" : "Feature",
			"geometry" : {
				"type" : "Point",
				"coordinates" : [ 150.1320670075, -35.9115884258 ]
			},
			"properties" : {
				"ASSET_OWNER" : "Eurobodalla Shire Council",
				"BOAT_RAMP_ID" : 421,
				"DESCRIPTION" : "Preddys Wharf, Moruya River",
				"CONTACT_NUMBER" : "02 4474 1000",
				"STREET" : "South Head Drive",
				"SUBURB" : "Moruya Heads",
				"WATERWAY" : "Moruya River",
				"STATE" : "NSW",
				"POSTCODE" : 2537,
				"NO_OF_RAMP_LANE" : "2",
				"CAR_TRAILER_SPACE" : "11-20",
				"WATERWAY_ACCESS" : "All Times",
				"CONDITION" : "Good",
				"CONSTRUCTION_MATERIAL" : "Concrete",
				"BBQ" : "No",
				"FEE_PAYABLE" : "No",
				"FISH_CLEAN_TABLE" : "Yes",
				"FUEL" : "No",
				"KIOSK" : "No",
				"LIGHTING" : "Yes",
				"TOILET" : "Yes",
				"WASTE_BIN" : "Yes",
				"RAMP_PONTOON" : "Yes",
				"PONTOON_JETTY_NEARBY" : "Yes"
			}
		},
		{
			"type" : "Feature",
			"geometry" : {
				"type" : "Point",
				"coordinates" : [ 150.1876905647, -35.8312350412 ]
			},
			"properties" : {
				"ASSET_OWNER" : "Eurobodalla Shire Council",
				"BOAT_RAMP_ID" : 543,
				"DESCRIPTION" : "Tomakin, Tomago River",
				"CONTACT_NUMBER" : "02 4474 1000",
				"STREET" : "Via George Bass Drive",
				"SUBURB" : "Tomakin",
				"WATERWAY" : "Tomaga R",
				"STATE" : "NSW",
				"POSTCODE" : 2537,
				"NO_OF_RAMP_LANE" : "1",
				"CAR_TRAILER_SPACE" : "11-20",
				"WATERWAY_ACCESS" : "Shallow At Times",
				"CONDITION" : "Good",
				"CONSTRUCTION_MATERIAL" : "Concrete",
				"BBQ" : "No",
				"FEE_PAYABLE" : "No",
				"FISH_CLEAN_TABLE" : "Yes",
				"FUEL" : "No",
				"KIOSK" : "No",
				"LIGHTING" : "No",
				"TOILET" : "Yes",
				"WASTE_BIN" : "No",
				"RAMP_PONTOON" : "No",
				"PONTOON_JETTY_NEARBY" : "No"
			}
		},
		{
			"type" : "Feature",
			"geometry" : {
				"type" : "Point",
				"coordinates" : [ 150.1260365388, -36.0654803589 ]
			},
			"properties" : {
				"ASSET_OWNER" : "Eurobodalla Shire Council",
				"BOAT_RAMP_ID" : 557,
				"DESCRIPTION" : "Tuross Lake",
				"CONTACT_NUMBER" : "02 4474 1000",
				"STREET" : "Trafalgar Road",
				"SUBURB" : "Tuross",
				"WATERWAY" : "Tuross Lake",
				"STATE" : "NSW",
				"POSTCODE" : 2537,
				"NO_OF_RAMP_LANE" : "2",
				"CAR_TRAILER_SPACE" : "11-20",
				"WATERWAY_ACCESS" : "Shallow At Times",
				"CONDITION" : "Good",
				"CONSTRUCTION_MATERIAL" : "Concrete",
				"BBQ" : "No",
				"FEE_PAYABLE" : "No",
				"FISH_CLEAN_TABLE" : "Yes",
				"FUEL" : "No",
				"KIOSK" : "Yes",
				"LIGHTING" : "No",
				"TOILET" : "Yes",
				"WASTE_BIN" : "Yes",
				"RAMP_PONTOON" : "Yes",
				"PONTOON_JETTY_NEARBY" : "Yes"
			}
		},
		{
			"type" : "Feature",
			"geometry" : {
				"type" : "Point",
				"coordinates" : [ 150.1423134983, -35.6489153099 ]
			},
			"properties" : {
				"ASSET_OWNER" : "Eurobodalla Shire Council",
				"BOAT_RAMP_ID" : 592,
				"DESCRIPTION" : "West Bridge Boat Ramp (Wharf Street)",
				"CONTACT_NUMBER" : "02 4474 1000",
				"STREET" : "Wharf Street",
				"SUBURB" : "Nelligen",
				"WATERWAY" : "Clyde River",
				"STATE" : "NSW",
				"POSTCODE" : 2536,
				"NO_OF_RAMP_LANE" : "2",
				"CAR_TRAILER_SPACE" : "11-20",
				"WATERWAY_ACCESS" : "All Times",
				"CONDITION" : "Good",
				"CONSTRUCTION_MATERIAL" : "Concrete",
				"BBQ" : "No",
				"FEE_PAYABLE" : "No",
				"FISH_CLEAN_TABLE" : "No",
				"FUEL" : "No",
				"KIOSK" : "Yes",
				"LIGHTING" : "Yes",
				"TOILET" : "Yes",
				"WASTE_BIN" : "Yes",
				"RAMP_PONTOON" : "Yes",
				"PONTOON_JETTY_NEARBY" : "Yes"
			}
		},
		{
			"type" : "Feature",
			"geometry" : {
				"type" : "Point",
				"coordinates" : [ 150.9548039147, -33.9011906912 ]
			},
			"properties" : {
				"ASSET_OWNER" : "Fairfield City Council",
				"BOAT_RAMP_ID" : 106,
				"DESCRIPTION" : "Chipping Norton Lake - Bradbury Wharf Boat Ramp (Hoy Park) ",
				"CONTACT_NUMBER" : "02 9725 0222",
				"STREET" : "Silverwater Crescent",
				"SUBURB" : "Lansvale",
				"WATERWAY" : "Chipping Norton Lake / Georges River",
				"STATE" : "NSW",
				"POSTCODE" : 2166,
				"NO_OF_RAMP_LANE" : "1",
				"CAR_TRAILER_SPACE" : "20-34",
				"WATERWAY_ACCESS" : "Shallow At Times",
				"CONDITION" : "Good",
				"CONSTRUCTION_MATERIAL" : "Concrete",
				"BBQ" : "No",
				"FEE_PAYABLE" : "No",
				"FISH_CLEAN_TABLE" : "No",
				"FUEL" : "No",
				"KIOSK" : "No",
				"LIGHTING" : "Yes",
				"TOILET" : "No",
				"WASTE_BIN" : "No",
				"RAMP_PONTOON" : "No",
				"PONTOON_JETTY_NEARBY" : "Yes"
			}
		},
		{
			"type" : "Feature",
			"geometry" : {
				"type" : "Point",
				"coordinates" : [ 150.9581353726, -33.8990895539 ]
			},
			"properties" : {
				"ASSET_OWNER" : "Fairfield City Council",
				"BOAT_RAMP_ID" : 107,
				"DESCRIPTION" : "Chipping Norton Lake, Lansvale",
				"CONTACT_NUMBER" : "02 9725 0222",
				"STREET" : "Cutler Road",
				"SUBURB" : "Lansvale",
				"WATERWAY" : "Chipping Norton Lake / Georges River",
				"STATE" : "NSW",
				"POSTCODE" : 2166,
				"NO_OF_RAMP_LANE" : "1",
				"CAR_TRAILER_SPACE" : "11-20",
				"WATERWAY_ACCESS" : "All Times",
				"CONDITION" : "Good",
				"CONSTRUCTION_MATERIAL" : "Concrete",
				"BBQ" : "No",
				"FEE_PAYABLE" : "No",
				"FISH_CLEAN_TABLE" : "No",
				"FUEL" : "No",
				"KIOSK" : "No",
				"LIGHTING" : "Yes",
				"TOILET" : "No",
				"WASTE_BIN" : "Yes",
				"RAMP_PONTOON" : "No",
				"PONTOON_JETTY_NEARBY" : "Yes"
			}
		},
		{
			"type" : "Feature",
			"geometry" : {
				"type" : "Point",
				"coordinates" : [ 147.9866781827, -33.3827919711 ]
			},
			"properties" : {
				"ASSET_OWNER" : "Forbes Shire Council",
				"BOAT_RAMP_ID" : 190,
				"DESCRIPTION" : "Forbes Aquatic Area",
				"CONTACT_NUMBER" : "02 6850 2300",
				"STREET" : "Bedgerebong Road",
				"SUBURB" : "Forbes",
				"WATERWAY" : "Forbes Aquatic Area",
				"STATE" : "NSW",
				"POSTCODE" : 2871,
				"NO_OF_RAMP_LANE" : "1",
				"CAR_TRAILER_SPACE" : "11-20",
				"WATERWAY_ACCESS" : "Shallow At Times",
				"CONDITION" : "Good",
				"CONSTRUCTION_MATERIAL" : "Concrete",
				"BBQ" : "No",
				"FEE_PAYABLE" : "No",
				"FISH_CLEAN_TABLE" : "No",
				"FUEL" : "No",
				"KIOSK" : "No",
				"LIGHTING" : "No",
				"TOILET" : "Yes",
				"WASTE_BIN" : "Yes",
				"RAMP_PONTOON" : "No",
				"PONTOON_JETTY_NEARBY" : "No"
			}
		},
		{
			"type" : "Feature",
			"geometry" : {
				"type" : "Point",
				"coordinates" : [ 148.8182961674, -34.9251922882 ]
			},
			"properties" : {
				"ASSET_OWNER" : "Hume Park Tourist Resort",
				"BOAT_RAMP_ID" : 239,
				"DESCRIPTION" : "Hume Park Tourist Resort Boat Ramp,\nLake Burrinjuck",
				"CONTACT_NUMBER" : "04 3757 2634",
				"STREET" : "Hume Park Road",
				"SUBURB" : "Good Hope",
				"WATERWAY" : "Lake Burrinjuck / Murrumbidgee River",
				"STATE" : "NSW",
				"POSTCODE" : 2582,
				"NO_OF_RAMP_LANE" : "1",
				"CAR_TRAILER_SPACE" : "11-20",
				"WATERWAY_ACCESS" : "All Times",
				"CONDITION" : "Good",
				"CONSTRUCTION_MATERIAL" : "Concrete",
				"BBQ" : "No",
				"FEE_PAYABLE" : "Yes",
				"FISH_CLEAN_TABLE" : "No",
				"FUEL" : "No",
				"KIOSK" : "Yes",
				"LIGHTING" : "No",
				"TOILET" : "Yes",
				"WASTE_BIN" : "Yes",
				"RAMP_PONTOON" : "No",
				"PONTOON_JETTY_NEARBY" : "No"
			}
		},
		{
			"type" : "Feature",
			"geometry" : {
				"type" : "Point",
				"coordinates" : [ 151.1170065478, -33.9942322706 ]
			},
			"properties" : {
				"ASSET_OWNER" : "Georges River Council",
				"BOAT_RAMP_ID" : 151,
				"DESCRIPTION" : "Dover Park (Blakehurst) Boat Ramp",
				"CONTACT_NUMBER" : "02 9330 6400",
				"STREET" : "Princes Highway",
				"SUBURB" : "Blakehurst",
				"WATERWAY" : "Georges River",
				"STATE" : "NSW",
				"POSTCODE" : 2221,
				"NO_OF_RAMP_LANE" : "2",
				"CAR_TRAILER_SPACE" : "11-20",
				"WATERWAY_ACCESS" : "All Times",
				"CONDITION" : "Good",
				"CONSTRUCTION_MATERIAL" : "Concrete",
				"BBQ" : "No",
				"FEE_PAYABLE" : "No",
				"FISH_CLEAN_TABLE" : "No",
				"FUEL" : "No",
				"KIOSK" : "No",
				"LIGHTING" : "No",
				"TOILET" : "Yes",
				"WASTE_BIN" : "Yes",
				"RAMP_PONTOON" : "Yes",
				"PONTOON_JETTY_NEARBY" : "Yes"
			}
		},
		{
			"type" : "Feature",
			"geometry" : {
				"type" : "Point",
				"coordinates" : [ 151.5893055428, -33.0719501062 ]
			},
			"properties" : {
				"ASSET_OWNER" : "Lake Macquarie City Council",
				"BOAT_RAMP_ID" : 575,
				"DESCRIPTION" : "Dobell Memorial Park Boat Ramp",
				"CONTACT_NUMBER" : "02 4921 0333",
				"STREET" : "Dobell Drive",
				"SUBURB" : "Wangi Wangi",
				"WATERWAY" : "Lake Macquarie",
				"STATE" : "NSW",
				"POSTCODE" : 2267,
				"NO_OF_RAMP_LANE" : "2",
				"CAR_TRAILER_SPACE" : "11-20",
				"WATERWAY_ACCESS" : "All Times",
				"CONDITION" : "Good",
				"CONSTRUCTION_MATERIAL" : "Concrete",
				"BBQ" : "Yes",
				"FEE_PAYABLE" : "No",
				"FISH_CLEAN_TABLE" : "Yes",
				"FUEL" : "No",
				"KIOSK" : "No",
				"LIGHTING" : "Yes",
				"TOILET" : "Yes",
				"WASTE_BIN" : "Yes",
				"RAMP_PONTOON" : "No",
				"PONTOON_JETTY_NEARBY" : "Yes"
			}
		},
		{
			"type" : "Feature",
			"geometry" : {
				"type" : "Point",
				"coordinates" : [ 150.9528514207, -33.9061359643 ]
			},
			"properties" : {
				"ASSET_OWNER" : "Liverpool City Council",
				"BOAT_RAMP_ID" : 108,
				"DESCRIPTION" : "Chipping Norton Lake - Angle Park Boat Ramp",
				"CONTACT_NUMBER" : "1300 362 170",
				"STREET" : "Ascot Drive",
				"SUBURB" : "Chipping Norton",
				"WATERWAY" : "Chipping Norton Lake / Georges River",
				"STATE" : "NSW",
				"POSTCODE" : 2170,
				"NO_OF_RAMP_LANE" : "2",
				"CAR_TRAILER_SPACE" : "11-20",
				"WATERWAY_ACCESS" : "All Times",
				"CONDITION" : "Good",
				"CONSTRUCTION_MATERIAL" : "Concrete",
				"BBQ" : "Yes",
				"FEE_PAYABLE" : "No",
				"FISH_CLEAN_TABLE" : "No",
				"FUEL" : "No",
				"KIOSK" : "No",
				"LIGHTING" : "Yes",
				"TOILET" : "Yes",
				"WASTE_BIN" : "No",
				"RAMP_PONTOON" : "No",
				"PONTOON_JETTY_NEARBY" : "Yes"
			}
		},
		{
			"type" : "Feature",
			"geometry" : {
				"type" : "Point",
				"coordinates" : [ 150.9683079225, -33.9305660944 ]
			},
			"properties" : {
				"ASSET_OWNER" : "Liverpool City Council",
				"BOAT_RAMP_ID" : 362,
				"DESCRIPTION" : "Davy Robinson Reserve Boat Ramp ",
				"CONTACT_NUMBER" : "1300 362 170",
				"STREET" : "Davy Robinson Drive",
				"SUBURB" : "Moorebank",
				"WATERWAY" : "Georges River",
				"STATE" : "NSW",
				"POSTCODE" : 2170,
				"NO_OF_RAMP_LANE" : "2",
				"CAR_TRAILER_SPACE" : "11-20",
				"WATERWAY_ACCESS" : "All Times",
				"CONDITION" : "Good",
				"CONSTRUCTION_MATERIAL" : "Concrete",
				"BBQ" : "No",
				"FEE_PAYABLE" : "No",
				"FISH_CLEAN_TABLE" : "No",
				"FUEL" : "No",
				"KIOSK" : "No",
				"LIGHTING" : "Yes",
				"TOILET" : "Yes",
				"WASTE_BIN" : "Yes",
				"RAMP_PONTOON" : "Yes",
				"PONTOON_JETTY_NEARBY" : "Yes"
			}
		},
		{
			"type" : "Feature",
			"geometry" : {
				"type" : "Point",
				"coordinates" : [ 151.5271007867, -33.1518287968 ]
			},
			"properties" : {
				"ASSET_OWNER" : "Wyee Point Marina",
				"BOAT_RAMP_ID" : 621,
				"DESCRIPTION" : "Wyee Point Marina Boat Ramp",
				"CONTACT_NUMBER" : "02 4359 1800",
				"STREET" : "Ruttleys Road ",
				"SUBURB" : "Wyee Point",
				"WATERWAY" : "Lake Macquarie",
				"STATE" : "NSW",
				"POSTCODE" : 2259,
				"NO_OF_RAMP_LANE" : "1",
				"CAR_TRAILER_SPACE" : "11-20",
				"WATERWAY_ACCESS" : "All Times",
				"CONDITION" : "Good",
				"CONSTRUCTION_MATERIAL" : "Concrete",
				"BBQ" : "No",
				"FEE_PAYABLE" : "Yes",
				"FISH_CLEAN_TABLE" : "No",
				"FUEL" : "Yes",
				"KIOSK" : "No",
				"LIGHTING" : "No",
				"TOILET" : "No",
				"WASTE_BIN" : "No",
				"RAMP_PONTOON" : "No",
				"PONTOON_JETTY_NEARBY" : "Yes"
			}
		},
		{
			"type" : "Feature",
			"geometry" : {
				"type" : "Point",
				"coordinates" : [ 142.173867594, -34.1841321814 ]
			},
			"properties" : {
				"ASSET_OWNER" : "Mildura Rural City Council",
				"BOAT_RAMP_ID" : 351,
				"DESCRIPTION" : "Mildura Boat Ramp - Murray River (VIC)",
				"CONTACT_NUMBER" : "03 5018 8100",
				"STREET" : "Hugh King Drive",
				"SUBURB" : "Mildura",
				"WATERWAY" : "Murray River",
				"STATE" : "VIC",
				"POSTCODE" : 3500,
				"NO_OF_RAMP_LANE" : "2",
				"CAR_TRAILER_SPACE" : "11-20",
				"WATERWAY_ACCESS" : "All Times",
				"CONDITION" : "Good",
				"CONSTRUCTION_MATERIAL" : "Concrete",
				"BBQ" : "No",
				"FEE_PAYABLE" : "No",
				"FISH_CLEAN_TABLE" : "No",
				"FUEL" : "No",
				"KIOSK" : "No",
				"LIGHTING" : "No",
				"TOILET" : "No",
				"WASTE_BIN" : "Yes",
				"RAMP_PONTOON" : "No",
				"PONTOON_JETTY_NEARBY" : "No"
			}
		},
		{
			"type" : "Feature",
			"geometry" : {
				"type" : "Point",
				"coordinates" : [ 142.2285910088, -34.2038970264 ]
			},
			"properties" : {
				"ASSET_OWNER" : "Parks Victoria",
				"BOAT_RAMP_ID" : 74,
				"DESCRIPTION" : "Bruces Bend Nichols Point - Murray River Vic",
				"CONTACT_NUMBER" : "13 19 63",
				"STREET" : "Billabong Road",
				"SUBURB" : "Nichols Point",
				"WATERWAY" : "Murray River",
				"STATE" : "VIC",
				"POSTCODE" : 3501,
				"NO_OF_RAMP_LANE" : "1",
				"CAR_TRAILER_SPACE" : "11-20",
				"WATERWAY_ACCESS" : "All Times",
				"CONDITION" : "Good",
				"CONSTRUCTION_MATERIAL" : "Concrete",
				"BBQ" : "No",
				"FEE_PAYABLE" : "No",
				"FISH_CLEAN_TABLE" : "No",
				"FUEL" : "No",
				"KIOSK" : "No",
				"LIGHTING" : "No",
				"TOILET" : "No",
				"WASTE_BIN" : "Yes",
				"RAMP_PONTOON" : "No",
				"PONTOON_JETTY_NEARBY" : "No"
			}
		},
		{
			"type" : "Feature",
			"geometry" : {
				"type" : "Point",
				"coordinates" : [ 144.6036110482, -36.0423460346 ]
			},
			"properties" : {
				"ASSET_OWNER" : "Parks Victoria",
				"BOAT_RAMP_ID" : 176,
				"DESCRIPTION" : "Farleys Road",
				"CONTACT_NUMBER" : "13 19 63",
				"STREET" : "Farleys Road",
				"SUBURB" : "Torrumbarry",
				"WATERWAY" : "Murray River",
				"STATE" : "VIC",
				"POSTCODE" : 3526,
				"NO_OF_RAMP_LANE" : "1",
				"CAR_TRAILER_SPACE" : "11-20",
				"WATERWAY_ACCESS" : "All Times",
				"CONDITION" : "Poor",
				"CONSTRUCTION_MATERIAL" : "Unsealed",
				"BBQ" : "No",
				"FEE_PAYABLE" : "No",
				"FISH_CLEAN_TABLE" : "No",
				"FUEL" : "No",
				"KIOSK" : "No",
				"LIGHTING" : "No",
				"TOILET" : "No",
				"WASTE_BIN" : "No",
				"RAMP_PONTOON" : "No",
				"PONTOON_JETTY_NEARBY" : "No"
			}
		},
		{
			"type" : "Feature",
			"geometry" : {
				"type" : "Point",
				"coordinates" : [ 147.9317116041, -36.0457205203 ]
			},
			"properties" : {
				"ASSET_OWNER" : "Parks Victoria",
				"BOAT_RAMP_ID" : 540,
				"DESCRIPTION" : "Tintaldra Reserve",
				"CONTACT_NUMBER" : "13 19 63",
				"STREET" : "Back Tintaldra Road",
				"SUBURB" : "Tintaldra",
				"WATERWAY" : "Murray River",
				"STATE" : "VIC",
				"POSTCODE" : 3708,
				"NO_OF_RAMP_LANE" : "1",
				"CAR_TRAILER_SPACE" : "11-20",
				"WATERWAY_ACCESS" : "Shallow At Times",
				"CONDITION" : "Poor",
				"CONSTRUCTION_MATERIAL" : "Unsealed",
				"BBQ" : "No",
				"FEE_PAYABLE" : "No",
				"FISH_CLEAN_TABLE" : "No",
				"FUEL" : "No",
				"KIOSK" : "No",
				"LIGHTING" : "No",
				"TOILET" : "No",
				"WASTE_BIN" : "No",
				"RAMP_PONTOON" : "No",
				"PONTOON_JETTY_NEARBY" : "No"
			}
		},
		{
			"type" : "Feature",
			"geometry" : {
				"type" : "Point",
				"coordinates" : [ 144.4672347822, -35.9467689252 ]
			},
			"properties" : {
				"ASSET_OWNER" : "Parks Victoria",
				"BOAT_RAMP_ID" : 549,
				"DESCRIPTION" : "Torrumbarry - Upstream Of Weir",
				"CONTACT_NUMBER" : "13 19 63",
				"STREET" : "Weir Road",
				"SUBURB" : "Torrumbarry",
				"WATERWAY" : "Murray River",
				"STATE" : "VIC",
				"POSTCODE" : 3526,
				"NO_OF_RAMP_LANE" : "2",
				"CAR_TRAILER_SPACE" : "11-20",
				"WATERWAY_ACCESS" : "All Times",
				"CONDITION" : "Good",
				"CONSTRUCTION_MATERIAL" : "Concrete",
				"BBQ" : "No",
				"FEE_PAYABLE" : "No",
				"FISH_CLEAN_TABLE" : "No",
				"FUEL" : "No",
				"KIOSK" : "No",
				"LIGHTING" : "No",
				"TOILET" : "No",
				"WASTE_BIN" : "No",
				"RAMP_PONTOON" : "No",
				"PONTOON_JETTY_NEARBY" : "No"
			}
		},
		{
			"type" : "Feature",
			"geometry" : {
				"type" : "Point",
				"coordinates" : [ 151.3176130554, -33.6029820966 ]
			},
			"properties" : {
				"ASSET_OWNER" : "Northern Beaches Council",
				"BOAT_RAMP_ID" : 452,
				"DESCRIPTION" : "Sand Point Boat Ramp",
				"CONTACT_NUMBER" : "1300 434 434",
				"STREET" : "Sand Point Lane",
				"SUBURB" : "Palm Beach",
				"WATERWAY" : "Pittwater  ",
				"STATE" : "NSW",
				"POSTCODE" : 2108,
				"NO_OF_RAMP_LANE" : "2",
				"CAR_TRAILER_SPACE" : "11-20",
				"WATERWAY_ACCESS" : "All Times",
				"CONDITION" : "Fair",
				"CONSTRUCTION_MATERIAL" : "Bitumen",
				"BBQ" : "No",
				"FEE_PAYABLE" : "No",
				"FISH_CLEAN_TABLE" : "No",
				"FUEL" : "No",
				"KIOSK" : "No",
				"LIGHTING" : "No",
				"TOILET" : "Yes",
				"WASTE_BIN" : "No",
				"RAMP_PONTOON" : "No",
				"PONTOON_JETTY_NEARBY" : "No"
			}
		},
		{
			"type" : "Feature",
			"geometry" : {
				"type" : "Point",
				"coordinates" : [ 152.0400585093, -32.7299083507 ]
			},
			"properties" : {
				"ASSET_OWNER" : "Port Stephens Council",
				"BOAT_RAMP_ID" : 234,
				"DESCRIPTION" : "Henderson Park (Lemon Tree Passage) Boat Ramp",
				"CONTACT_NUMBER" : "02 4988 0255",
				"STREET" : "Cook Parade",
				"SUBURB" : "Lemon Tree Passage",
				"WATERWAY" : "Lemon Tree Passage, Port Stephens",
				"STATE" : "NSW",
				"POSTCODE" : 2319,
				"NO_OF_RAMP_LANE" : "2",
				"CAR_TRAILER_SPACE" : "51+",
				"WATERWAY_ACCESS" : "All Times",
				"CONDITION" : "Good",
				"CONSTRUCTION_MATERIAL" : "Concrete",
				"BBQ" : "Yes",
				"FEE_PAYABLE" : "No",
				"FISH_CLEAN_TABLE" : "Yes",
				"FUEL" : "No",
				"KIOSK" : "Yes",
				"LIGHTING" : "Yes",
				"TOILET" : "Yes",
				"WASTE_BIN" : "Yes",
				"RAMP_PONTOON" : "Yes",
				"PONTOON_JETTY_NEARBY" : "Yes"
			}
		},
		{
			"type" : "Feature",
			"geometry" : {
				"type" : "Point",
				"coordinates" : [ 151.9670402123, -32.6529331919 ]
			},
			"properties" : {
				"ASSET_OWNER" : "Port Stephens Council",
				"BOAT_RAMP_ID" : 258,
				"DESCRIPTION" : "Karuah Boat Ramp",
				"CONTACT_NUMBER" : "02 4988 0255",
				"STREET" : "Memorial Drive",
				"SUBURB" : "Karuah",
				"WATERWAY" : "Karuah River",
				"STATE" : "NSW",
				"POSTCODE" : 2324,
				"NO_OF_RAMP_LANE" : "2",
				"CAR_TRAILER_SPACE" : "0-10",
				"WATERWAY_ACCESS" : "All Times",
				"CONDITION" : "Good",
				"CONSTRUCTION_MATERIAL" : "Concrete",
				"BBQ" : "No",
				"FEE_PAYABLE" : "No",
				"FISH_CLEAN_TABLE" : "Yes",
				"FUEL" : "No",
				"KIOSK" : "No",
				"LIGHTING" : "No",
				"TOILET" : "No",
				"WASTE_BIN" : "Yes",
				"RAMP_PONTOON" : "Yes",
				"PONTOON_JETTY_NEARBY" : "Yes"
			}
		},
		{
			"type" : "Feature",
			"geometry" : {
				"type" : "Point",
				"coordinates" : [ 152.1785231316, -32.7218682125 ]
			},
			"properties" : {
				"ASSET_OWNER" : "Port Stephens Council",
				"BOAT_RAMP_ID" : 471,
				"DESCRIPTION" : "Shoal Bay Boat Ramp",
				"CONTACT_NUMBER" : "02 4988 0255",
				"STREET" : "Shoal Bay Road",
				"SUBURB" : "Shoal Bay",
				"WATERWAY" : "Port Stephens",
				"STATE" : "NSW",
				"POSTCODE" : 2315,
				"NO_OF_RAMP_LANE" : "2",
				"CAR_TRAILER_SPACE" : "21-50",
				"WATERWAY_ACCESS" : "Shallow At Times",
				"CONDITION" : "Good",
				"CONSTRUCTION_MATERIAL" : "Concrete",
				"BBQ" : "Yes",
				"FEE_PAYABLE" : "No",
				"FISH_CLEAN_TABLE" : "Yes",
				"FUEL" : "No",
				"KIOSK" : "No",
				"LIGHTING" : "Yes",
				"TOILET" : "Yes",
				"WASTE_BIN" : "Yes",
				"RAMP_PONTOON" : "No",
				"PONTOON_JETTY_NEARBY" : "No"
			}
		},
		{
			"type" : "Feature",
			"geometry" : {
				"type" : "Point",
				"coordinates" : [ 152.0622204265, -32.6993374948 ]
			},
			"properties" : {
				"ASSET_OWNER" : "Port Stephens Council",
				"BOAT_RAMP_ID" : 485,
				"DESCRIPTION" : "Soldiers Point Boat Ramp",
				"CONTACT_NUMBER" : "02 4988 0255",
				"STREET" : "Mitchell Street",
				"SUBURB" : "Soldiers Point",
				"WATERWAY" : "Port Stephens",
				"STATE" : "NSW",
				"POSTCODE" : 2317,
				"NO_OF_RAMP_LANE" : "3",
				"CAR_TRAILER_SPACE" : "51+",
				"WATERWAY_ACCESS" : "All Times",
				"CONDITION" : "Good",
				"CONSTRUCTION_MATERIAL" : "Concrete",
				"BBQ" : "No",
				"FEE_PAYABLE" : "No",
				"FISH_CLEAN_TABLE" : "Yes",
				"FUEL" : "No",
				"KIOSK" : "No",
				"LIGHTING" : "Yes",
				"TOILET" : "Yes",
				"WASTE_BIN" : "Yes",
				"RAMP_PONTOON" : "Yes",
				"PONTOON_JETTY_NEARBY" : "No"
			}
		},
		{
			"type" : "Feature",
			"geometry" : {
				"type" : "Point",
				"coordinates" : [ 151.5957239643, -33.0102781143 ]
			},
			"properties" : {
				"ASSET_OWNER" : "Royal Motor Yacht Club Toronto",
				"BOAT_RAMP_ID" : 444,
				"DESCRIPTION" : "Royal Motor Yacht Club Toronto",
				"CONTACT_NUMBER" : "02 4959 2051",
				"STREET" : "Bath Street",
				"SUBURB" : "Toronto",
				"WATERWAY" : "Lake Macquarie",
				"STATE" : "NSW",
				"POSTCODE" : 2283,
				"NO_OF_RAMP_LANE" : "1",
				"CAR_TRAILER_SPACE" : "11-20",
				"WATERWAY_ACCESS" : "All Times",
				"CONDITION" : "Good",
				"CONSTRUCTION_MATERIAL" : "Concrete",
				"BBQ" : "No",
				"FEE_PAYABLE" : "No",
				"FISH_CLEAN_TABLE" : "No",
				"FUEL" : "No",
				"KIOSK" : "Yes",
				"LIGHTING" : "Yes",
				"TOILET" : "No",
				"WASTE_BIN" : "Yes",
				"RAMP_PONTOON" : "Yes",
				"PONTOON_JETTY_NEARBY" : "Yes"
			}
		},
		{
			"type" : "Feature",
			"geometry" : {
				"type" : "Point",
				"coordinates" : [ 150.8696671164, -34.5351004118 ]
			},
			"properties" : {
				"ASSET_OWNER" : "Wollongong City Council",
				"BOAT_RAMP_ID" : 290,
				"DESCRIPTION" : "Lake Illawarra - Windang Near Windang Bridge",
				"CONTACT_NUMBER" : "02 4227 7111",
				"STREET" : "Fern Street",
				"SUBURB" : "Windang",
				"WATERWAY" : "Lake Illawarra",
				"STATE" : "NSW",
				"POSTCODE" : 2528,
				"NO_OF_RAMP_LANE" : "2",
				"CAR_TRAILER_SPACE" : "11-20",
				"WATERWAY_ACCESS" : "Shallow At Times",
				"CONDITION" : "Good",
				"CONSTRUCTION_MATERIAL" : "Concrete",
				"BBQ" : "Yes",
				"FEE_PAYABLE" : "No",
				"FISH_CLEAN_TABLE" : "Yes",
				"FUEL" : "No",
				"KIOSK" : "No",
				"LIGHTING" : "Yes",
				"TOILET" : "Yes",
				"WASTE_BIN" : "Yes",
				"RAMP_PONTOON" : "Yes",
				"PONTOON_JETTY_NEARBY" : "Yes"
			}
		},
		{
			"type" : "Feature",
			"geometry" : {
				"type" : "Point",
				"coordinates" : [ 144.7771270698, -36.1300281569 ]
			},
			"properties" : {
				"ASSET_OWNER" : "Shire Of Campaspe",
				"BOAT_RAMP_ID" : 159,
				"DESCRIPTION" : "Echuca East Boat Ramp",
				"CONTACT_NUMBER" : "03 5481 2200",
				"STREET" : "Goulburn Road",
				"SUBURB" : "Echuca East",
				"WATERWAY" : "Murray River",
				"STATE" : "VIC",
				"POSTCODE" : 3564,
				"NO_OF_RAMP_LANE" : "1",
				"CAR_TRAILER_SPACE" : "11-20",
				"WATERWAY_ACCESS" : "All Times",
				"CONDITION" : "Good",
				"CONSTRUCTION_MATERIAL" : "Concrete",
				"BBQ" : "No",
				"FEE_PAYABLE" : "No",
				"FISH_CLEAN_TABLE" : "No",
				"FUEL" : "No",
				"KIOSK" : "No",
				"LIGHTING" : "No",
				"TOILET" : "No",
				"WASTE_BIN" : "No",
				"RAMP_PONTOON" : "No",
				"PONTOON_JETTY_NEARBY" : "No"
			}
		},
		{
			"type" : "Feature",
			"geometry" : {
				"type" : "Point",
				"coordinates" : [ 148.6325842715, -36.3184461322 ]
			},
			"properties" : {
				"ASSET_OWNER" : "Snowy  Hydro",
				"BOAT_RAMP_ID" : 256,
				"DESCRIPTION" : "Kalkite Waters Access Point, Lake Jindabyne",
				"CONTACT_NUMBER" : "02 6453 2888",
				"STREET" : "Kalkite Road",
				"SUBURB" : "Kalkite",
				"WATERWAY" : "Lake Jindabyne",
				"STATE" : "NSW",
				"POSTCODE" : 2627,
				"NO_OF_RAMP_LANE" : "1",
				"CAR_TRAILER_SPACE" : "11-20",
				"WATERWAY_ACCESS" : "All Times",
				"CONDITION" : "Good",
				"CONSTRUCTION_MATERIAL" : "Unsealed",
				"BBQ" : "No",
				"FEE_PAYABLE" : "No",
				"FISH_CLEAN_TABLE" : "No",
				"FUEL" : "No",
				"KIOSK" : "No",
				"LIGHTING" : "No",
				"TOILET" : "Yes",
				"WASTE_BIN" : "No",
				"RAMP_PONTOON" : "No",
				"PONTOON_JETTY_NEARBY" : "No"
			}
		},
		{
			"type" : "Feature",
			"geometry" : {
				"type" : "Point",
				"coordinates" : [ 148.3067078561, -35.6275516636 ]
			},
			"properties" : {
				"ASSET_OWNER" : "Snowy  Hydro",
				"BOAT_RAMP_ID" : 515,
				"DESCRIPTION" : "Talbingo Dam",
				"CONTACT_NUMBER" : "02 6453 2888",
				"STREET" : "Talbingo",
				"SUBURB" : "Talbingo",
				"WATERWAY" : "Talbingo Reservoir",
				"STATE" : "NSW",
				"POSTCODE" : 2720,
				"NO_OF_RAMP_LANE" : "2",
				"CAR_TRAILER_SPACE" : "11-20",
				"WATERWAY_ACCESS" : "All Times",
				"CONDITION" : "Good",
				"CONSTRUCTION_MATERIAL" : "Concrete",
				"BBQ" : "Yes",
				"FEE_PAYABLE" : "No",
				"FISH_CLEAN_TABLE" : "No",
				"FUEL" : "No",
				"KIOSK" : "No",
				"LIGHTING" : "No",
				"TOILET" : "Yes",
				"WASTE_BIN" : "No",
				"RAMP_PONTOON" : "No",
				"PONTOON_JETTY_NEARBY" : "No"
			}
		},
		{
			"type" : "Feature",
			"geometry" : {
				"type" : "Point",
				"coordinates" : [ 148.365974944, -35.8215282889 ]
			},
			"properties" : {
				"ASSET_OWNER" : "Snowy  Hydro",
				"BOAT_RAMP_ID" : 516,
				"DESCRIPTION" : "Talbingo Dam",
				"CONTACT_NUMBER" : "02 6453 2888",
				"STREET" : "Elliot Way",
				"SUBURB" : "Tumbarumba",
				"WATERWAY" : "Talbingo Reservoir",
				"STATE" : "NSW",
				"POSTCODE" : 2653,
				"NO_OF_RAMP_LANE" : "2",
				"CAR_TRAILER_SPACE" : "11-20",
				"WATERWAY_ACCESS" : "Shallow At Times",
				"CONDITION" : "Poor",
				"CONSTRUCTION_MATERIAL" : "Unsealed",
				"BBQ" : "Yes",
				"FEE_PAYABLE" : "No",
				"FISH_CLEAN_TABLE" : "No",
				"FUEL" : "No",
				"KIOSK" : "No",
				"LIGHTING" : "No",
				"TOILET" : "Yes",
				"WASTE_BIN" : "No",
				"RAMP_PONTOON" : "No",
				"PONTOON_JETTY_NEARBY" : "No"
			}
		},
		{
			"type" : "Feature",
			"geometry" : {
				"type" : "Point",
				"coordinates" : [ 151.4542275777, -32.3322489837 ]
			},
			"properties" : {
				"ASSET_OWNER" : "State Water Corporation",
				"BOAT_RAMP_ID" : 328,
				"DESCRIPTION" : "Lostock Dam",
				"CONTACT_NUMBER" : "1300 662 077",
				"STREET" : "Paterson River Road",
				"SUBURB" : "East Gresford",
				"WATERWAY" : "Lostock Dam",
				"STATE" : "NSW",
				"POSTCODE" : 2311,
				"NO_OF_RAMP_LANE" : "1",
				"CAR_TRAILER_SPACE" : "11-20",
				"WATERWAY_ACCESS" : "Shallow At Times",
				"CONDITION" : "Poor",
				"CONSTRUCTION_MATERIAL" : "Sand",
				"BBQ" : "Yes",
				"FEE_PAYABLE" : "No",
				"FISH_CLEAN_TABLE" : "No",
				"FUEL" : "No",
				"KIOSK" : "Yes",
				"LIGHTING" : "No",
				"TOILET" : "Yes",
				"WASTE_BIN" : "Yes",
				"RAMP_PONTOON" : "No",
				"PONTOON_JETTY_NEARBY" : "No"
			}
		},
		{
			"type" : "Feature",
			"geometry" : {
				"type" : "Point",
				"coordinates" : [ 153.5318507432, -28.1867038074 ]
			},
			"properties" : {
				"ASSET_OWNER" : "Tweed Shire Council",
				"BOAT_RAMP_ID" : 262,
				"DESCRIPTION" : "Kennedy Drive Boat Ramp (Ray Pascoe Park)",
				"CONTACT_NUMBER" : "02 6670 2400",
				"STREET" : "Kennedy Drive",
				"SUBURB" : "Tweed Heads",
				"WATERWAY" : "Terranora Creek",
				"STATE" : "NSW",
				"POSTCODE" : 2485,
				"NO_OF_RAMP_LANE" : "2",
				"CAR_TRAILER_SPACE" : "11-20",
				"WATERWAY_ACCESS" : "All Times",
				"CONDITION" : "Good",
				"CONSTRUCTION_MATERIAL" : "Concrete",
				"BBQ" : "Yes",
				"FEE_PAYABLE" : "No",
				"FISH_CLEAN_TABLE" : "Yes",
				"FUEL" : "No",
				"KIOSK" : "No",
				"LIGHTING" : "Yes",
				"TOILET" : "Yes",
				"WASTE_BIN" : "Yes",
				"RAMP_PONTOON" : "No",
				"PONTOON_JETTY_NEARBY" : "Yes"
			}
		},
		{
			"type" : "Feature",
			"geometry" : {
				"type" : "Point",
				"coordinates" : [ 150.4419743164, -35.3672188981 ]
			},
			"properties" : {
				"ASSET_OWNER" : "Ulladulla Water Ski Club",
				"BOAT_RAMP_ID" : 270,
				"DESCRIPTION" : "Kings Point (Water Ski Club), Burrill Lake",
				"CONTACT_NUMBER" : " 0419 215 898",
				"STREET" : "Kings Point Drive",
				"SUBURB" : "Kings Point",
				"WATERWAY" : "Burrill Lake",
				"STATE" : "NSW",
				"POSTCODE" : 2535,
				"NO_OF_RAMP_LANE" : "2",
				"CAR_TRAILER_SPACE" : "11-20",
				"WATERWAY_ACCESS" : "All Times",
				"CONDITION" : "Good",
				"CONSTRUCTION_MATERIAL" : "Concrete",
				"BBQ" : "No",
				"FEE_PAYABLE" : "Yes",
				"FISH_CLEAN_TABLE" : "No",
				"FUEL" : "No",
				"KIOSK" : "No",
				"LIGHTING" : "No",
				"TOILET" : "Yes",
				"WASTE_BIN" : "Yes",
				"RAMP_PONTOON" : "No",
				"PONTOON_JETTY_NEARBY" : "No"
			}
		},
		{
			"type" : "Feature",
			"geometry" : {
				"type" : "Point",
				"coordinates" : [ 151.0121407883, -32.1073565994 ]
			},
			"properties" : {
				"ASSET_OWNER" : "Upper Hunter Shire Council",
				"BOAT_RAMP_ID" : 283,
				"DESCRIPTION" : "Lake Glenbawn - Upper Hunter River",
				"CONTACT_NUMBER" : "02 6540 1100",
				"STREET" : "Eastern Foreshore Drive",
				"SUBURB" : "Glenbawn",
				"WATERWAY" : "Lake Glenbawn",
				"STATE" : "NSW",
				"POSTCODE" : 2337,
				"NO_OF_RAMP_LANE" : "2",
				"CAR_TRAILER_SPACE" : "11-20",
				"WATERWAY_ACCESS" : "All Times",
				"CONDITION" : "Good",
				"CONSTRUCTION_MATERIAL" : "Concrete",
				"BBQ" : "Yes",
				"FEE_PAYABLE" : "Yes",
				"FISH_CLEAN_TABLE" : "No",
				"FUEL" : "Yes",
				"KIOSK" : "Yes",
				"LIGHTING" : "No",
				"TOILET" : "Yes",
				"WASTE_BIN" : "No",
				"RAMP_PONTOON" : "No",
				"PONTOON_JETTY_NEARBY" : "No"
			}
		},
		{
			"type" : "Feature",
			"geometry" : {
				"type" : "Point",
				"coordinates" : [ 147.3767044176, -35.1735152407 ]
			},
			"properties" : {
				"ASSET_OWNER" : "Wagga Wagga City Council",
				"BOAT_RAMP_ID" : 6,
				"DESCRIPTION" : "Apex Park Boat Ramp, Lake Albert",
				"CONTACT_NUMBER" : "1300 292 442",
				"STREET" : "Lake Street ",
				"SUBURB" : "Lake Albert",
				"WATERWAY" : "Lake Albert",
				"STATE" : "NSW",
				"POSTCODE" : 2650,
				"NO_OF_RAMP_LANE" : "1",
				"CAR_TRAILER_SPACE" : "11-20",
				"WATERWAY_ACCESS" : "Shallow At Times",
				"CONDITION" : "Good",
				"CONSTRUCTION_MATERIAL" : "Concrete",
				"BBQ" : "Yes",
				"FEE_PAYABLE" : "No",
				"FISH_CLEAN_TABLE" : "No",
				"FUEL" : "Yes",
				"KIOSK" : "No",
				"LIGHTING" : "Yes",
				"TOILET" : "Yes",
				"WASTE_BIN" : "No",
				"RAMP_PONTOON" : "No",
				"PONTOON_JETTY_NEARBY" : "No"
			}
		},
		{
			"type" : "Feature",
			"geometry" : {
				"type" : "Point",
				"coordinates" : [ 143.33491216, -35.0272801373 ]
			},
			"properties" : {
				"ASSET_OWNER" : "Murray River Council",
				"BOAT_RAMP_ID" : 545,
				"DESCRIPTION" : "Tooleybuc",
				"CONTACT_NUMBER" : "1300 087 004",
				"STREET" : "Murray Street",
				"SUBURB" : "Tooleybuc",
				"WATERWAY" : "Murray River",
				"STATE" : "NSW",
				"POSTCODE" : 2736,
				"NO_OF_RAMP_LANE" : "1",
				"CAR_TRAILER_SPACE" : "11-20",
				"WATERWAY_ACCESS" : "Shallow At Times",
				"CONDITION" : "Good",
				"CONSTRUCTION_MATERIAL" : "Concrete",
				"BBQ" : "No",
				"FEE_PAYABLE" : "No",
				"FISH_CLEAN_TABLE" : "No",
				"FUEL" : "No",
				"KIOSK" : "No",
				"LIGHTING" : "No",
				"TOILET" : "No",
				"WASTE_BIN" : "No",
				"RAMP_PONTOON" : "No",
				"PONTOON_JETTY_NEARBY" : "No"
			}
		},
		{
			"type" : "Feature",
			"geometry" : {
				"type" : "Point",
				"coordinates" : [ 141.7330081325, -34.0898258713 ]
			},
			"properties" : {
				"ASSET_OWNER" : "Wentworth Angling Club",
				"BOAT_RAMP_ID" : 195,
				"DESCRIPTION" : "Fort Courage Caravan Park Boat Ramp",
				"CONTACT_NUMBER" : "03 5027 3097\n",
				"STREET" : "Renmark Road",
				"SUBURB" : "Wentworth \n(Anabranch South)",
				"WATERWAY" : "Murray River",
				"STATE" : "NSW",
				"POSTCODE" : 2648,
				"NO_OF_RAMP_LANE" : "1",
				"CAR_TRAILER_SPACE" : "11-20",
				"WATERWAY_ACCESS" : "All Times",
				"CONDITION" : "Good",
				"CONSTRUCTION_MATERIAL" : "Concrete",
				"BBQ" : "Yes",
				"FEE_PAYABLE" : "Yes",
				"FISH_CLEAN_TABLE" : "No",
				"FUEL" : "No",
				"KIOSK" : "No",
				"LIGHTING" : "No",
				"TOILET" : "Yes",
				"WASTE_BIN" : "Yes",
				"RAMP_PONTOON" : "Yes",
				"PONTOON_JETTY_NEARBY" : "No"
			}
		},
		{
			"type" : "Feature",
			"geometry" : {
				"type" : "Point",
				"coordinates" : [ 141.8913920391, -34.112736263 ]
			},
			"properties" : {
				"ASSET_OWNER" : "Wentworth Angling Club",
				"BOAT_RAMP_ID" : 587,
				"DESCRIPTION" : "Wentworth - Murray River NSW",
				"CONTACT_NUMBER" : "03 5027 3097\n",
				"STREET" : "Log Bridge Road",
				"SUBURB" : "Wentworth",
				"WATERWAY" : "Murray River",
				"STATE" : "NSW",
				"POSTCODE" : 2648,
				"NO_OF_RAMP_LANE" : "1",
				"CAR_TRAILER_SPACE" : "11-20",
				"WATERWAY_ACCESS" : "All Times",
				"CONDITION" : "Good",
				"CONSTRUCTION_MATERIAL" : "Concrete",
				"BBQ" : "No",
				"FEE_PAYABLE" : "No",
				"FISH_CLEAN_TABLE" : "No",
				"FUEL" : "No",
				"KIOSK" : "No",
				"LIGHTING" : "No",
				"TOILET" : "Yes",
				"WASTE_BIN" : "No",
				"RAMP_PONTOON" : "No",
				"PONTOON_JETTY_NEARBY" : "No"
			}
		},
		{
			"type" : "Feature",
			"geometry" : {
				"type" : "Point",
				"coordinates" : [ 151.5685674721, -33.1723491529 ]
			},
			"properties" : {
				"ASSET_OWNER" : "Central Coast Council",
				"BOAT_RAMP_ID" : 654,
				"DESCRIPTION" : "Mulloway Road Boat Ramp",
				"CONTACT_NUMBER" : "02 4306 7900",
				"STREET" : "Mulloway Road  ",
				"SUBURB" : "Chain Valley |Bay",
				"WATERWAY" : "Lake Macquarie",
				"STATE" : "NSW",
				"POSTCODE" : 2259,
				"NO_OF_RAMP_LANE" : "1",
				"CAR_TRAILER_SPACE" : "11-20",
				"WATERWAY_ACCESS" : "Shallow At Times",
				"CONDITION" : "Good",
				"CONSTRUCTION_MATERIAL" : "Concrete",
				"BBQ" : "No",
				"FEE_PAYABLE" : "No",
				"FISH_CLEAN_TABLE" : "No",
				"FUEL" : "No",
				"KIOSK" : "No",
				"LIGHTING" : "No",
				"TOILET" : "No",
				"WASTE_BIN" : "Yes",
				"RAMP_PONTOON" : "Yes",
				"PONTOON_JETTY_NEARBY" : "No"
			}
		},
		{
			"type" : "Feature",
			"geometry" : {
				"type" : "Point",
				"coordinates" : [ 149.2590390657, -35.4311426268 ]
			},
			"properties" : {
				"ASSET_OWNER" : "ACT Parks And Recreations",
				"BOAT_RAMP_ID" : 208,
				"DESCRIPTION" : "Googong Dam Boat Ramp",
				"CONTACT_NUMBER" : "13 22 81",
				"STREET" : "Googong Dam Road",
				"SUBURB" : "Googong",
				"WATERWAY" : "Googong Dam",
				"STATE" : "NSW",
				"POSTCODE" : 2620,
				"NO_OF_RAMP_LANE" : "1",
				"CAR_TRAILER_SPACE" : "21-50",
				"WATERWAY_ACCESS" : "All Times",
				"CONDITION" : "Good",
				"CONSTRUCTION_MATERIAL" : "Concrete",
				"BBQ" : "Yes",
				"FEE_PAYABLE" : "No",
				"FISH_CLEAN_TABLE" : "No",
				"FUEL" : "No",
				"KIOSK" : "No",
				"LIGHTING" : "Yes",
				"TOILET" : "Yes",
				"WASTE_BIN" : "No",
				"RAMP_PONTOON" : "No",
				"PONTOON_JETTY_NEARBY" : "No"
			}
		},
		{
			"type" : "Feature",
			"geometry" : {
				"type" : "Point",
				"coordinates" : [ 153.0064195675, -30.6069083364 ]
			},
			"properties" : {
				"ASSET_OWNER" : "Nambucca Valley Council",
				"BOAT_RAMP_ID" : 148,
				"DESCRIPTION" : "Deep Creek Boat Ramp\\",
				"CONTACT_NUMBER" : "02 6568 2555",
				"STREET" : "Ocean View Drive",
				"SUBURB" : "Valla Beach",
				"WATERWAY" : "Deep Creek",
				"STATE" : "NSW",
				"POSTCODE" : 2448,
				"NO_OF_RAMP_LANE" : "1",
				"CAR_TRAILER_SPACE" : "21-50",
				"WATERWAY_ACCESS" : "High Tide Only",
				"CONDITION" : "Fair",
				"CONSTRUCTION_MATERIAL" : "Concrete",
				"BBQ" : "Yes",
				"FEE_PAYABLE" : "No",
				"FISH_CLEAN_TABLE" : "Yes",
				"FUEL" : "No",
				"KIOSK" : "No",
				"LIGHTING" : "No",
				"TOILET" : "Yes",
				"WASTE_BIN" : "Yes",
				"RAMP_PONTOON" : "No",
				"PONTOON_JETTY_NEARBY" : "No"
			}
		},
		{
			"type" : "Feature",
			"geometry" : {
				"type" : "Point",
				"coordinates" : [ 153.0398490391, -30.4598888116 ]
			},
			"properties" : {
				"ASSET_OWNER" : "Bellingen Shire Council",
				"BOAT_RAMP_ID" : 1,
				"DESCRIPTION" : "Mylestom Boat Ramp",
				"CONTACT_NUMBER" : "02 6655 7300",
				"STREET" : "Mylestom Road",
				"SUBURB" : "Mylestom",
				"WATERWAY" : "Bellinger River",
				"STATE" : "NSW",
				"POSTCODE" : 2454,
				"NO_OF_RAMP_LANE" : "1",
				"CAR_TRAILER_SPACE" : "21-50",
				"WATERWAY_ACCESS" : "All Times",
				"CONDITION" : "Good",
				"CONSTRUCTION_MATERIAL" : "Concrete",
				"BBQ" : "Yes",
				"FEE_PAYABLE" : "No",
				"FISH_CLEAN_TABLE" : "Yes",
				"FUEL" : "No",
				"KIOSK" : "No",
				"LIGHTING" : "Yes",
				"TOILET" : "Yes",
				"WASTE_BIN" : "Yes",
				"RAMP_PONTOON" : "No",
				"PONTOON_JETTY_NEARBY" : "Yes"
			}
		},
		{
			"type" : "Feature",
			"geometry" : {
				"type" : "Point",
				"coordinates" : [ 149.1821370486, -33.6111307544 ]
			},
			"properties" : {
				"ASSET_OWNER" : "Blayney Shire Council",
				"BOAT_RAMP_ID" : 93,
				"DESCRIPTION" : "Carcoar Dam Boat Ramp",
				"CONTACT_NUMBER" : "02 6368 2104",
				"STREET" : "Carcoar Dam Road",
				"SUBURB" : "Carcoar",
				"WATERWAY" : "Carcoar Dam",
				"STATE" : "NSW",
				"POSTCODE" : 2791,
				"NO_OF_RAMP_LANE" : "1",
				"CAR_TRAILER_SPACE" : "21-50",
				"WATERWAY_ACCESS" : "Shallow At Times",
				"CONDITION" : "Fair",
				"CONSTRUCTION_MATERIAL" : "Concrete",
				"BBQ" : "Yes",
				"FEE_PAYABLE" : "No",
				"FISH_CLEAN_TABLE" : "No",
				"FUEL" : "No",
				"KIOSK" : "No",
				"LIGHTING" : "No",
				"TOILET" : "Yes",
				"WASTE_BIN" : "Yes",
				"RAMP_PONTOON" : "No",
				"PONTOON_JETTY_NEARBY" : "No"
			}
		},
		{
			"type" : "Feature",
			"geometry" : {
				"type" : "Point",
				"coordinates" : [ 146.8528352175, -29.9581530376 ]
			},
			"properties" : {
				"ASSET_OWNER" : "Brewarrina Shire Council",
				"BOAT_RAMP_ID" : 67,
				"DESCRIPTION" : "4 Mile Boat Ramp",
				"CONTACT_NUMBER" : "02 6830 5100",
				"STREET" : "Coolabah Road",
				"SUBURB" : "Brewarrina",
				"WATERWAY" : "Barwon River",
				"STATE" : "NSW",
				"POSTCODE" : 2839,
				"NO_OF_RAMP_LANE" : "1",
				"CAR_TRAILER_SPACE" : "21-50",
				"WATERWAY_ACCESS" : "Shallow At Times",
				"CONDITION" : "Good",
				"CONSTRUCTION_MATERIAL" : "Concrete",
				"BBQ" : "No",
				"FEE_PAYABLE" : "No",
				"FISH_CLEAN_TABLE" : "No",
				"FUEL" : "No",
				"KIOSK" : "No",
				"LIGHTING" : "No",
				"TOILET" : "No",
				"WASTE_BIN" : "No",
				"RAMP_PONTOON" : "No",
				"PONTOON_JETTY_NEARBY" : "No"
			}
		},
		{
			"type" : "Feature",
			"geometry" : {
				"type" : "Point",
				"coordinates" : [ 148.6240243789, -34.9816176467 ]
			},
			"properties" : {
				"ASSET_OWNER" : "Burrinjuck Waters Holiday Park",
				"BOAT_RAMP_ID" : 88,
				"DESCRIPTION" : "Burrinjuck State Waters Boat Ramp",
				"CONTACT_NUMBER" : "02 6227 8114",
				"STREET" : "Burrinjuck Road",
				"SUBURB" : "Burrinjuck",
				"WATERWAY" : "Lake Burrinjuck",
				"STATE" : "NSW",
				"POSTCODE" : 2582,
				"NO_OF_RAMP_LANE" : "1",
				"CAR_TRAILER_SPACE" : "21-50",
				"WATERWAY_ACCESS" : "Shallow At Times",
				"CONDITION" : "Fair",
				"CONSTRUCTION_MATERIAL" : "Concrete",
				"BBQ" : "Yes",
				"FEE_PAYABLE" : "Yes",
				"FISH_CLEAN_TABLE" : "No",
				"FUEL" : "Yes",
				"KIOSK" : "Yes",
				"LIGHTING" : "No",
				"TOILET" : "Yes",
				"WASTE_BIN" : "No",
				"RAMP_PONTOON" : "No",
				"PONTOON_JETTY_NEARBY" : "No"
			}
		},
		{
			"type" : "Feature",
			"geometry" : {
				"type" : "Point",
				"coordinates" : [ 153.2007289521, -30.0597671478 ]
			},
			"properties" : {
				"ASSET_OWNER" : "Coffs Harbour City Council",
				"BOAT_RAMP_ID" : 12,
				"DESCRIPTION" : "Arrawarra Beach Boat Ramp",
				"CONTACT_NUMBER" : "02 6648 4000",
				"STREET" : "Second Avenue",
				"SUBURB" : "Arrawarra",
				"WATERWAY" : "Ocean",
				"STATE" : "NSW",
				"POSTCODE" : 2456,
				"NO_OF_RAMP_LANE" : "1",
				"CAR_TRAILER_SPACE" : "21-50",
				"WATERWAY_ACCESS" : "All Times",
				"CONDITION" : "Good",
				"CONSTRUCTION_MATERIAL" : "Concrete",
				"BBQ" : "No",
				"FEE_PAYABLE" : "No",
				"FISH_CLEAN_TABLE" : "No",
				"FUEL" : "No",
				"KIOSK" : "No",
				"LIGHTING" : "Yes",
				"TOILET" : "Yes",
				"WASTE_BIN" : "Yes",
				"RAMP_PONTOON" : "No",
				"PONTOON_JETTY_NEARBY" : "No"
			}
		},
		{
			"type" : "Feature",
			"geometry" : {
				"type" : "Point",
				"coordinates" : [ 149.1113697612, -32.6880960356 ]
			},
			"properties" : {
				"ASSET_OWNER" : "Department of Primary Industries - State Parks",
				"BOAT_RAMP_ID" : 85,
				"DESCRIPTION" : "Lake Burrendong State Park - Second Ramp",
				"CONTACT_NUMBER" : "02 6846 7435",
				"STREET" : "Fashions Mount Road",
				"SUBURB" : "Lake Burrendong",
				"WATERWAY" : "Lake Burrendong",
				"STATE" : "NSW",
				"POSTCODE" : 2820,
				"NO_OF_RAMP_LANE" : "1",
				"CAR_TRAILER_SPACE" : "21-50",
				"WATERWAY_ACCESS" : "Shallow At Times",
				"CONDITION" : "Good",
				"CONSTRUCTION_MATERIAL" : "Concrete",
				"BBQ" : "Yes",
				"FEE_PAYABLE" : "Yes",
				"FISH_CLEAN_TABLE" : "Yes",
				"FUEL" : "Yes",
				"KIOSK" : "Yes",
				"LIGHTING" : "No",
				"TOILET" : "Yes",
				"WASTE_BIN" : "Yes",
				"RAMP_PONTOON" : "No",
				"PONTOON_JETTY_NEARBY" : "No"
			}
		},
		{
			"type" : "Feature",
			"geometry" : {
				"type" : "Point",
				"coordinates" : [ 149.0951335508, -32.6797388768 ]
			},
			"properties" : {
				"ASSET_OWNER" : "Department of Primary Industries - State Parks",
				"BOAT_RAMP_ID" : 87,
				"DESCRIPTION" : "Lake Burrengong State Park - Eagle Beagle Boat Ramp",
				"CONTACT_NUMBER" : "02 6846 7435",
				"STREET" : "Fashions Mount Road",
				"SUBURB" : "Lake Burrendong",
				"WATERWAY" : "Lake Burrendong",
				"STATE" : "NSW",
				"POSTCODE" : 2820,
				"NO_OF_RAMP_LANE" : "1",
				"CAR_TRAILER_SPACE" : "21-50",
				"WATERWAY_ACCESS" : "Shallow At Times",
				"CONDITION" : "Good",
				"CONSTRUCTION_MATERIAL" : "Concrete",
				"BBQ" : "Yes",
				"FEE_PAYABLE" : "Yes",
				"FISH_CLEAN_TABLE" : "No",
				"FUEL" : "Yes",
				"KIOSK" : "Yes",
				"LIGHTING" : "No",
				"TOILET" : "Yes",
				"WASTE_BIN" : "Yes",
				"RAMP_PONTOON" : "No",
				"PONTOON_JETTY_NEARBY" : "No"
			}
		},
		{
			"type" : "Feature",
			"geometry" : {
				"type" : "Point",
				"coordinates" : [ 148.2466016307, -32.2263418024 ]
			},
			"properties" : {
				"ASSET_OWNER" : "Narromine Shire Council",
				"BOAT_RAMP_ID" : 379,
				"DESCRIPTION" : "Narromine Boat Ramp",
				"CONTACT_NUMBER" : "02 6889 9999",
				"STREET" : "Culling Street",
				"SUBURB" : "Narromine ",
				"WATERWAY" : "Macquarie River",
				"STATE" : "NSW",
				"POSTCODE" : 2821,
				"NO_OF_RAMP_LANE" : "1",
				"CAR_TRAILER_SPACE" : "21-50",
				"WATERWAY_ACCESS" : "Shallow At Times",
				"CONDITION" : "Good",
				"CONSTRUCTION_MATERIAL" : "Concrete",
				"BBQ" : "Yes",
				"FEE_PAYABLE" : "No",
				"FISH_CLEAN_TABLE" : "No",
				"FUEL" : "No",
				"KIOSK" : "No",
				"LIGHTING" : "No",
				"TOILET" : "Yes",
				"WASTE_BIN" : "Yes",
				"RAMP_PONTOON" : "No",
				"PONTOON_JETTY_NEARBY" : "No"
			}
		},
		{
			"type" : "Feature",
			"geometry" : {
				"type" : "Point",
				"coordinates" : [ 150.1385399381, -35.6439372897 ]
			},
			"properties" : {
				"ASSET_OWNER" : "Eurobodalla Shire Council",
				"BOAT_RAMP_ID" : 92,
				"DESCRIPTION" : "Caravan Park, Nelligen",
				"CONTACT_NUMBER" : "02 4474 1000",
				"STREET" : "Nelligen",
				"SUBURB" : "Nelligen",
				"WATERWAY" : "Clyde River",
				"STATE" : "NSW",
				"POSTCODE" : 2536,
				"NO_OF_RAMP_LANE" : "2",
				"CAR_TRAILER_SPACE" : "21-50",
				"WATERWAY_ACCESS" : "All Times",
				"CONDITION" : "Good",
				"CONSTRUCTION_MATERIAL" : "Concrete",
				"BBQ" : "No",
				"FEE_PAYABLE" : "No",
				"FISH_CLEAN_TABLE" : "No",
				"FUEL" : "No",
				"KIOSK" : "Yes",
				"LIGHTING" : "Yes",
				"TOILET" : "No",
				"WASTE_BIN" : "Yes",
				"RAMP_PONTOON" : "Yes",
				"PONTOON_JETTY_NEARBY" : "Yes"
			}
		},
		{
			"type" : "Feature",
			"geometry" : {
				"type" : "Point",
				"coordinates" : [ 150.2950768358, -35.6454637084 ]
			},
			"properties" : {
				"ASSET_OWNER" : "Eurobodalla Shire Council",
				"BOAT_RAMP_ID" : 156,
				"DESCRIPTION" : "Durras Lake Boat Ramp (South Durras)",
				"CONTACT_NUMBER" : "02 4474 1000",
				"STREET" : "First Street",
				"SUBURB" : "South Durras",
				"WATERWAY" : "Durras Lake",
				"STATE" : "NSW",
				"POSTCODE" : 2536,
				"NO_OF_RAMP_LANE" : "1",
				"CAR_TRAILER_SPACE" : "21-50",
				"WATERWAY_ACCESS" : "Shallow At Times",
				"CONDITION" : "Good",
				"CONSTRUCTION_MATERIAL" : "Concrete",
				"BBQ" : "No",
				"FEE_PAYABLE" : "No",
				"FISH_CLEAN_TABLE" : "Yes",
				"FUEL" : "No",
				"KIOSK" : "No",
				"LIGHTING" : "No",
				"TOILET" : "Yes",
				"WASTE_BIN" : "Yes",
				"RAMP_PONTOON" : "No",
				"PONTOON_JETTY_NEARBY" : "No"
			}
		},
		{
			"type" : "Feature",
			"geometry" : {
				"type" : "Point",
				"coordinates" : [ 150.1835263434, -35.8386672716 ]
			},
			"properties" : {
				"ASSET_OWNER" : "Eurobodalla Shire Council",
				"BOAT_RAMP_ID" : 367,
				"DESCRIPTION" : "Mossy Point, Tomago River",
				"CONTACT_NUMBER" : "02 4474 1000",
				"STREET" : "Via Mossy Point Road",
				"SUBURB" : "Mossy Point",
				"WATERWAY" : "Tomaga R",
				"STATE" : "NSW",
				"POSTCODE" : 2537,
				"NO_OF_RAMP_LANE" : "2",
				"CAR_TRAILER_SPACE" : "21-50",
				"WATERWAY_ACCESS" : "All Times",
				"CONDITION" : "Good",
				"CONSTRUCTION_MATERIAL" : "Concrete",
				"BBQ" : "No",
				"FEE_PAYABLE" : "No",
				"FISH_CLEAN_TABLE" : "Yes",
				"FUEL" : "No",
				"KIOSK" : "No",
				"LIGHTING" : "Yes",
				"TOILET" : "Yes",
				"WASTE_BIN" : "Yes",
				"RAMP_PONTOON" : "No",
				"PONTOON_JETTY_NEARBY" : "Yes"
			}
		},
		{
			"type" : "Feature",
			"geometry" : {
				"type" : "Point",
				"coordinates" : [ 150.1769150895, -35.7025968673 ]
			},
			"properties" : {
				"ASSET_OWNER" : "Eurobodalla Shire Council",
				"BOAT_RAMP_ID" : 486,
				"DESCRIPTION" : "South Bridge, Batemans Bay",
				"CONTACT_NUMBER" : "02 4474 1000",
				"STREET" : "Princes Highway",
				"SUBURB" : "Batemans Bay",
				"WATERWAY" : "Clyde River",
				"STATE" : "NSW",
				"POSTCODE" : 2536,
				"NO_OF_RAMP_LANE" : "2",
				"CAR_TRAILER_SPACE" : "21-50",
				"WATERWAY_ACCESS" : "All Times",
				"CONDITION" : "Good",
				"CONSTRUCTION_MATERIAL" : "Concrete",
				"BBQ" : "No",
				"FEE_PAYABLE" : "No",
				"FISH_CLEAN_TABLE" : "Yes",
				"FUEL" : "No",
				"KIOSK" : "No",
				"LIGHTING" : "Yes",
				"TOILET" : "Yes",
				"WASTE_BIN" : "No",
				"RAMP_PONTOON" : "No",
				"PONTOON_JETTY_NEARBY" : "Yes"
			}
		},
		{
			"type" : "Feature",
			"geometry" : {
				"type" : "Point",
				"coordinates" : [ 151.0892958874, -33.9826548702 ]
			},
			"properties" : {
				"ASSET_OWNER" : "Georges River Council",
				"BOAT_RAMP_ID" : 397,
				"DESCRIPTION" : "Oatley Bay Boat Ramp",
				"CONTACT_NUMBER" : "02 9330 6400",
				"STREET" : "Morshead Drive",
				"SUBURB" : "Hurstville Grove",
				"WATERWAY" : "Georges River",
				"STATE" : "NSW",
				"POSTCODE" : 2220,
				"NO_OF_RAMP_LANE" : "3",
				"CAR_TRAILER_SPACE" : "21-50",
				"WATERWAY_ACCESS" : "All Times",
				"CONDITION" : "Good",
				"CONSTRUCTION_MATERIAL" : "Concrete",
				"BBQ" : "No",
				"FEE_PAYABLE" : "No",
				"FISH_CLEAN_TABLE" : "No",
				"FUEL" : "No",
				"KIOSK" : "No",
				"LIGHTING" : "Yes",
				"TOILET" : "Yes",
				"WASTE_BIN" : "Yes",
				"RAMP_PONTOON" : "Yes",
				"PONTOON_JETTY_NEARBY" : "No"
			}
		},
		{
			"type" : "Feature",
			"geometry" : {
				"type" : "Point",
				"coordinates" : [ 150.9951076209, -32.3556134928 ]
			},
			"properties" : {
				"ASSET_OWNER" : "Lake Liddell Recreatonal Area Trust",
				"BOAT_RAMP_ID" : 292,
				"DESCRIPTION" : "Lake Liddell - Upper Hunter River",
				"CONTACT_NUMBER" : "02 6541 2010",
				"STREET" : "Hebden Road",
				"SUBURB" : "Muswellbrook ",
				"WATERWAY" : "Lake Liddell",
				"STATE" : "NSW",
				"POSTCODE" : 2333,
				"NO_OF_RAMP_LANE" : "2",
				"CAR_TRAILER_SPACE" : "21-50",
				"WATERWAY_ACCESS" : "All Times",
				"CONDITION" : "Good",
				"CONSTRUCTION_MATERIAL" : "Concrete",
				"BBQ" : "Yes",
				"FEE_PAYABLE" : "Yes",
				"FISH_CLEAN_TABLE" : "No",
				"FUEL" : "No",
				"KIOSK" : "No",
				"LIGHTING" : "Yes",
				"TOILET" : "Yes",
				"WASTE_BIN" : "No",
				"RAMP_PONTOON" : "No",
				"PONTOON_JETTY_NEARBY" : "No"
			}
		},
		{
			"type" : "Feature",
			"geometry" : {
				"type" : "Point",
				"coordinates" : [ 142.163103967, -34.1514827677 ]
			},
			"properties" : {
				"ASSET_OWNER" : "Mildura Rural City Council",
				"BOAT_RAMP_ID" : 10,
				"DESCRIPTION" : "Apex Park Boat Ramp, Mildura ",
				"CONTACT_NUMBER" : "03 5018 8100",
				"STREET" : "Cureton Avenue",
				"SUBURB" : "Mildura",
				"WATERWAY" : "Murray River",
				"STATE" : "VIC",
				"POSTCODE" : 3500,
				"NO_OF_RAMP_LANE" : "1",
				"CAR_TRAILER_SPACE" : "21-50",
				"WATERWAY_ACCESS" : "All Times",
				"CONDITION" : "Good",
				"CONSTRUCTION_MATERIAL" : "Concrete",
				"BBQ" : "No",
				"FEE_PAYABLE" : "No",
				"FISH_CLEAN_TABLE" : "No",
				"FUEL" : "No",
				"KIOSK" : "No",
				"LIGHTING" : "No",
				"TOILET" : "Yes",
				"WASTE_BIN" : "Yes",
				"RAMP_PONTOON" : "No",
				"PONTOON_JETTY_NEARBY" : "No"
			}
		},
		{
			"type" : "Feature",
			"geometry" : {
				"type" : "Point",
				"coordinates" : [ 142.0865628453, -34.1735978792 ]
			},
			"properties" : {
				"ASSET_OWNER" : "Mildura Rural City Council",
				"BOAT_RAMP_ID" : 348,
				"DESCRIPTION" : "Merbein - Murray River Vic",
				"CONTACT_NUMBER" : "03 5018 8100",
				"STREET" : "River Road",
				"SUBURB" : "Merbein",
				"WATERWAY" : "Murray River",
				"STATE" : "VIC",
				"POSTCODE" : 3505,
				"NO_OF_RAMP_LANE" : "1",
				"CAR_TRAILER_SPACE" : "21-50",
				"WATERWAY_ACCESS" : "All Times",
				"CONDITION" : "Good",
				"CONSTRUCTION_MATERIAL" : "Concrete",
				"BBQ" : "No",
				"FEE_PAYABLE" : "No",
				"FISH_CLEAN_TABLE" : "No",
				"FUEL" : "No",
				"KIOSK" : "No",
				"LIGHTING" : "No",
				"TOILET" : "Yes",
				"WASTE_BIN" : "No",
				"RAMP_PONTOON" : "No",
				"PONTOON_JETTY_NEARBY" : "No"
			}
		},
		{
			"type" : "Feature",
			"geometry" : {
				"type" : "Point",
				"coordinates" : [ 145.6623081071, -35.9131312397 ]
			},
			"properties" : {
				"ASSET_OWNER" : "Moira Shire Council (Vic)",
				"BOAT_RAMP_ID" : 537,
				"DESCRIPTION" : "Thompsons Beach Ramp",
				"CONTACT_NUMBER" : "03 5871 9222",
				"STREET" : "Cobram Road",
				"SUBURB" : "Cobram",
				"WATERWAY" : "Murray River",
				"STATE" : "VIC",
				"POSTCODE" : 3643,
				"NO_OF_RAMP_LANE" : "2",
				"CAR_TRAILER_SPACE" : "21-50",
				"WATERWAY_ACCESS" : "All Times",
				"CONDITION" : "Good",
				"CONSTRUCTION_MATERIAL" : "Concrete",
				"BBQ" : "No",
				"FEE_PAYABLE" : "No",
				"FISH_CLEAN_TABLE" : "No",
				"FUEL" : "Yes",
				"KIOSK" : "No",
				"LIGHTING" : "No",
				"TOILET" : "Yes",
				"WASTE_BIN" : "No",
				"RAMP_PONTOON" : "Yes",
				"PONTOON_JETTY_NEARBY" : "No"
			}
		},
		{
			"type" : "Feature",
			"geometry" : {
				"type" : "Point",
				"coordinates" : [ 153.5378136905, -28.5319877002 ]
			},
			"properties" : {
				"ASSET_OWNER" : "North Coast Holiday Parks Ferry Reserve",
				"BOAT_RAMP_ID" : 180,
				"DESCRIPTION" : "Ferry Reserve Caravan Park Boat Ramp",
				"CONTACT_NUMBER" : "02 6685 1872",
				"STREET" : "Riverside Crescent",
				"SUBURB" : "Brunswick Heads",
				"WATERWAY" : "Brunswick River",
				"STATE" : "NSW",
				"POSTCODE" : 2483,
				"NO_OF_RAMP_LANE" : "1",
				"CAR_TRAILER_SPACE" : "21-50",
				"WATERWAY_ACCESS" : "All Times",
				"CONDITION" : "Poor",
				"CONSTRUCTION_MATERIAL" : "Bitumen",
				"BBQ" : "Yes",
				"FEE_PAYABLE" : "Yes",
				"FISH_CLEAN_TABLE" : "Yes",
				"FUEL" : "No",
				"KIOSK" : "Yes",
				"LIGHTING" : "No",
				"TOILET" : "Yes",
				"WASTE_BIN" : "Yes",
				"RAMP_PONTOON" : "No",
				"PONTOON_JETTY_NEARBY" : "No"
			}
		},
		{
			"type" : "Feature",
			"geometry" : {
				"type" : "Point",
				"coordinates" : [ 150.8089489254, -34.5258652489 ]
			},
			"properties" : {
				"ASSET_OWNER" : "NSW Crown Lands",
				"BOAT_RAMP_ID" : 623,
				"DESCRIPTION" : "Yallah Bay Boat Ramp",
				"CONTACT_NUMBER" : "1300 886 235",
				"STREET" : "Yallah Bay Road",
				"SUBURB" : "Yallah",
				"WATERWAY" : "Lake Illawarra",
				"STATE" : "NSW",
				"POSTCODE" : 2530,
				"NO_OF_RAMP_LANE" : "2",
				"CAR_TRAILER_SPACE" : "21-50",
				"WATERWAY_ACCESS" : "All Times",
				"CONDITION" : "Good",
				"CONSTRUCTION_MATERIAL" : "Concrete",
				"BBQ" : "No",
				"FEE_PAYABLE" : "No",
				"FISH_CLEAN_TABLE" : "No",
				"FUEL" : "No",
				"KIOSK" : "No",
				"LIGHTING" : "No",
				"TOILET" : "Yes",
				"WASTE_BIN" : "Yes",
				"RAMP_PONTOON" : "Yes",
				"PONTOON_JETTY_NEARBY" : "Yes"
			}
		},
		{
			"type" : "Feature",
			"geometry" : {
				"type" : "Point",
				"coordinates" : [ 142.2949311546, -34.3236647249 ]
			},
			"properties" : {
				"ASSET_OWNER" : "Parks Victoria",
				"BOAT_RAMP_ID" : 257,
				"DESCRIPTION" : "Karadoc - Murray River Vic",
				"CONTACT_NUMBER" : "13 19 63",
				"STREET" : "Edey Road",
				"SUBURB" : "Red Cliffs",
				"WATERWAY" : "Murray River",
				"STATE" : "VIC",
				"POSTCODE" : 3496,
				"NO_OF_RAMP_LANE" : "1",
				"CAR_TRAILER_SPACE" : "21-50",
				"WATERWAY_ACCESS" : "All Times",
				"CONDITION" : "Good",
				"CONSTRUCTION_MATERIAL" : "Concrete",
				"BBQ" : "No",
				"FEE_PAYABLE" : "No",
				"FISH_CLEAN_TABLE" : "No",
				"FUEL" : "No",
				"KIOSK" : "No",
				"LIGHTING" : "No",
				"TOILET" : "Yes",
				"WASTE_BIN" : "No",
				"RAMP_PONTOON" : "No",
				"PONTOON_JETTY_NEARBY" : "No"
			}
		},
		{
			"type" : "Feature",
			"geometry" : {
				"type" : "Point",
				"coordinates" : [ 152.1587841935, -32.7120417059 ]
			},
			"properties" : {
				"ASSET_OWNER" : "Port Stephens Council",
				"BOAT_RAMP_ID" : 322,
				"DESCRIPTION" : "Little Beach Boat Ramp",
				"CONTACT_NUMBER" : "02 4988 0255",
				"STREET" : "Lighthouse Road ",
				"SUBURB" : "Nelson Bay",
				"WATERWAY" : "Port Stephens",
				"STATE" : "NSW",
				"POSTCODE" : 2251,
				"NO_OF_RAMP_LANE" : "2",
				"CAR_TRAILER_SPACE" : "51+",
				"WATERWAY_ACCESS" : "All Times",
				"CONDITION" : "Good",
				"CONSTRUCTION_MATERIAL" : "Concrete",
				"BBQ" : "Yes",
				"FEE_PAYABLE" : "No",
				"FISH_CLEAN_TABLE" : "Yes",
				"FUEL" : "No",
				"KIOSK" : "Yes",
				"LIGHTING" : "Yes",
				"TOILET" : "Yes",
				"WASTE_BIN" : "Yes",
				"RAMP_PONTOON" : "No",
				"PONTOON_JETTY_NEARBY" : "Yes"
			}
		},
		{
			"type" : "Feature",
			"geometry" : {
				"type" : "Point",
				"coordinates" : [ 151.745690454, -32.7540786071 ]
			},
			"properties" : {
				"ASSET_OWNER" : "Port Stephens Council",
				"BOAT_RAMP_ID" : 431,
				"DESCRIPTION" : "Fitzgerald Bridge Boat Ramp (King Park Sporting Complex)",
				"CONTACT_NUMBER" : "02 4988 0255",
				"STREET" : "Seaham Road",
				"SUBURB" : "Raymond Terrace",
				"WATERWAY" : "Williams River",
				"STATE" : "NSW",
				"POSTCODE" : 2324,
				"NO_OF_RAMP_LANE" : "3",
				"CAR_TRAILER_SPACE" : "51+",
				"WATERWAY_ACCESS" : "All Times",
				"CONDITION" : "Good",
				"CONSTRUCTION_MATERIAL" : "Concrete",
				"BBQ" : "No",
				"FEE_PAYABLE" : "No",
				"FISH_CLEAN_TABLE" : "Yes",
				"FUEL" : "No",
				"KIOSK" : "Yes",
				"LIGHTING" : "Yes",
				"TOILET" : "Yes",
				"WASTE_BIN" : "Yes",
				"RAMP_PONTOON" : "No",
				"PONTOON_JETTY_NEARBY" : "No"
			}
		},
		{
			"type" : "Feature",
			"geometry" : {
				"type" : "Point",
				"coordinates" : [ 150.8864226886, -34.5940312726 ]
			},
			"properties" : {
				"ASSET_OWNER" : "Shellharbour City Council",
				"BOAT_RAMP_ID" : 467,
				"DESCRIPTION" : "Shellharbour (Bass Point Ocean Ramp)",
				"CONTACT_NUMBER" : "02 4221 6111",
				"STREET" : "Bass Point Tourist Road",
				"SUBURB" : "Shell Cove",
				"WATERWAY" : "Tasman Sea",
				"STATE" : "NSW",
				"POSTCODE" : 2529,
				"NO_OF_RAMP_LANE" : "2",
				"CAR_TRAILER_SPACE" : "21-50",
				"WATERWAY_ACCESS" : "All Times",
				"CONDITION" : "Good",
				"CONSTRUCTION_MATERIAL" : "Concrete",
				"BBQ" : "No",
				"FEE_PAYABLE" : "No",
				"FISH_CLEAN_TABLE" : "No",
				"FUEL" : "No",
				"KIOSK" : "No",
				"LIGHTING" : "No",
				"TOILET" : "No",
				"WASTE_BIN" : "No",
				"RAMP_PONTOON" : "No",
				"PONTOON_JETTY_NEARBY" : "No"
			}
		},
		{
			"type" : "Feature",
			"geometry" : {
				"type" : "Point",
				"coordinates" : [ 144.743517723, -36.1124296863 ]
			},
			"properties" : {
				"ASSET_OWNER" : "Shire Of Campaspe",
				"BOAT_RAMP_ID" : 565,
				"DESCRIPTION" : "Victoria Park",
				"CONTACT_NUMBER" : "03 5481 2200",
				"STREET" : "Scenic Drive",
				"SUBURB" : "Echuca",
				"WATERWAY" : "Murray River",
				"STATE" : "VIC",
				"POSTCODE" : 3564,
				"NO_OF_RAMP_LANE" : "2",
				"CAR_TRAILER_SPACE" : "21-50",
				"WATERWAY_ACCESS" : "All Times",
				"CONDITION" : "Fair",
				"CONSTRUCTION_MATERIAL" : "Concrete",
				"BBQ" : "No",
				"FEE_PAYABLE" : "No",
				"FISH_CLEAN_TABLE" : "No",
				"FUEL" : "No",
				"KIOSK" : "No",
				"LIGHTING" : "No",
				"TOILET" : "Yes",
				"WASTE_BIN" : "Yes",
				"RAMP_PONTOON" : "No",
				"PONTOON_JETTY_NEARBY" : "No"
			}
		},
		{
			"type" : "Feature",
			"geometry" : {
				"type" : "Point",
				"coordinates" : [ 148.7666090249, -36.1765852221 ]
			},
			"properties" : {
				"ASSET_OWNER" : "Snowy Monaro Regional Council",
				"BOAT_RAMP_ID" : 77,
				"DESCRIPTION" : "Buckenderra Road Boat Ramp",
				"CONTACT_NUMBER" : "1300 345 345",
				"STREET" : "Buckenderra Road",
				"SUBURB" : "Buckenderra",
				"WATERWAY" : "Lake Eucumbene",
				"STATE" : "NSW",
				"POSTCODE" : 2630,
				"NO_OF_RAMP_LANE" : "1",
				"CAR_TRAILER_SPACE" : "21-50",
				"WATERWAY_ACCESS" : "Shallow At Times",
				"CONDITION" : "Fair",
				"CONSTRUCTION_MATERIAL" : "Concrete",
				"BBQ" : "Yes",
				"FEE_PAYABLE" : "Yes",
				"FISH_CLEAN_TABLE" : "No",
				"FUEL" : "Yes",
				"KIOSK" : "Yes",
				"LIGHTING" : "No",
				"TOILET" : "Yes",
				"WASTE_BIN" : "No",
				"RAMP_PONTOON" : "No",
				"PONTOON_JETTY_NEARBY" : "No"
			}
		},
		{
			"type" : "Feature",
			"geometry" : {
				"type" : "Point",
				"coordinates" : [ 148.6111888818, -36.1327604271 ]
			},
			"properties" : {
				"ASSET_OWNER" : "Snowy Monaro Regional Council",
				"BOAT_RAMP_ID" : 169,
				"DESCRIPTION" : "Eucumbene Cove Boat Ramp",
				"CONTACT_NUMBER" : "1300 345 345",
				"STREET" : "Happy Jacks Drive",
				"SUBURB" : "Kosciuszko National Park",
				"WATERWAY" : "Lake Eucumbene",
				"STATE" : "NSW",
				"POSTCODE" : 2720,
				"NO_OF_RAMP_LANE" : "1",
				"CAR_TRAILER_SPACE" : "21-50",
				"WATERWAY_ACCESS" : "Shallow At Times",
				"CONDITION" : "Fair",
				"CONSTRUCTION_MATERIAL" : "Unsealed",
				"BBQ" : "No",
				"FEE_PAYABLE" : "No",
				"FISH_CLEAN_TABLE" : "No",
				"FUEL" : "No",
				"KIOSK" : "No",
				"LIGHTING" : "No",
				"TOILET" : "No",
				"WASTE_BIN" : "No",
				"RAMP_PONTOON" : "No",
				"PONTOON_JETTY_NEARBY" : "No"
			}
		},
		{
			"type" : "Feature",
			"geometry" : {
				"type" : "Point",
				"coordinates" : [ 148.8205890523, -36.141608605 ]
			},
			"properties" : {
				"ASSET_OWNER" : "Snowy Monaro Regional Council",
				"BOAT_RAMP_ID" : 198,
				"DESCRIPTION" : "Frying Pan Road Boat Ramp",
				"CONTACT_NUMBER" : "1300 345 345",
				"STREET" : "Fryingpan Creek Road",
				"SUBURB" : "Fryingpan",
				"WATERWAY" : "Lake Eucumbene",
				"STATE" : "NSW",
				"POSTCODE" : 2630,
				"NO_OF_RAMP_LANE" : "Informal",
				"CAR_TRAILER_SPACE" : "21-50",
				"WATERWAY_ACCESS" : "Shallow At Times",
				"CONDITION" : "Fair",
				"CONSTRUCTION_MATERIAL" : "Unsealed",
				"BBQ" : "No",
				"FEE_PAYABLE" : "No",
				"FISH_CLEAN_TABLE" : "No",
				"FUEL" : "No",
				"KIOSK" : "Yes",
				"LIGHTING" : "No",
				"TOILET" : "Yes",
				"WASTE_BIN" : "No",
				"RAMP_PONTOON" : "No",
				"PONTOON_JETTY_NEARBY" : "No"
			}
		},
		{
			"type" : "Feature",
			"geometry" : {
				"type" : "Point",
				"coordinates" : [ 148.6000228913, -36.4083347001 ]
			},
			"properties" : {
				"ASSET_OWNER" : "Snowy Monaro Regional Council",
				"BOAT_RAMP_ID" : 596,
				"DESCRIPTION" : "Widows Inlet, Lake Jindabyne",
				"CONTACT_NUMBER" : "1300 345 345",
				"STREET" : "Kosciuszko Road",
				"SUBURB" : "Jindabyne",
				"WATERWAY" : "Lake Jindabyne",
				"STATE" : "NSW",
				"POSTCODE" : 2627,
				"NO_OF_RAMP_LANE" : "1",
				"CAR_TRAILER_SPACE" : "21-50",
				"WATERWAY_ACCESS" : "Shallow At Times",
				"CONDITION" : "Good",
				"CONSTRUCTION_MATERIAL" : "Concrete",
				"BBQ" : "No",
				"FEE_PAYABLE" : "No",
				"FISH_CLEAN_TABLE" : "No",
				"FUEL" : "Yes",
				"KIOSK" : "Yes",
				"LIGHTING" : "No",
				"TOILET" : "Yes",
				"WASTE_BIN" : "No",
				"RAMP_PONTOON" : "No",
				"PONTOON_JETTY_NEARBY" : "No"
			}
		},
		{
			"type" : "Feature",
			"geometry" : {
				"type" : "Point",
				"coordinates" : [ 150.831871974, -34.750809518 ]
			},
			"properties" : {
				"ASSET_OWNER" : "The Council Of The Municipality Of Kiama",
				"BOAT_RAMP_ID" : 124,
				"DESCRIPTION" : "Cook Park Boat Ramp",
				"CONTACT_NUMBER" : "02 4232 0444",
				"STREET" : "Jupiter Street",
				"SUBURB" : "Gerringong",
				"WATERWAY" : "Ocean",
				"STATE" : "NSW",
				"POSTCODE" : 2534,
				"NO_OF_RAMP_LANE" : "2",
				"CAR_TRAILER_SPACE" : "21-50",
				"WATERWAY_ACCESS" : "All Times",
				"CONDITION" : "Good",
				"CONSTRUCTION_MATERIAL" : "Concrete",
				"BBQ" : "No",
				"FEE_PAYABLE" : "No",
				"FISH_CLEAN_TABLE" : "Yes",
				"FUEL" : "No",
				"KIOSK" : "No",
				"LIGHTING" : "Yes",
				"TOILET" : "No",
				"WASTE_BIN" : "Yes",
				"RAMP_PONTOON" : "No",
				"PONTOON_JETTY_NEARBY" : "No"
			}
		},
		{
			"type" : "Feature",
			"geometry" : {
				"type" : "Point",
				"coordinates" : [ 150.8586528915, -34.671140154 ]
			},
			"properties" : {
				"ASSET_OWNER" : "The Council Of The Municipality Of Kiama",
				"BOAT_RAMP_ID" : 264,
				"DESCRIPTION" : "Kiama Harbour",
				"CONTACT_NUMBER" : "02 4232 0444",
				"STREET" : "Terralong Street",
				"SUBURB" : "Kiama",
				"WATERWAY" : "Kiama Harbour",
				"STATE" : "NSW",
				"POSTCODE" : 2533,
				"NO_OF_RAMP_LANE" : "2",
				"CAR_TRAILER_SPACE" : "21-50",
				"WATERWAY_ACCESS" : "All Times",
				"CONDITION" : "Good",
				"CONSTRUCTION_MATERIAL" : "Concrete",
				"BBQ" : "No",
				"FEE_PAYABLE" : "No",
				"FISH_CLEAN_TABLE" : "Yes",
				"FUEL" : "No",
				"KIOSK" : "Yes",
				"LIGHTING" : "Yes",
				"TOILET" : "Yes",
				"WASTE_BIN" : "Yes",
				"RAMP_PONTOON" : "Yes",
				"PONTOON_JETTY_NEARBY" : "No"
			}
		},
		{
			"type" : "Feature",
			"geometry" : {
				"type" : "Point",
				"coordinates" : [ 153.3977596056, -28.3390090768 ]
			},
			"properties" : {
				"ASSET_OWNER" : "Tweed Shire Council",
				"BOAT_RAMP_ID" : 119,
				"DESCRIPTION" : "Commercial Road (Murwillumbah) Boat Ramp",
				"CONTACT_NUMBER" : "02 6670 2400",
				"STREET" : "Commercial Road",
				"SUBURB" : "Murwillumbah",
				"WATERWAY" : "Tweed River",
				"STATE" : "NSW",
				"POSTCODE" : 2484,
				"NO_OF_RAMP_LANE" : "1",
				"CAR_TRAILER_SPACE" : "21-50",
				"WATERWAY_ACCESS" : "All Times",
				"CONDITION" : "Poor",
				"CONSTRUCTION_MATERIAL" : "Concrete",
				"BBQ" : "No",
				"FEE_PAYABLE" : "No",
				"FISH_CLEAN_TABLE" : "No",
				"FUEL" : "No",
				"KIOSK" : "No",
				"LIGHTING" : "No",
				"TOILET" : "No",
				"WASTE_BIN" : "No",
				"RAMP_PONTOON" : "Yes",
				"PONTOON_JETTY_NEARBY" : "Yes"
			}
		},
		{
			"type" : "Feature",
			"geometry" : {
				"type" : "Point",
				"coordinates" : [ 153.5643092543, -28.2000675801 ]
			},
			"properties" : {
				"ASSET_OWNER" : "Tweed Shire Council",
				"BOAT_RAMP_ID" : 182,
				"DESCRIPTION" : "Fingal Boat Harbour Boat Ramp",
				"CONTACT_NUMBER" : "02 6670 2400",
				"STREET" : "Lighthouse Parade",
				"SUBURB" : "Fingal Head",
				"WATERWAY" : "Tweed River",
				"STATE" : "NSW",
				"POSTCODE" : 2487,
				"NO_OF_RAMP_LANE" : "2",
				"CAR_TRAILER_SPACE" : "21-50",
				"WATERWAY_ACCESS" : "All Times",
				"CONDITION" : "Good",
				"CONSTRUCTION_MATERIAL" : "Concrete",
				"BBQ" : "Yes",
				"FEE_PAYABLE" : "No",
				"FISH_CLEAN_TABLE" : "Yes",
				"FUEL" : "No",
				"KIOSK" : "No",
				"LIGHTING" : "Yes",
				"TOILET" : "Yes",
				"WASTE_BIN" : "Yes",
				"RAMP_PONTOON" : "No",
				"PONTOON_JETTY_NEARBY" : "Yes"
			}
		},
		{
			"type" : "Feature",
			"geometry" : {
				"type" : "Point",
				"coordinates" : [ 147.3684651145, -35.0895346601 ]
			},
			"properties" : {
				"ASSET_OWNER" : "Wagga Wagga City Council",
				"BOAT_RAMP_ID" : 601,
				"DESCRIPTION" : "Wiradjuri Reserve Boat Ramp",
				"CONTACT_NUMBER" : "1300 292 442",
				"STREET" : "Narrung Street",
				"SUBURB" : "Wagga Wagga",
				"WATERWAY" : "Murrumbidgee River",
				"STATE" : "NSW",
				"POSTCODE" : 2650,
				"NO_OF_RAMP_LANE" : "1",
				"CAR_TRAILER_SPACE" : "21-50",
				"WATERWAY_ACCESS" : "Shallow At Times",
				"CONDITION" : "Good",
				"CONSTRUCTION_MATERIAL" : "Concrete",
				"BBQ" : "No",
				"FEE_PAYABLE" : "No",
				"FISH_CLEAN_TABLE" : "No",
				"FUEL" : "No",
				"KIOSK" : "No",
				"LIGHTING" : "No",
				"TOILET" : "Yes",
				"WASTE_BIN" : "Yes",
				"RAMP_PONTOON" : "No",
				"PONTOON_JETTY_NEARBY" : "No"
			}
		},
		{
			"type" : "Feature",
			"geometry" : {
				"type" : "Point",
				"coordinates" : [ 150.9276268081, -34.3689618926 ]
			},
			"properties" : {
				"ASSET_OWNER" : "Wollongong City Council",
				"BOAT_RAMP_ID" : 27,
				"DESCRIPTION" : "Bellambi Boat Ramp (Alternate Beach Ramp)",
				"CONTACT_NUMBER" : "02 4227 7111",
				"STREET" : "Robert Cram Drive",
				"SUBURB" : "Bellambi",
				"WATERWAY" : "Ocean",
				"STATE" : "NSW",
				"POSTCODE" : 2518,
				"NO_OF_RAMP_LANE" : "2",
				"CAR_TRAILER_SPACE" : "21-50",
				"WATERWAY_ACCESS" : "High Tide Only",
				"CONDITION" : "Good",
				"CONSTRUCTION_MATERIAL" : "Concrete",
				"BBQ" : "No",
				"FEE_PAYABLE" : "No",
				"FISH_CLEAN_TABLE" : "Yes",
				"FUEL" : "No",
				"KIOSK" : "No",
				"LIGHTING" : "No",
				"TOILET" : "No",
				"WASTE_BIN" : "No",
				"RAMP_PONTOON" : "No",
				"PONTOON_JETTY_NEARBY" : "Yes"
			}
		},
		{
			"type" : "Feature",
			"geometry" : {
				"type" : "Point",
				"coordinates" : [ 150.8573608579, -34.4847270681 ]
			},
			"properties" : {
				"ASSET_OWNER" : "Wollongong City Council",
				"BOAT_RAMP_ID" : 284,
				"DESCRIPTION" : "Lake Illawarra - Berkeley (East Ramp)",
				"CONTACT_NUMBER" : "02 4227 7111",
				"STREET" : "Northcliffe Drive",
				"SUBURB" : "Berkeley",
				"WATERWAY" : "Lake Illawarra",
				"STATE" : "NSW",
				"POSTCODE" : 2506,
				"NO_OF_RAMP_LANE" : "2",
				"CAR_TRAILER_SPACE" : "21-50",
				"WATERWAY_ACCESS" : "Shallow At Times",
				"CONDITION" : "Good",
				"CONSTRUCTION_MATERIAL" : "Concrete",
				"BBQ" : "No",
				"FEE_PAYABLE" : "No",
				"FISH_CLEAN_TABLE" : "No",
				"FUEL" : "No",
				"KIOSK" : "No",
				"LIGHTING" : "No",
				"TOILET" : "Yes",
				"WASTE_BIN" : "Yes",
				"RAMP_PONTOON" : "No",
				"PONTOON_JETTY_NEARBY" : "Yes"
			}
		},
		{
			"type" : "Feature",
			"geometry" : {
				"type" : "Point",
				"coordinates" : [ 150.8551862196, -34.4837971443 ]
			},
			"properties" : {
				"ASSET_OWNER" : "Wollongong City Council",
				"BOAT_RAMP_ID" : 285,
				"DESCRIPTION" : "Lake Illawarra - Berkeley Harbour",
				"CONTACT_NUMBER" : "02 4227 7111",
				"STREET" : "Northcliffe Drive",
				"SUBURB" : "Berkeley",
				"WATERWAY" : "Lake Illawarra",
				"STATE" : "NSW",
				"POSTCODE" : 2506,
				"NO_OF_RAMP_LANE" : "2",
				"CAR_TRAILER_SPACE" : "21-50",
				"WATERWAY_ACCESS" : "All Times",
				"CONDITION" : "Good",
				"CONSTRUCTION_MATERIAL" : "Concrete",
				"BBQ" : "No",
				"FEE_PAYABLE" : "No",
				"FISH_CLEAN_TABLE" : "No",
				"FUEL" : "No",
				"KIOSK" : "Yes",
				"LIGHTING" : "Yes",
				"TOILET" : "Yes",
				"WASTE_BIN" : "Yes",
				"RAMP_PONTOON" : "No",
				"PONTOON_JETTY_NEARBY" : "Yes"
			}
		},
		{
			"type" : "Feature",
			"geometry" : {
				"type" : "Point",
				"coordinates" : [ 145.9514214431, -30.0569053644 ]
			},
			"properties" : {
				"ASSET_OWNER" : "Bourke Shire Council",
				"BOAT_RAMP_ID" : 62,
				"DESCRIPTION" : "Bourke Boat Ramp - Darling River",
				"CONTACT_NUMBER" : "02 6830 8000",
				"STREET" : "Mitchell Hwy",
				"SUBURB" : "North Bourke",
				"WATERWAY" : "Darling River",
				"STATE" : "NSW",
				"POSTCODE" : 2840,
				"NO_OF_RAMP_LANE" : "1",
				"CAR_TRAILER_SPACE" : "51+",
				"WATERWAY_ACCESS" : "Shallow At Times",
				"CONDITION" : "Good",
				"CONSTRUCTION_MATERIAL" : "Concrete",
				"BBQ" : "No",
				"FEE_PAYABLE" : "No",
				"FISH_CLEAN_TABLE" : "No",
				"FUEL" : "No",
				"KIOSK" : "No",
				"LIGHTING" : "No",
				"TOILET" : "No",
				"WASTE_BIN" : "No",
				"RAMP_PONTOON" : "No",
				"PONTOON_JETTY_NEARBY" : "No"
			}
		},
		{
			"type" : "Feature",
			"geometry" : {
				"type" : "Point",
				"coordinates" : [ 151.1207906404, -33.8567567954 ]
			},
			"properties" : {
				"ASSET_OWNER" : "City Of Canada Bay Council",
				"BOAT_RAMP_ID" : 25,
				"DESCRIPTION" : "Bayview Park Boat Ramp",
				"CONTACT_NUMBER" : "02 9911 6555",
				"STREET" : "Burwood Road",
				"SUBURB" : "Concord",
				"WATERWAY" : "Parramatta River",
				"STATE" : "NSW",
				"POSTCODE" : 2137,
				"NO_OF_RAMP_LANE" : "2",
				"CAR_TRAILER_SPACE" : "60-100",
				"WATERWAY_ACCESS" : "All Times",
				"CONDITION" : "Good",
				"CONSTRUCTION_MATERIAL" : "Concrete",
				"BBQ" : "No",
				"FEE_PAYABLE" : "No",
				"FISH_CLEAN_TABLE" : "No",
				"FUEL" : "No",
				"KIOSK" : "No",
				"LIGHTING" : "Yes",
				"TOILET" : "Yes",
				"WASTE_BIN" : "No",
				"RAMP_PONTOON" : "Yes",
				"PONTOON_JETTY_NEARBY" : "Yes"
			}
		},
		{
			"type" : "Feature",
			"geometry" : {
				"type" : "Point",
				"coordinates" : [ 153.1426049131, -30.3112708886 ]
			},
			"properties" : {
				"ASSET_OWNER" : "Coffs Harbour City Council",
				"BOAT_RAMP_ID" : 116,
				"DESCRIPTION" : "Coffs Harbour Boat Ramp (Sourthern Side Of Outer Harbour)",
				"CONTACT_NUMBER" : "02 6648 4000",
				"STREET" : "Jordan Esplanade",
				"SUBURB" : "Coffs Harbour",
				"WATERWAY" : "Coffs Harbour",
				"STATE" : "NSW",
				"POSTCODE" : 2450,
				"NO_OF_RAMP_LANE" : "4",
				"CAR_TRAILER_SPACE" : "51+",
				"WATERWAY_ACCESS" : "All Times",
				"CONDITION" : "Good",
				"CONSTRUCTION_MATERIAL" : "Concrete",
				"BBQ" : "No",
				"FEE_PAYABLE" : "No",
				"FISH_CLEAN_TABLE" : "Yes",
				"FUEL" : "No",
				"KIOSK" : "No",
				"LIGHTING" : "Yes",
				"TOILET" : "No",
				"WASTE_BIN" : "Yes",
				"RAMP_PONTOON" : "Yes",
				"PONTOON_JETTY_NEARBY" : "No"
			}
		},
		{
			"type" : "Feature",
			"geometry" : {
				"type" : "Point",
				"coordinates" : [ 149.826109444, -32.8087094483 ]
			},
			"properties" : {
				"ASSET_OWNER" : "Cudgegong Waters Park",
				"BOAT_RAMP_ID" : 598,
				"DESCRIPTION" : "Windamere Dam",
				"CONTACT_NUMBER" : "02 6358 8462",
				"STREET" : "Cudgegongroad",
				"SUBURB" : "Windamere Dam",
				"WATERWAY" : "Windamere Dam",
				"STATE" : "NSW",
				"POSTCODE" : 2852,
				"NO_OF_RAMP_LANE" : "2",
				"CAR_TRAILER_SPACE" : "51+",
				"WATERWAY_ACCESS" : "Shallow At Times",
				"CONDITION" : "Good",
				"CONSTRUCTION_MATERIAL" : "Concrete",
				"BBQ" : "Yes",
				"FEE_PAYABLE" : "Yes",
				"FISH_CLEAN_TABLE" : "No",
				"FUEL" : "No",
				"KIOSK" : "Yes",
				"LIGHTING" : "No",
				"TOILET" : "Yes",
				"WASTE_BIN" : "Yes",
				"RAMP_PONTOON" : "No",
				"PONTOON_JETTY_NEARBY" : "No"
			}
		},
		{
			"type" : "Feature",
			"geometry" : {
				"type" : "Point",
				"coordinates" : [ 149.1126208829, -32.6861629901 ]
			},
			"properties" : {
				"ASSET_OWNER" : "Department of Primary Industries - State Parks",
				"BOAT_RAMP_ID" : 86,
				"DESCRIPTION" : "Lake Burrendong State Park - Main Ramp",
				"CONTACT_NUMBER" : "02 6846 7435",
				"STREET" : "Fashions Mount Road",
				"SUBURB" : "Lake Burrendong",
				"WATERWAY" : "Lake Burrendong",
				"STATE" : "NSW",
				"POSTCODE" : 2820,
				"NO_OF_RAMP_LANE" : "2",
				"CAR_TRAILER_SPACE" : "51+",
				"WATERWAY_ACCESS" : "Shallow At Times",
				"CONDITION" : "Good",
				"CONSTRUCTION_MATERIAL" : "Concrete",
				"BBQ" : "Yes",
				"FEE_PAYABLE" : "Yes",
				"FISH_CLEAN_TABLE" : "Yes",
				"FUEL" : "Yes",
				"KIOSK" : "Yes",
				"LIGHTING" : "No",
				"TOILET" : "Yes",
				"WASTE_BIN" : "Yes",
				"RAMP_PONTOON" : "No",
				"PONTOON_JETTY_NEARBY" : "No"
			}
		},
		{
			"type" : "Feature",
			"geometry" : {
				"type" : "Point",
				"coordinates" : [ 150.1292512413, -36.20913529 ]
			},
			"properties" : {
				"ASSET_OWNER" : "Eurobodalla Shire Council",
				"BOAT_RAMP_ID" : 9,
				"DESCRIPTION" : "Apex Park Boat Ramp, Narooma",
				"CONTACT_NUMBER" : "02 4474 1000",
				"STREET" : "Centenary Drive",
				"SUBURB" : "Narooma",
				"WATERWAY" : "Wagonga Inlet",
				"STATE" : "NSW",
				"POSTCODE" : 2546,
				"NO_OF_RAMP_LANE" : "2",
				"CAR_TRAILER_SPACE" : "51+",
				"WATERWAY_ACCESS" : "All Times",
				"CONDITION" : "Good",
				"CONSTRUCTION_MATERIAL" : "Concrete",
				"BBQ" : "Yes",
				"FEE_PAYABLE" : "No",
				"FISH_CLEAN_TABLE" : "Yes",
				"FUEL" : "No",
				"KIOSK" : "No",
				"LIGHTING" : "Yes",
				"TOILET" : "Yes",
				"WASTE_BIN" : "Yes",
				"RAMP_PONTOON" : "Yes",
				"PONTOON_JETTY_NEARBY" : "Yes"
			}
		},
		{
			"type" : "Feature",
			"geometry" : {
				"type" : "Point",
				"coordinates" : [ 150.1966178493, -35.7184840765 ]
			},
			"properties" : {
				"ASSET_OWNER" : "Eurobodalla Shire Council",
				"BOAT_RAMP_ID" : 223,
				"DESCRIPTION" : "Hanging Rock Boat Ramp, Batemans Bay",
				"CONTACT_NUMBER" : "02 4474 1000",
				"STREET" : "Hanging Rock Place",
				"SUBURB" : "Batemans Bay",
				"WATERWAY" : "Clyde River",
				"STATE" : "NSW",
				"POSTCODE" : 2536,
				"NO_OF_RAMP_LANE" : "3",
				"CAR_TRAILER_SPACE" : "51+",
				"WATERWAY_ACCESS" : "All Times",
				"CONDITION" : "Good",
				"CONSTRUCTION_MATERIAL" : "Concrete",
				"BBQ" : "No",
				"FEE_PAYABLE" : "No",
				"FISH_CLEAN_TABLE" : "Yes",
				"FUEL" : "No",
				"KIOSK" : "No",
				"LIGHTING" : "Yes",
				"TOILET" : "Yes",
				"WASTE_BIN" : "Yes",
				"RAMP_PONTOON" : "Yes",
				"PONTOON_JETTY_NEARBY" : "Yes"
			}
		},
		{
			"type" : "Feature",
			"geometry" : {
				"type" : "Point",
				"coordinates" : [ 149.0124346476, -33.950271167 ]
			},
			"properties" : {
				"ASSET_OWNER" : "Grabine Lakeside State Park \n(NSW Crown Holiday Park Trust)",
				"BOAT_RAMP_ID" : 525,
				"DESCRIPTION" : "Taylors Point Boat Ramp",
				"CONTACT_NUMBER" : "02 4835 2345",
				"STREET" : "Foggs Crossing Road",
				"SUBURB" : "Bigga",
				"WATERWAY" : "Lachlan River",
				"STATE" : "NSW",
				"POSTCODE" : 2583,
				"NO_OF_RAMP_LANE" : "1",
				"CAR_TRAILER_SPACE" : "51+",
				"WATERWAY_ACCESS" : "Shallow At Times",
				"CONDITION" : "Good",
				"CONSTRUCTION_MATERIAL" : "Concrete",
				"BBQ" : "Yes",
				"FEE_PAYABLE" : "Yes",
				"FISH_CLEAN_TABLE" : "No",
				"FUEL" : "Yes",
				"KIOSK" : "Yes",
				"LIGHTING" : "No",
				"TOILET" : "Yes",
				"WASTE_BIN" : "Yes",
				"RAMP_PONTOON" : "No",
				"PONTOON_JETTY_NEARBY" : "No"
			}
		},
		{
			"type" : "Feature",
			"geometry" : {
				"type" : "Point",
				"coordinates" : [ 151.1617447795, -33.9461973041 ]
			},
			"properties" : {
				"ASSET_OWNER" : "Bayside Council",
				"BOAT_RAMP_ID" : 280,
				"DESCRIPTION" : "Kyeemagh Boat Ramp",
				"CONTACT_NUMBER" : "1300 581 299",
				"STREET" : "Mutch Avenue",
				"SUBURB" : "Kyeemagh",
				"WATERWAY" : "Cooks River",
				"STATE" : "NSW",
				"POSTCODE" : 2216,
				"NO_OF_RAMP_LANE" : "4",
				"CAR_TRAILER_SPACE" : "51+",
				"WATERWAY_ACCESS" : "All Times",
				"CONDITION" : "Good",
				"CONSTRUCTION_MATERIAL" : "Concrete",
				"BBQ" : "No",
				"FEE_PAYABLE" : "No",
				"FISH_CLEAN_TABLE" : "No",
				"FUEL" : "No",
				"KIOSK" : "No",
				"LIGHTING" : "Yes",
				"TOILET" : "Yes",
				"WASTE_BIN" : "Yes",
				"RAMP_PONTOON" : "Yes",
				"PONTOON_JETTY_NEARBY" : "Yes"
			}
		},
		{
			"type" : "Feature",
			"geometry" : {
				"type" : "Point",
				"coordinates" : [ 151.3039685367, -33.661865799 ]
			},
			"properties" : {
				"ASSET_OWNER" : "Northern Beaches Council",
				"BOAT_RAMP_ID" : 443,
				"DESCRIPTION" : "Bayview Boat Ramp (Rowland Reserve)",
				"CONTACT_NUMBER" : "1300 434 434",
				"STREET" : "Pittwater Road",
				"SUBURB" : "Bayview",
				"WATERWAY" : "Pittwater / Hawkesbury River Broken Bay",
				"STATE" : "NSW",
				"POSTCODE" : 2104,
				"NO_OF_RAMP_LANE" : "3",
				"CAR_TRAILER_SPACE" : "51+",
				"WATERWAY_ACCESS" : "Shallow At Times",
				"CONDITION" : "Good",
				"CONSTRUCTION_MATERIAL" : "Concrete",
				"BBQ" : "No",
				"FEE_PAYABLE" : "Yes",
				"FISH_CLEAN_TABLE" : "Yes",
				"FUEL" : "No",
				"KIOSK" : "No",
				"LIGHTING" : "Yes",
				"TOILET" : "Yes",
				"WASTE_BIN" : "Yes",
				"RAMP_PONTOON" : "Yes",
				"PONTOON_JETTY_NEARBY" : "Yes"
			}
		},
		{
			"type" : "Feature",
			"geometry" : {
				"type" : "Point",
				"coordinates" : [ 148.6074574658, -35.9432219353 ]
			},
			"properties" : {
				"ASSET_OWNER" : "Snowy  Hydro",
				"BOAT_RAMP_ID" : 424,
				"DESCRIPTION" : "Providence Portal Access Point, Lake Eucumbene",
				"CONTACT_NUMBER" : "02 6453 2888",
				"STREET" : "Snowy Mountains Highway",
				"SUBURB" : "Providence",
				"WATERWAY" : "Lake Eucumbene",
				"STATE" : "NSW",
				"POSTCODE" : 2629,
				"NO_OF_RAMP_LANE" : "1",
				"CAR_TRAILER_SPACE" : "51+",
				"WATERWAY_ACCESS" : "All Times",
				"CONDITION" : "Good",
				"CONSTRUCTION_MATERIAL" : "Unsealed",
				"BBQ" : "No",
				"FEE_PAYABLE" : "No",
				"FISH_CLEAN_TABLE" : "No",
				"FUEL" : "No",
				"KIOSK" : "No",
				"LIGHTING" : "No",
				"TOILET" : "No",
				"WASTE_BIN" : "No",
				"RAMP_PONTOON" : "No",
				"PONTOON_JETTY_NEARBY" : "No"
			}
		},
		{
			"type" : "Feature",
			"geometry" : {
				"type" : "Point",
				"coordinates" : [ 148.6629638174, -35.9956222902 ]
			},
			"properties" : {
				"ASSET_OWNER" : "Snowy Monaro Regional Council",
				"BOAT_RAMP_ID" : 5,
				"DESCRIPTION" : "Anglers Reach Boat Ramp",
				"CONTACT_NUMBER" : "1300 345 345",
				"STREET" : "Anglers Reachroad",
				"SUBURB" : "Anglers Reach",
				"WATERWAY" : "Lake Eucumbene",
				"STATE" : "NSW",
				"POSTCODE" : 2629,
				"NO_OF_RAMP_LANE" : "1",
				"CAR_TRAILER_SPACE" : "51+",
				"WATERWAY_ACCESS" : "Shallow At Times",
				"CONDITION" : "Fair",
				"CONSTRUCTION_MATERIAL" : "Unsealed",
				"BBQ" : "No",
				"FEE_PAYABLE" : "No",
				"FISH_CLEAN_TABLE" : "No",
				"FUEL" : "Yes",
				"KIOSK" : "Yes",
				"LIGHTING" : "No",
				"TOILET" : "Yes",
				"WASTE_BIN" : "No",
				"RAMP_PONTOON" : "No",
				"PONTOON_JETTY_NEARBY" : "No"
			}
		},
		{
			"type" : "Feature",
			"geometry" : {
				"type" : "Point",
				"coordinates" : [ 148.7077191606, -36.0401249592 ]
			},
			"properties" : {
				"ASSET_OWNER" : "Snowy Monaro Regional Council",
				"BOAT_RAMP_ID" : 398,
				"DESCRIPTION" : "Old Adaminaby, Lake Eucumbene",
				"CONTACT_NUMBER" : "1300 345 345",
				"STREET" : "Snowy Mountains Highway",
				"SUBURB" : "Kosciuszko National Park",
				"WATERWAY" : "Lake Eucumbene",
				"STATE" : "NSW",
				"POSTCODE" : 2720,
				"NO_OF_RAMP_LANE" : "1",
				"CAR_TRAILER_SPACE" : "51+",
				"WATERWAY_ACCESS" : "Shallow At Times",
				"CONDITION" : "Good",
				"CONSTRUCTION_MATERIAL" : "Concrete",
				"BBQ" : "No",
				"FEE_PAYABLE" : "No",
				"FISH_CLEAN_TABLE" : "No",
				"FUEL" : "No",
				"KIOSK" : "Yes",
				"LIGHTING" : "No",
				"TOILET" : "Yes",
				"WASTE_BIN" : "No",
				"RAMP_PONTOON" : "No",
				"PONTOON_JETTY_NEARBY" : "No"
			}
		},
		{
			"type" : "Feature",
			"geometry" : {
				"type" : "Point",
				"coordinates" : [ 151.1989024628, -33.9581396463 ]
			},
			"properties" : {
				"ASSET_OWNER" : "Port Authority of NSW",
				"BOAT_RAMP_ID" : 657,
				"DESCRIPTION" : "Port Botany - Foreshore Road",
				"CONTACT_NUMBER" : "02 9296 4962",
				"STREET" : "Foreshore Road",
				"SUBURB" : "Banksmeadow",
				"WATERWAY" : "Botany Bay",
				"STATE" : "NSW",
				"POSTCODE" : 2019,
				"NO_OF_RAMP_LANE" : "4",
				"CAR_TRAILER_SPACE" : "51+",
				"WATERWAY_ACCESS" : "All Times",
				"CONDITION" : "Good",
				"CONSTRUCTION_MATERIAL" : "Concrete",
				"BBQ" : "No",
				"FEE_PAYABLE" : "No",
				"FISH_CLEAN_TABLE" : "Yes",
				"FUEL" : "No",
				"KIOSK" : "No",
				"LIGHTING" : "Yes",
				"TOILET" : "Yes",
				"WASTE_BIN" : "Yes",
				"RAMP_PONTOON" : "Yes",
				"PONTOON_JETTY_NEARBY" : "Yes"
			}
		},
		{
			"type" : "Feature",
			"geometry" : {
				"type" : "Point",
				"coordinates" : [ 150.9288512968, -34.3679750027 ]
			},
			"properties" : {
				"ASSET_OWNER" : "Wollongong City Council",
				"BOAT_RAMP_ID" : 28,
				"DESCRIPTION" : "Bellambi Boat Ramp (Main Ramp)",
				"CONTACT_NUMBER" : "02 4227 7111",
				"STREET" : "Robert Cram Drive",
				"SUBURB" : "Bellambi",
				"WATERWAY" : "Ocean",
				"STATE" : "NSW",
				"POSTCODE" : 2518,
				"NO_OF_RAMP_LANE" : "4",
				"CAR_TRAILER_SPACE" : "51-80",
				"WATERWAY_ACCESS" : "Shallow At Times",
				"CONDITION" : "Good",
				"CONSTRUCTION_MATERIAL" : "Concrete",
				"BBQ" : "No",
				"FEE_PAYABLE" : "No",
				"FISH_CLEAN_TABLE" : "Yes",
				"FUEL" : "No",
				"KIOSK" : "No",
				"LIGHTING" : "Yes",
				"TOILET" : "No",
				"WASTE_BIN" : "Yes",
				"RAMP_PONTOON" : "Yes",
				"PONTOON_JETTY_NEARBY" : "Yes"
			}
		},
		{
			"type" : "Feature",
			"geometry" : {
				"type" : "Point",
				"coordinates" : [ 150.8264613313, -34.5040450275 ]
			},
			"properties" : {
				"ASSET_OWNER" : "Wollongong City Council",
				"BOAT_RAMP_ID" : 286,
				"DESCRIPTION" : "Lake Illawarra - Kanahooka",
				"CONTACT_NUMBER" : "02 4227 7111",
				"STREET" : "Kanahooka Road",
				"SUBURB" : "Kanahooka",
				"WATERWAY" : "Lake Illawarra",
				"STATE" : "NSW",
				"POSTCODE" : 2530,
				"NO_OF_RAMP_LANE" : "2",
				"CAR_TRAILER_SPACE" : "51+",
				"WATERWAY_ACCESS" : "All Times",
				"CONDITION" : "Poor",
				"CONSTRUCTION_MATERIAL" : "Concrete",
				"BBQ" : "No",
				"FEE_PAYABLE" : "No",
				"FISH_CLEAN_TABLE" : "No",
				"FUEL" : "No",
				"KIOSK" : "No",
				"LIGHTING" : "Yes",
				"TOILET" : "Yes",
				"WASTE_BIN" : "Yes",
				"RAMP_PONTOON" : "No",
				"PONTOON_JETTY_NEARBY" : "Yes"
			}
		},
		{
			"type" : "Feature",
			"geometry" : {
				"type" : "Point",
				"coordinates" : [ 150.9126267868, -34.4744082847 ]
			},
			"properties" : {
				"ASSET_OWNER" : "Wollongong City Council",
				"BOAT_RAMP_ID" : 419,
				"DESCRIPTION" : "Port Kembla Boat Harbour (Darcy Rd)",
				"CONTACT_NUMBER" : "02 4227 7111",
				"STREET" : "Foreshore Raod",
				"SUBURB" : "Port Kembla",
				"WATERWAY" : "Port Kembla Outer Harbour",
				"STATE" : "NSW",
				"POSTCODE" : 2505,
				"NO_OF_RAMP_LANE" : "3",
				"CAR_TRAILER_SPACE" : "51+",
				"WATERWAY_ACCESS" : "All Times",
				"CONDITION" : "Good",
				"CONSTRUCTION_MATERIAL" : "Concrete",
				"BBQ" : "No",
				"FEE_PAYABLE" : "No",
				"FISH_CLEAN_TABLE" : "Yes",
				"FUEL" : "No",
				"KIOSK" : "No",
				"LIGHTING" : "Yes",
				"TOILET" : "Yes",
				"WASTE_BIN" : "Yes",
				"RAMP_PONTOON" : "No",
				"PONTOON_JETTY_NEARBY" : "Yes"
			}
		},
		{
			"type" : "Feature",
			"geometry" : {
				"type" : "Point",
				"coordinates" : [ 148.956123113, -33.964137387 ]
			},
			"properties" : {
				"ASSET_OWNER" : "Wyangala Waters State Park",
				"BOAT_RAMP_ID" : 619,
				"DESCRIPTION" : "Wyangala Dam",
				"CONTACT_NUMBER" : "02 6345 0877",
				"STREET" : "Wyangalaroad",
				"SUBURB" : "Wyangala",
				"WATERWAY" : "Wyangala Dam",
				"STATE" : "NSW",
				"POSTCODE" : 2808,
				"NO_OF_RAMP_LANE" : "2",
				"CAR_TRAILER_SPACE" : "51+",
				"WATERWAY_ACCESS" : "Shallow At Times",
				"CONDITION" : "Good",
				"CONSTRUCTION_MATERIAL" : "Concrete",
				"BBQ" : "Yes",
				"FEE_PAYABLE" : "Yes",
				"FISH_CLEAN_TABLE" : "Yes",
				"FUEL" : "Yes",
				"KIOSK" : "Yes",
				"LIGHTING" : "No",
				"TOILET" : "No",
				"WASTE_BIN" : "Yes",
				"RAMP_PONTOON" : "No",
				"PONTOON_JETTY_NEARBY" : "No"
			}
		},
		{
			"type" : "Feature",
			"geometry" : {
				"type" : "Point",
				"coordinates" : [ 153.4351621549, -28.3052628381 ]
			},
			"properties" : {
				"ASSET_OWNER" : "Tweed Shire Council",
				"BOAT_RAMP_ID" : 643,
				"DESCRIPTION" : "Clarrie Purnell Park - Condong",
				"CONTACT_NUMBER" : "02 6670 2400",
				"STREET" : "Mcleod Street",
				"SUBURB" : "Condong",
				"WATERWAY" : "Tweed River",
				"STATE" : "NSW",
				"POSTCODE" : 2484,
				"NO_OF_RAMP_LANE" : "1",
				"CAR_TRAILER_SPACE" : "Informal",
				"WATERWAY_ACCESS" : "All Times",
				"CONDITION" : "Fair",
				"CONSTRUCTION_MATERIAL" : "Concrete",
				"BBQ" : "No",
				"FEE_PAYABLE" : "No",
				"FISH_CLEAN_TABLE" : "No",
				"FUEL" : "No",
				"KIOSK" : "No",
				"LIGHTING" : "Yes",
				"TOILET" : "No",
				"WASTE_BIN" : "Yes",
				"RAMP_PONTOON" : "Yes",
				"PONTOON_JETTY_NEARBY" : "No"
			}
		},
		{
			"type" : "Feature",
			"geometry" : {
				"type" : "Point",
				"coordinates" : [ 151.0514585782, -33.8247900846 ]
			},
			"properties" : {
				"ASSET_OWNER" : "City of Parramatta Council",
				"BOAT_RAMP_ID" : 476,
				"DESCRIPTION" : "Silverwater Park",
				"CONTACT_NUMBER" : "1300 617 058",
				"STREET" : "Clyde Street",
				"SUBURB" : "Silverwater",
				"WATERWAY" : "Parramatta River",
				"STATE" : "NSW",
				"POSTCODE" : 2128,
				"NO_OF_RAMP_LANE" : "2",
				"CAR_TRAILER_SPACE" : "Unconfirmed",
				"WATERWAY_ACCESS" : "All Times",
				"CONDITION" : "Good",
				"CONSTRUCTION_MATERIAL" : "Concrete",
				"BBQ" : "No",
				"FEE_PAYABLE" : "No",
				"FISH_CLEAN_TABLE" : "No",
				"FUEL" : "No",
				"KIOSK" : "No",
				"LIGHTING" : "No",
				"TOILET" : "Yes",
				"WASTE_BIN" : "No",
				"RAMP_PONTOON" : "Yes",
				"PONTOON_JETTY_NEARBY" : "No"
			}
		},
		{
			"type" : "Feature",
			"geometry" : {
				"type" : "Point",
				"coordinates" : [ 152.9411469339, -30.4686234286 ]
			},
			"properties" : {
				"ASSET_OWNER" : "Bellingen Shire Council",
				"BOAT_RAMP_ID" : 29,
				"DESCRIPTION" : "Bellinger River Boat Ramp",
				"CONTACT_NUMBER" : "02 6655 7300",
				"STREET" : "Waterfall Way",
				"SUBURB" : "Fernmount",
				"WATERWAY" : "Bellinger River",
				"STATE" : "NSW",
				"POSTCODE" : 2454,
				"NO_OF_RAMP_LANE" : "1",
				"CAR_TRAILER_SPACE" : "Unconfirmed",
				"WATERWAY_ACCESS" : "All Times",
				"CONDITION" : "Poor",
				"CONSTRUCTION_MATERIAL" : "Unsealed",
				"BBQ" : "Yes",
				"FEE_PAYABLE" : "No",
				"FISH_CLEAN_TABLE" : "No",
				"FUEL" : "Yes",
				"KIOSK" : "No",
				"LIGHTING" : "No",
				"TOILET" : "No",
				"WASTE_BIN" : "No",
				"RAMP_PONTOON" : "No",
				"PONTOON_JETTY_NEARBY" : "No"
			}
		},
		{
			"type" : "Feature",
			"geometry" : {
				"type" : "Point",
				"coordinates" : [ 152.9638158971, -30.7012649513 ]
			},
			"properties" : {
				"ASSET_OWNER" : "Nambucca Valley Council",
				"BOAT_RAMP_ID" : 31,
				"DESCRIPTION" : "Belmore Channel - South Nambucca",
				"CONTACT_NUMBER" : "02 6568 2555",
				"STREET" : "Pacific Highway",
				"SUBURB" : "Nambucca Heads",
				"WATERWAY" : "Nambucca River",
				"STATE" : "NSW",
				"POSTCODE" : 2448,
				"NO_OF_RAMP_LANE" : "1",
				"CAR_TRAILER_SPACE" : "Unconfirmed",
				"WATERWAY_ACCESS" : "Shallow At Times",
				"CONDITION" : "Poor",
				"CONSTRUCTION_MATERIAL" : "Unsealed",
				"BBQ" : "Yes",
				"FEE_PAYABLE" : "No",
				"FISH_CLEAN_TABLE" : "No",
				"FUEL" : "Yes",
				"KIOSK" : "Yes",
				"LIGHTING" : "No",
				"TOILET" : "No",
				"WASTE_BIN" : "No",
				"RAMP_PONTOON" : "No",
				"PONTOON_JETTY_NEARBY" : "No"
			}
		},
		{
			"type" : "Feature",
			"geometry" : {
				"type" : "Point",
				"coordinates" : [ 153.004247972, -30.4827550077 ]
			},
			"properties" : {
				"ASSET_OWNER" : "Urunga Waters Tourist Park",
				"BOAT_RAMP_ID" : 253,
				"DESCRIPTION" : "Kalang River Boat Ramp",
				"CONTACT_NUMBER" : "02 6655 6242",
				"STREET" : "Pacific Highway",
				"SUBURB" : "Urunga",
				"WATERWAY" : "Kalang River",
				"STATE" : "NSW",
				"POSTCODE" : 2455,
				"NO_OF_RAMP_LANE" : "1",
				"CAR_TRAILER_SPACE" : "Unconfirmed",
				"WATERWAY_ACCESS" : "Shallow At Times",
				"CONDITION" : "Poor",
				"CONSTRUCTION_MATERIAL" : "Unsealed",
				"BBQ" : "No",
				"FEE_PAYABLE" : "No",
				"FISH_CLEAN_TABLE" : "No",
				"FUEL" : "No",
				"KIOSK" : "No",
				"LIGHTING" : "No",
				"TOILET" : "No",
				"WASTE_BIN" : "No",
				"RAMP_PONTOON" : "No",
				"PONTOON_JETTY_NEARBY" : "No"
			}
		},
		{
			"type" : "Feature",
			"geometry" : {
				"type" : "Point",
				"coordinates" : [ 151.1357384131, -31.3602736433 ]
			},
			"properties" : {
				"ASSET_OWNER" : "Bowling Alley Point Recreation Reserve Trust",
				"BOAT_RAMP_ID" : 100,
				"DESCRIPTION" : "Bowling Alley Point Recreation Reserve Boat Ramp",
				"CONTACT_NUMBER" : "02 6740 2100",
				"STREET" : "Tamworth Nundle Road",
				"SUBURB" : "Bowling Alley Point ",
				"WATERWAY" : "Chaffey Dam",
				"STATE" : "NSW",
				"POSTCODE" : 2340,
				"NO_OF_RAMP_LANE" : "1",
				"CAR_TRAILER_SPACE" : "Unconfirmed",
				"WATERWAY_ACCESS" : "All Times",
				"CONDITION" : "Good",
				"CONSTRUCTION_MATERIAL" : "Concrete",
				"BBQ" : "No",
				"FEE_PAYABLE" : "No",
				"FISH_CLEAN_TABLE" : "No",
				"FUEL" : "No",
				"KIOSK" : "No",
				"LIGHTING" : "No",
				"TOILET" : "Yes",
				"WASTE_BIN" : "No",
				"RAMP_PONTOON" : "No",
				"PONTOON_JETTY_NEARBY" : "No"
			}
		},
		{
			"type" : "Feature",
			"geometry" : {
				"type" : "Point",
				"coordinates" : [ 151.1162267395, -33.8416525703 ]
			},
			"properties" : {
				"ASSET_OWNER" : "City Of Canada Bay Council",
				"BOAT_RAMP_ID" : 260,
				"DESCRIPTION" : "Kendall Bay, Cabarita Park",
				"CONTACT_NUMBER" : "02 9911 6555",
				"STREET" : "Cabarita Road",
				"SUBURB" : "Cabarita",
				"WATERWAY" : "Parramatta River",
				"STATE" : "NSW",
				"POSTCODE" : 2137,
				"NO_OF_RAMP_LANE" : "1",
				"CAR_TRAILER_SPACE" : "Unconfirmed",
				"WATERWAY_ACCESS" : "All Times",
				"CONDITION" : "Good",
				"CONSTRUCTION_MATERIAL" : "Concrete",
				"BBQ" : "Yes",
				"FEE_PAYABLE" : "No",
				"FISH_CLEAN_TABLE" : "No",
				"FUEL" : "No",
				"KIOSK" : "No",
				"LIGHTING" : "Yes",
				"TOILET" : "Yes",
				"WASTE_BIN" : "No",
				"RAMP_PONTOON" : "No",
				"PONTOON_JETTY_NEARBY" : "Yes"
			}
		},
		{
			"type" : "Feature",
			"geometry" : {
				"type" : "Point",
				"coordinates" : [ 151.1486640742, -33.8490204787 ]
			},
			"properties" : {
				"ASSET_OWNER" : "City Of Canada Bay Council",
				"BOAT_RAMP_ID" : 519,
				"DESCRIPTION" : "Taplin Park",
				"CONTACT_NUMBER" : "02 9911 6555",
				"STREET" : "Bayswater Street",
				"SUBURB" : "Drummoyne",
				"WATERWAY" : "Parramatta River",
				"STATE" : "NSW",
				"POSTCODE" : 2047,
				"NO_OF_RAMP_LANE" : "3",
				"CAR_TRAILER_SPACE" : "Unconfirmed",
				"WATERWAY_ACCESS" : "All Times",
				"CONDITION" : "Good",
				"CONSTRUCTION_MATERIAL" : "Concrete",
				"BBQ" : "No",
				"FEE_PAYABLE" : "No",
				"FISH_CLEAN_TABLE" : "No",
				"FUEL" : "No",
				"KIOSK" : "No",
				"LIGHTING" : "Yes",
				"TOILET" : "Yes",
				"WASTE_BIN" : "No",
				"RAMP_PONTOON" : "Yes",
				"PONTOON_JETTY_NEARBY" : "No"
			}
		},
		{
			"type" : "Feature",
			"geometry" : {
				"type" : "Point",
				"coordinates" : [ 151.1014393784, -33.8305564221 ]
			},
			"properties" : {
				"ASSET_OWNER" : "Ryde City Council",
				"BOAT_RAMP_ID" : 426,
				"DESCRIPTION" : "Kissing Point Park Boat Ramp",
				"CONTACT_NUMBER" : "02 9952 8222",
				"STREET" : "Delange Road",
				"SUBURB" : "Putney",
				"WATERWAY" : "Parramatta River",
				"STATE" : "NSW",
				"POSTCODE" : 2112,
				"NO_OF_RAMP_LANE" : "2",
				"CAR_TRAILER_SPACE" : "50+",
				"WATERWAY_ACCESS" : "All Times",
				"CONDITION" : "Good",
				"CONSTRUCTION_MATERIAL" : "Concrete",
				"BBQ" : "No",
				"FEE_PAYABLE" : "No",
				"FISH_CLEAN_TABLE" : "No",
				"FUEL" : "No",
				"KIOSK" : "No",
				"LIGHTING" : "Yes",
				"TOILET" : "Yes",
				"WASTE_BIN" : "No",
				"RAMP_PONTOON" : "Yes",
				"PONTOON_JETTY_NEARBY" : "Yes"
			}
		},
		{
			"type" : "Feature",
			"geometry" : {
				"type" : "Point",
				"coordinates" : [ 153.1253021436, -30.2892504895 ]
			},
			"properties" : {
				"ASSET_OWNER" : "Coffs Harbour City Council",
				"BOAT_RAMP_ID" : 115,
				"DESCRIPTION" : "Coffs Harbour Creek - Melittas Avenue Boat Ramp",
				"CONTACT_NUMBER" : "02 6648 4000",
				"STREET" : "Melittas Avenue",
				"SUBURB" : "Coffs Harbour",
				"WATERWAY" : "Coffs Harbour Creek",
				"STATE" : "NSW",
				"POSTCODE" : 2450,
				"NO_OF_RAMP_LANE" : "1",
				"CAR_TRAILER_SPACE" : "Unconfirmed",
				"WATERWAY_ACCESS" : "All Times",
				"CONDITION" : "Poor",
				"CONSTRUCTION_MATERIAL" : "Unsealed",
				"BBQ" : "No",
				"FEE_PAYABLE" : "No",
				"FISH_CLEAN_TABLE" : "No",
				"FUEL" : "No",
				"KIOSK" : "No",
				"LIGHTING" : "No",
				"TOILET" : "No",
				"WASTE_BIN" : "No",
				"RAMP_PONTOON" : "No",
				"PONTOON_JETTY_NEARBY" : "No"
			}
		},
		{
			"type" : "Feature",
			"geometry" : {
				"type" : "Point",
				"coordinates" : [ 153.1895871003, -30.1714415507 ]
			},
			"properties" : {
				"ASSET_OWNER" : "Coffs Harbour City Council",
				"BOAT_RAMP_ID" : 162,
				"DESCRIPTION" : "Emerald Beach",
				"CONTACT_NUMBER" : "02 6648 4000",
				"STREET" : "Fiddaman Road",
				"SUBURB" : "Emerald Beach",
				"WATERWAY" : "Ocean",
				"STATE" : "NSW",
				"POSTCODE" : 2456,
				"NO_OF_RAMP_LANE" : "1",
				"CAR_TRAILER_SPACE" : "Unconfirmed",
				"WATERWAY_ACCESS" : "All Times",
				"CONDITION" : "Poor",
				"CONSTRUCTION_MATERIAL" : "Concrete",
				"BBQ" : "Yes",
				"FEE_PAYABLE" : "No",
				"FISH_CLEAN_TABLE" : "No",
				"FUEL" : "Yes",
				"KIOSK" : "Yes",
				"LIGHTING" : "No",
				"TOILET" : "Yes",
				"WASTE_BIN" : "No",
				"RAMP_PONTOON" : "No",
				"PONTOON_JETTY_NEARBY" : "No"
			}
		},
		{
			"type" : "Feature",
			"geometry" : {
				"type" : "Point",
				"coordinates" : [ 153.1568682729, -30.2088984525 ]
			},
			"properties" : {
				"ASSET_OWNER" : "Coffs Harbour City Council",
				"BOAT_RAMP_ID" : 361,
				"DESCRIPTION" : "Moonee Creek",
				"CONTACT_NUMBER" : "02 6648 4000",
				"STREET" : "Moonee Beach Road",
				"SUBURB" : "Moonee Beach",
				"WATERWAY" : "Moonee Creek",
				"STATE" : "NSW",
				"POSTCODE" : 2450,
				"NO_OF_RAMP_LANE" : "1",
				"CAR_TRAILER_SPACE" : "Unconfirmed",
				"WATERWAY_ACCESS" : "All Times",
				"CONDITION" : "Poor",
				"CONSTRUCTION_MATERIAL" : "Bitumen",
				"BBQ" : "Yes",
				"FEE_PAYABLE" : "No",
				"FISH_CLEAN_TABLE" : "No",
				"FUEL" : "Yes",
				"KIOSK" : "Yes",
				"LIGHTING" : "No",
				"TOILET" : "Yes",
				"WASTE_BIN" : "No",
				"RAMP_PONTOON" : "No",
				"PONTOON_JETTY_NEARBY" : "No"
			}
		},
		{
			"type" : "Feature",
			"geometry" : {
				"type" : "Point",
				"coordinates" : [ 153.2005692949, -30.1537082784 ]
			},
			"properties" : {
				"ASSET_OWNER" : "Coffs Harbour City Council",
				"BOAT_RAMP_ID" : 455,
				"DESCRIPTION" : "Sandy Beach",
				"CONTACT_NUMBER" : "02 6648 4000",
				"STREET" : "Sandy Beach Drive",
				"SUBURB" : "Sandy Beach",
				"WATERWAY" : "Ocean",
				"STATE" : "NSW",
				"POSTCODE" : 2456,
				"NO_OF_RAMP_LANE" : "1",
				"CAR_TRAILER_SPACE" : "Unconfirmed",
				"WATERWAY_ACCESS" : "All Times",
				"CONDITION" : "Poor",
				"CONSTRUCTION_MATERIAL" : "Bitumen",
				"BBQ" : "Yes",
				"FEE_PAYABLE" : "No",
				"FISH_CLEAN_TABLE" : "No",
				"FUEL" : "Yes",
				"KIOSK" : "Yes",
				"LIGHTING" : "No",
				"TOILET" : "Yes",
				"WASTE_BIN" : "No",
				"RAMP_PONTOON" : "No",
				"PONTOON_JETTY_NEARBY" : "No"
			}
		},
		{
			"type" : "Feature",
			"geometry" : {
				"type" : "Point",
				"coordinates" : [ 150.944213185, -29.9200852416 ]
			},
			"properties" : {
				"ASSET_OWNER" : "Reflections Copeton Waters Holiday Park",
				"BOAT_RAMP_ID" : 129,
				"DESCRIPTION" : "Copeton Dam Boat Ramp",
				"CONTACT_NUMBER" : "02 6723 6269",
				"STREET" : "Copeton Dam Road",
				"SUBURB" : "Inverell",
				"WATERWAY" : "Copeton Dam",
				"STATE" : "NSW",
				"POSTCODE" : 2360,
				"NO_OF_RAMP_LANE" : "Informal",
				"CAR_TRAILER_SPACE" : "Unconfirmed",
				"WATERWAY_ACCESS" : "All Times",
				"CONDITION" : "Good",
				"CONSTRUCTION_MATERIAL" : "Unsealed",
				"BBQ" : "Yes",
				"FEE_PAYABLE" : "No",
				"FISH_CLEAN_TABLE" : "Yes",
				"FUEL" : "Yes",
				"KIOSK" : "Yes",
				"LIGHTING" : "No",
				"TOILET" : "Yes",
				"WASTE_BIN" : "No",
				"RAMP_PONTOON" : "No",
				"PONTOON_JETTY_NEARBY" : "No"
			}
		},
		{
			"type" : "Feature",
			"geometry" : {
				"type" : "Point",
				"coordinates" : [ 146.4030770637, -35.9869253385 ]
			},
			"properties" : {
				"ASSET_OWNER" : "Federation Council",
				"BOAT_RAMP_ID" : 324,
				"DESCRIPTION" : "Lone Pine Avenue, Corowa",
				"CONTACT_NUMBER" : "02 6033 8999",
				"STREET" : "Lone Pine Avenue",
				"SUBURB" : "Corowa",
				"WATERWAY" : "Murray River",
				"STATE" : "NSW",
				"POSTCODE" : 2646,
				"NO_OF_RAMP_LANE" : "1",
				"CAR_TRAILER_SPACE" : "Unconfirmed",
				"WATERWAY_ACCESS" : "All Times",
				"CONDITION" : "Good",
				"CONSTRUCTION_MATERIAL" : "Concrete",
				"BBQ" : "No",
				"FEE_PAYABLE" : "No",
				"FISH_CLEAN_TABLE" : "No",
				"FUEL" : "Yes",
				"KIOSK" : "No",
				"LIGHTING" : "Yes",
				"TOILET" : "No",
				"WASTE_BIN" : "No",
				"RAMP_PONTOON" : "Yes",
				"PONTOON_JETTY_NEARBY" : "No"
			}
		},
		{
			"type" : "Feature",
			"geometry" : {
				"type" : "Point",
				"coordinates" : [ 151.0730091391, -33.8186963802 ]
			},
			"properties" : {
				"ASSET_OWNER" : "Ryde City Council",
				"BOAT_RAMP_ID" : 595,
				"DESCRIPTION" : "Wharf Road Boat Ramp",
				"CONTACT_NUMBER" : "02 9952 8222",
				"STREET" : "112 Wharf Road",
				"SUBURB" : "Melrose Park",
				"WATERWAY" : "Parramatta River",
				"STATE" : "NSW",
				"POSTCODE" : 2114,
				"NO_OF_RAMP_LANE" : "2",
				"CAR_TRAILER_SPACE" : "11-20",
				"WATERWAY_ACCESS" : "Friday 8:00pm to Monday 5:00am and Public Holidays: 8:00pm the day prior to 5:00am the following day",
				"CONDITION" : "Good",
				"CONSTRUCTION_MATERIAL" : "Concrete",
				"BBQ" : "No",
				"FEE_PAYABLE" : "No",
				"FISH_CLEAN_TABLE" : "No",
				"FUEL" : "No",
				"KIOSK" : "No",
				"LIGHTING" : "Yes",
				"TOILET" : "No",
				"WASTE_BIN" : "No",
				"RAMP_PONTOON" : "Yes",
				"PONTOON_JETTY_NEARBY" : "Yes"
			}
		},
		{
			"type" : "Feature",
			"geometry" : {
				"type" : "Point",
				"coordinates" : [ 150.9645475557, -33.9052608391 ]
			},
			"properties" : {
				"ASSET_OWNER" : "Fairfield City Council",
				"BOAT_RAMP_ID" : 647,
				"DESCRIPTION" : "Floyd Bay Boat Ramp",
				"CONTACT_NUMBER" : "02 9725 0222",
				"STREET" : "Rowleys Point Road",
				"SUBURB" : "Lansvale",
				"WATERWAY" : "Georges River",
				"STATE" : "NSW",
				"POSTCODE" : 2166,
				"NO_OF_RAMP_LANE" : "2",
				"CAR_TRAILER_SPACE" : "Unconfirmed",
				"WATERWAY_ACCESS" : "All Times",
				"CONDITION" : "Fair",
				"CONSTRUCTION_MATERIAL" : "Concrete",
				"BBQ" : "No",
				"FEE_PAYABLE" : "No",
				"FISH_CLEAN_TABLE" : "No",
				"FUEL" : "No",
				"KIOSK" : "No",
				"LIGHTING" : "No",
				"TOILET" : "No",
				"WASTE_BIN" : "Yes",
				"RAMP_PONTOON" : "No",
				"PONTOON_JETTY_NEARBY" : "No"
			}
		},
		{
			"type" : "Feature",
			"geometry" : {
				"type" : "Point",
				"coordinates" : [ 150.5813086782, -29.8601832005 ]
			},
			"properties" : {
				"ASSET_OWNER" : "Gwydir Shire Council",
				"BOAT_RAMP_ID" : 41,
				"DESCRIPTION" : "Bingara Boat Ramp",
				"CONTACT_NUMBER" : "02 6724 2000",
				"STREET" : "Old Keera Road",
				"SUBURB" : "Bingara",
				"WATERWAY" : "Gwydir River",
				"STATE" : "NSW",
				"POSTCODE" : 2404,
				"NO_OF_RAMP_LANE" : "1",
				"CAR_TRAILER_SPACE" : "Unconfirmed",
				"WATERWAY_ACCESS" : "All Times",
				"CONDITION" : "Good",
				"CONSTRUCTION_MATERIAL" : "Concrete",
				"BBQ" : "No",
				"FEE_PAYABLE" : "No",
				"FISH_CLEAN_TABLE" : "No",
				"FUEL" : "No",
				"KIOSK" : "No",
				"LIGHTING" : "No",
				"TOILET" : "No",
				"WASTE_BIN" : "No",
				"RAMP_PONTOON" : "No",
				"PONTOON_JETTY_NEARBY" : "No"
			}
		},
		{
			"type" : "Feature",
			"geometry" : {
				"type" : "Point",
				"coordinates" : [ 150.4963143075, -30.8841988899 ]
			},
			"properties" : {
				"ASSET_OWNER" : "Inland Waters Holiday Parks Group",
				"BOAT_RAMP_ID" : 291,
				"DESCRIPTION" : "Lake Keepit Boat Ramp",
				"CONTACT_NUMBER" : "02 4967 2233",
				"STREET" : "Keepit Damn Road",
				"SUBURB" : "Keepit",
				"WATERWAY" : "Lake Keepit",
				"STATE" : "NSW",
				"POSTCODE" : 2340,
				"NO_OF_RAMP_LANE" : "1",
				"CAR_TRAILER_SPACE" : "Unconfirmed",
				"WATERWAY_ACCESS" : "All Times",
				"CONDITION" : "Good",
				"CONSTRUCTION_MATERIAL" : "Concrete",
				"BBQ" : "Yes",
				"FEE_PAYABLE" : "No",
				"FISH_CLEAN_TABLE" : "Yes",
				"FUEL" : "Yes",
				"KIOSK" : "Yes",
				"LIGHTING" : "No",
				"TOILET" : "Yes",
				"WASTE_BIN" : "No",
				"RAMP_PONTOON" : "Yes",
				"PONTOON_JETTY_NEARBY" : "No"
			}
		},
		{
			"type" : "Feature",
			"geometry" : {
				"type" : "Point",
				"coordinates" : [ 151.1526284437, -33.8225181431 ]
			},
			"properties" : {
				"ASSET_OWNER" : "Lane Cove Municipal Council",
				"BOAT_RAMP_ID" : 84,
				"DESCRIPTION" : "Burns Bay Reserve Boat Ramp",
				"CONTACT_NUMBER" : "02 9911 3555",
				"STREET" : "Kooyong Road",
				"SUBURB" : "Riverview",
				"WATERWAY" : "Lane Cove River",
				"STATE" : "NSW",
				"POSTCODE" : 2066,
				"NO_OF_RAMP_LANE" : "2",
				"CAR_TRAILER_SPACE" : "30+",
				"WATERWAY_ACCESS" : "Shallow At Times",
				"CONDITION" : "Good",
				"CONSTRUCTION_MATERIAL" : "Concrete",
				"BBQ" : "Yes",
				"FEE_PAYABLE" : "No",
				"FISH_CLEAN_TABLE" : "No",
				"FUEL" : "No",
				"KIOSK" : "No",
				"LIGHTING" : "Yes",
				"TOILET" : "Yes",
				"WASTE_BIN" : "No",
				"RAMP_PONTOON" : "Yes",
				"PONTOON_JETTY_NEARBY" : "No"
			}
		},
		{
			"type" : "Feature",
			"geometry" : {
				"type" : "Point",
				"coordinates" : [ 151.1855665787, -33.8427731247 ]
			},
			"properties" : {
				"ASSET_OWNER" : "Lane Cove Municipal Council",
				"BOAT_RAMP_ID" : 339,
				"DESCRIPTION" : "Manns Pl, Manns Point, Greenwich",
				"CONTACT_NUMBER" : "02 9911 3555",
				"STREET" : "Manns Place",
				"SUBURB" : "Greenwich",
				"WATERWAY" : "Parramatta River",
				"STATE" : "NSW",
				"POSTCODE" : 2065,
				"NO_OF_RAMP_LANE" : "1",
				"CAR_TRAILER_SPACE" : "Unconfirmed",
				"WATERWAY_ACCESS" : "All Times",
				"CONDITION" : "Fair",
				"CONSTRUCTION_MATERIAL" : "Concrete",
				"BBQ" : "No",
				"FEE_PAYABLE" : "No",
				"FISH_CLEAN_TABLE" : "No",
				"FUEL" : "No",
				"KIOSK" : "No",
				"LIGHTING" : "Yes",
				"TOILET" : "No",
				"WASTE_BIN" : "No",
				"RAMP_PONTOON" : "No",
				"PONTOON_JETTY_NEARBY" : "No"
			}
		},
		{
			"type" : "Feature",
			"geometry" : {
				"type" : "Point",
				"coordinates" : [ 151.1504681861, -33.8729394397 ]
			},
			"properties" : {
				"ASSET_OWNER" : "Inner West Council",
				"BOAT_RAMP_ID" : 232,
				"DESCRIPTION" : "Hawthorn Canal Boat Ramp",
				"CONTACT_NUMBER" : "02 9392 5000",
				"STREET" : "Canal Road",
				"SUBURB" : "Lilyfield",
				"WATERWAY" : "Iron Cove Creek",
				"STATE" : "NSW",
				"POSTCODE" : 2040,
				"NO_OF_RAMP_LANE" : "1",
				"CAR_TRAILER_SPACE" : "0-10",
				"WATERWAY_ACCESS" : "Shallow At Times",
				"CONDITION" : "Fair",
				"CONSTRUCTION_MATERIAL" : "Concrete",
				"BBQ" : "No",
				"FEE_PAYABLE" : "No",
				"FISH_CLEAN_TABLE" : "No",
				"FUEL" : "No",
				"KIOSK" : "No",
				"LIGHTING" : "No",
				"TOILET" : "No",
				"WASTE_BIN" : "No",
				"RAMP_PONTOON" : "No",
				"PONTOON_JETTY_NEARBY" : "No"
			}
		},
		{
			"type" : "Feature",
			"geometry" : {
				"type" : "Point",
				"coordinates" : [ 150.7075521092, -31.4192580227 ]
			},
			"properties" : {
				"ASSET_OWNER" : "Liverpool Plains Shire Council",
				"BOAT_RAMP_ID" : 429,
				"DESCRIPTION" : "Quipolly Dam Boat Ramp",
				"CONTACT_NUMBER" : "02 6746 1755",
				"STREET" : "Lowes Creek Road",
				"SUBURB" : "Quipolly ",
				"WATERWAY" : "Quipolly Dam",
				"STATE" : "NSW",
				"POSTCODE" : 2343,
				"NO_OF_RAMP_LANE" : "1",
				"CAR_TRAILER_SPACE" : "Unconfirmed",
				"WATERWAY_ACCESS" : "All Times",
				"CONDITION" : "Good",
				"CONSTRUCTION_MATERIAL" : "Concrete",
				"BBQ" : "No",
				"FEE_PAYABLE" : "No",
				"FISH_CLEAN_TABLE" : "No",
				"FUEL" : "No",
				"KIOSK" : "No",
				"LIGHTING" : "No",
				"TOILET" : "Yes",
				"WASTE_BIN" : "No",
				"RAMP_PONTOON" : "No",
				"PONTOON_JETTY_NEARBY" : "No"
			}
		},
		{
			"type" : "Feature",
			"geometry" : {
				"type" : "Point",
				"coordinates" : [ 151.2464897007, -33.8050015204 ]
			},
			"properties" : {
				"ASSET_OWNER" : "Mosman Municipal Council",
				"BOAT_RAMP_ID" : 492,
				"DESCRIPTION" : "The Spit Road Boat Ramp",
				"CONTACT_NUMBER" : "02 9978 4000",
				"STREET" : "Spit Road",
				"SUBURB" : "Mosman",
				"WATERWAY" : "Middle Harbour",
				"STATE" : "NSW",
				"POSTCODE" : 2088,
				"NO_OF_RAMP_LANE" : "1",
				"CAR_TRAILER_SPACE" : "Unconfirmed",
				"WATERWAY_ACCESS" : "All Times",
				"CONDITION" : "Poor",
				"CONSTRUCTION_MATERIAL" : "Unsealed",
				"BBQ" : "No",
				"FEE_PAYABLE" : "No",
				"FISH_CLEAN_TABLE" : "No",
				"FUEL" : "Yes",
				"KIOSK" : "No",
				"LIGHTING" : "Yes",
				"TOILET" : "Yes",
				"WASTE_BIN" : "No",
				"RAMP_PONTOON" : "No",
				"PONTOON_JETTY_NEARBY" : "No"
			}
		},
		{
			"type" : "Feature",
			"geometry" : {
				"type" : "Point",
				"coordinates" : [ 151.2072772307, -33.844109304 ]
			},
			"properties" : {
				"ASSET_OWNER" : "North Sydney Council",
				"BOAT_RAMP_ID" : 428,
				"DESCRIPTION" : "Quiberie Park Boat Ramp",
				"CONTACT_NUMBER" : "02 9936 8100",
				"STREET" : "Railway Avenue",
				"SUBURB" : "Lavender Bay",
				"WATERWAY" : "Sydney Harbour",
				"STATE" : "NSW",
				"POSTCODE" : 2060,
				"NO_OF_RAMP_LANE" : "1",
				"CAR_TRAILER_SPACE" : "Unconfirmed",
				"WATERWAY_ACCESS" : "All Times",
				"CONDITION" : "Poor",
				"CONSTRUCTION_MATERIAL" : "Concrete",
				"BBQ" : "No",
				"FEE_PAYABLE" : "No",
				"FISH_CLEAN_TABLE" : "No",
				"FUEL" : "No",
				"KIOSK" : "No",
				"LIGHTING" : "Yes",
				"TOILET" : "Yes",
				"WASTE_BIN" : "No",
				"RAMP_PONTOON" : "No",
				"PONTOON_JETTY_NEARBY" : "Yes"
			}
		},
		{
			"type" : "Feature",
			"geometry" : {
				"type" : "Point",
				"coordinates" : [ 151.2196454532, -33.8176708728 ]
			},
			"properties" : {
				"ASSET_OWNER" : "North Sydney Council",
				"BOAT_RAMP_ID" : 556,
				"DESCRIPTION" : "Tunks Park",
				"CONTACT_NUMBER" : "02 9936 8100",
				"STREET" : "Brothers Avenue",
				"SUBURB" : "Cammeray",
				"WATERWAY" : "Middle Harbour",
				"STATE" : "NSW",
				"POSTCODE" : 2062,
				"NO_OF_RAMP_LANE" : "2",
				"CAR_TRAILER_SPACE" : "Unconfirmed",
				"WATERWAY_ACCESS" : "All Times",
				"CONDITION" : "Good",
				"CONSTRUCTION_MATERIAL" : "Concrete",
				"BBQ" : "No",
				"FEE_PAYABLE" : "No",
				"FISH_CLEAN_TABLE" : "Yes",
				"FUEL" : "No",
				"KIOSK" : "No",
				"LIGHTING" : "Yes",
				"TOILET" : "Yes",
				"WASTE_BIN" : "No",
				"RAMP_PONTOON" : "Yes",
				"PONTOON_JETTY_NEARBY" : "Yes"
			}
		},
		{
			"type" : "Feature",
			"geometry" : {
				"type" : "Point",
				"coordinates" : [ 151.7378788859, -32.7627220107 ]
			},
			"properties" : {
				"ASSET_OWNER" : "Port Stephens Council",
				"BOAT_RAMP_ID" : 659,
				"DESCRIPTION" : "Riverside Park Boat Ramp, Raymond Terrace ",
				"CONTACT_NUMBER" : "02 4988 0255",
				"STREET" : "Hunter Street",
				"SUBURB" : "Raymond Terrace",
				"WATERWAY" : "Hunter River",
				"STATE" : "NSW",
				"POSTCODE" : 2324,
				"NO_OF_RAMP_LANE" : "1",
				"CAR_TRAILER_SPACE" : "Unconfirmed",
				"WATERWAY_ACCESS" : "All Times",
				"CONDITION" : "Fair",
				"CONSTRUCTION_MATERIAL" : "Concrete",
				"BBQ" : "No",
				"FEE_PAYABLE" : "No",
				"FISH_CLEAN_TABLE" : "No",
				"FUEL" : "No",
				"KIOSK" : "No",
				"LIGHTING" : "No",
				"TOILET" : "No",
				"WASTE_BIN" : "No",
				"RAMP_PONTOON" : "No",
				"PONTOON_JETTY_NEARBY" : "Yes"
			}
		},
		{
			"type" : "Feature",
			"geometry" : {
				"type" : "Point",
				"coordinates" : [ 151.2552852453, -33.9646311723 ]
			},
			"properties" : {
				"ASSET_OWNER" : "Randwick City Council",
				"BOAT_RAMP_ID" : 325,
				"DESCRIPTION" : "Fishermans Road Boat Ramp",
				"CONTACT_NUMBER" : "1300 722 542",
				"STREET" : "Fishermans Road",
				"SUBURB" : "Malabar",
				"WATERWAY" : "Ocean",
				"STATE" : "NSW",
				"POSTCODE" : 2036,
				"NO_OF_RAMP_LANE" : "1",
				"CAR_TRAILER_SPACE" : "Unconfirmed",
				"WATERWAY_ACCESS" : "All Times",
				"CONDITION" : "Good",
				"CONSTRUCTION_MATERIAL" : "Concrete",
				"BBQ" : "No",
				"FEE_PAYABLE" : "No",
				"FISH_CLEAN_TABLE" : "Yes",
				"FUEL" : "No",
				"KIOSK" : "No",
				"LIGHTING" : "Yes",
				"TOILET" : "No",
				"WASTE_BIN" : "No",
				"RAMP_PONTOON" : "No",
				"PONTOON_JETTY_NEARBY" : "No"
			}
		},
		{
			"type" : "Feature",
			"geometry" : {
				"type" : "Point",
				"coordinates" : [ 150.8719849066, -34.5763563921 ]
			},
			"properties" : {
				"ASSET_OWNER" : "Shellharbour City Council",
				"BOAT_RAMP_ID" : 468,
				"DESCRIPTION" : "Shellharbour (Harbour Ramp)",
				"CONTACT_NUMBER" : "02 4221 6111",
				"STREET" : "Towns Street",
				"SUBURB" : "Shellharbour",
				"WATERWAY" : "Shellharbour",
				"STATE" : "NSW",
				"POSTCODE" : 2529,
				"NO_OF_RAMP_LANE" : "2",
				"CAR_TRAILER_SPACE" : "Unconfirmed",
				"WATERWAY_ACCESS" : "All Times",
				"CONDITION" : "Good",
				"CONSTRUCTION_MATERIAL" : "Concrete",
				"BBQ" : "No",
				"FEE_PAYABLE" : "No",
				"FISH_CLEAN_TABLE" : "Yes",
				"FUEL" : "Yes",
				"KIOSK" : "Yes",
				"LIGHTING" : "Yes",
				"TOILET" : "Yes",
				"WASTE_BIN" : "Yes",
				"RAMP_PONTOON" : "No",
				"PONTOON_JETTY_NEARBY" : "No"
			}
		},
		{
			"type" : "Feature",
			"geometry" : {
				"type" : "Point",
				"coordinates" : [ 151.2360163862, -33.6459087784 ]
			},
			"properties" : {
				"ASSET_OWNER" : "National Parks and Wildlife Services",
				"BOAT_RAMP_ID" : 3,
				"DESCRIPTION" : "Akuna Bay Boat Ramp",
				"CONTACT_NUMBER" : "1300 072 757",
				"STREET" : "Liberator General San Martin Drive",
				"SUBURB" : "Mount Kuring-Gai",
				"WATERWAY" : "Coal And Candle Creek",
				"STATE" : "NSW",
				"POSTCODE" : 2083,
				"NO_OF_RAMP_LANE" : "2",
				"CAR_TRAILER_SPACE" : "11-20",
				"WATERWAY_ACCESS" : "All Times",
				"CONDITION" : "Good",
				"CONSTRUCTION_MATERIAL" : "Concrete",
				"BBQ" : "No",
				"FEE_PAYABLE" : "Yes",
				"FISH_CLEAN_TABLE" : "No",
				"FUEL" : "Yes",
				"KIOSK" : "Yes",
				"LIGHTING" : "Yes",
				"TOILET" : "Yes",
				"WASTE_BIN" : "No",
				"RAMP_PONTOON" : "No",
				"PONTOON_JETTY_NEARBY" : "No"
			}
		},
		{
			"type" : "Feature",
			"geometry" : {
				"type" : "Point",
				"coordinates" : [ 153.5821565466, -28.2583624602 ]
			},
			"properties" : {
				"ASSET_OWNER" : "Tweed Shire Council",
				"BOAT_RAMP_ID" : 139,
				"DESCRIPTION" : "Cudgen Creek Boat Ramp",
				"CONTACT_NUMBER" : "02 6670 2400",
				"STREET" : "Marine Parade",
				"SUBURB" : "Kingscliff",
				"WATERWAY" : "Cudgen Creek",
				"STATE" : "NSW",
				"POSTCODE" : 2487,
				"NO_OF_RAMP_LANE" : "2",
				"CAR_TRAILER_SPACE" : "Unconfirmed",
				"WATERWAY_ACCESS" : "All Times",
				"CONDITION" : "Good",
				"CONSTRUCTION_MATERIAL" : "Concrete",
				"BBQ" : "Yes",
				"FEE_PAYABLE" : "No",
				"FISH_CLEAN_TABLE" : "Yes",
				"FUEL" : "No",
				"KIOSK" : "No",
				"LIGHTING" : "No",
				"TOILET" : "No",
				"WASTE_BIN" : "No",
				"RAMP_PONTOON" : "No",
				"PONTOON_JETTY_NEARBY" : "No"
			}
		},
		{
			"type" : "Feature",
			"geometry" : {
				"type" : "Point",
				"coordinates" : [ 153.5263514664, -28.1926818212 ]
			},
			"properties" : {
				"ASSET_OWNER" : "Tweed Shire Council",
				"BOAT_RAMP_ID" : 152,
				"DESCRIPTION" : "Dry Dock Road Boat Ramp ",
				"CONTACT_NUMBER" : "02 6670 2400",
				"STREET" : "Dry Dock Road",
				"SUBURB" : "Tweed Heads South",
				"WATERWAY" : "Terranora Creek",
				"STATE" : "NSW",
				"POSTCODE" : 2486,
				"NO_OF_RAMP_LANE" : "2",
				"CAR_TRAILER_SPACE" : "Unconfirmed",
				"WATERWAY_ACCESS" : "All Times",
				"CONDITION" : "Poor",
				"CONSTRUCTION_MATERIAL" : "Not Provided",
				"BBQ" : "No",
				"FEE_PAYABLE" : "No",
				"FISH_CLEAN_TABLE" : "No",
				"FUEL" : "No",
				"KIOSK" : "No",
				"LIGHTING" : "Yes",
				"TOILET" : "Yes",
				"WASTE_BIN" : "No",
				"RAMP_PONTOON" : "Yes",
				"PONTOON_JETTY_NEARBY" : "Yes"
			}
		},
		{
			"type" : "Feature",
			"geometry" : {
				"type" : "Point",
				"coordinates" : [ 153.4610848766, -28.2741844633 ]
			},
			"properties" : {
				"ASSET_OWNER" : "Tweed Shire Council",
				"BOAT_RAMP_ID" : 553,
				"DESCRIPTION" : "Riverside Drive Boat Ramp",
				"CONTACT_NUMBER" : "02 6670 2400",
				"STREET" : "Riverside Drive",
				"SUBURB" : "Tumbulgum",
				"WATERWAY" : "Tweed River",
				"STATE" : "NSW",
				"POSTCODE" : 2490,
				"NO_OF_RAMP_LANE" : "2",
				"CAR_TRAILER_SPACE" : "Unconfirmed",
				"WATERWAY_ACCESS" : "All Times",
				"CONDITION" : "Good",
				"CONSTRUCTION_MATERIAL" : "Bitumen",
				"BBQ" : "Yes",
				"FEE_PAYABLE" : "No",
				"FISH_CLEAN_TABLE" : "No",
				"FUEL" : "No",
				"KIOSK" : "No",
				"LIGHTING" : "No",
				"TOILET" : "No",
				"WASTE_BIN" : "No",
				"RAMP_PONTOON" : "Yes",
				"PONTOON_JETTY_NEARBY" : "Yes"
			}
		},
		{
			"type" : "Feature",
			"geometry" : {
				"type" : "Point",
				"coordinates" : [ 151.2622309856, -33.8711776298 ]
			},
			"properties" : {
				"ASSET_OWNER" : "Woollahra Municipal Council",
				"BOAT_RAMP_ID" : 331,
				"DESCRIPTION" : "Lyne Park",
				"CONTACT_NUMBER" : "02 9391 7000",
				"STREET" : "New South Head Road",
				"SUBURB" : "Rose Bay",
				"WATERWAY" : "Sydney Harbour",
				"STATE" : "NSW",
				"POSTCODE" : 2029,
				"NO_OF_RAMP_LANE" : "2",
				"CAR_TRAILER_SPACE" : "Unconfirmed",
				"WATERWAY_ACCESS" : "All Times",
				"CONDITION" : "Good",
				"CONSTRUCTION_MATERIAL" : "Concrete",
				"BBQ" : "Yes",
				"FEE_PAYABLE" : "No",
				"FISH_CLEAN_TABLE" : "No",
				"FUEL" : "No",
				"KIOSK" : "No",
				"LIGHTING" : "Yes",
				"TOILET" : "Yes",
				"WASTE_BIN" : "No",
				"RAMP_PONTOON" : "Yes",
				"PONTOON_JETTY_NEARBY" : "Yes"
			}
		},
		{
			"type" : "Feature",
			"geometry" : {
				"type" : "Point",
				"coordinates" : [ 151.5088165258, -33.2178911735 ]
			},
			"properties" : {
				"ASSET_OWNER" : "Central Coast Council",
				"BOAT_RAMP_ID" : 450,
				"DESCRIPTION" : "Brundenell Avenue Boat Ramp",
				"CONTACT_NUMBER" : "02 4306 7900",
				"STREET" : "Brundenell Avenue",
				"SUBURB" : "San Remo",
				"WATERWAY" : "Wallarah Creek",
				"STATE" : "NSW",
				"POSTCODE" : 2262,
				"NO_OF_RAMP_LANE" : "1",
				"CAR_TRAILER_SPACE" : "Unconfirmed",
				"WATERWAY_ACCESS" : "Shallow At Times",
				"CONDITION" : "Poor",
				"CONSTRUCTION_MATERIAL" : "Unsealed",
				"BBQ" : "No",
				"FEE_PAYABLE" : "No",
				"FISH_CLEAN_TABLE" : "No",
				"FUEL" : "No",
				"KIOSK" : "No",
				"LIGHTING" : "No",
				"TOILET" : "No",
				"WASTE_BIN" : "No",
				"RAMP_PONTOON" : "No",
				"PONTOON_JETTY_NEARBY" : "No"
			}
		},
		{
			"type" : "Feature",
			"geometry" : {
				"type" : "Point",
				"coordinates" : [ 151.5559830799, -33.2300558526 ]
			},
			"properties" : {
				"ASSET_OWNER" : "Central Coast Council",
				"BOAT_RAMP_ID" : 78,
				"DESCRIPTION" : "Budgewoi - Sailing Club",
				"CONTACT_NUMBER" : "02 4306 7900",
				"STREET" : "Noela Place",
				"SUBURB" : "Budgewoi",
				"WATERWAY" : "Lake Munmorah",
				"STATE" : "NSW",
				"POSTCODE" : 2262,
				"NO_OF_RAMP_LANE" : "1",
				"CAR_TRAILER_SPACE" : "Unconfirmed",
				"WATERWAY_ACCESS" : "Shallow At Times",
				"CONDITION" : "Fair",
				"CONSTRUCTION_MATERIAL" : "Unsealed",
				"BBQ" : "No",
				"FEE_PAYABLE" : "No",
				"FISH_CLEAN_TABLE" : "No",
				"FUEL" : "No",
				"KIOSK" : "No",
				"LIGHTING" : "No",
				"TOILET" : "Yes",
				"WASTE_BIN" : "No",
				"RAMP_PONTOON" : "No",
				"PONTOON_JETTY_NEARBY" : "No"
			}
		},
		{
			"type" : "Feature",
			"geometry" : {
				"type" : "Point",
				"coordinates" : [ 151.5631555574, -33.2384743713 ]
			},
			"properties" : {
				"ASSET_OWNER" : "Central Coast Council",
				"BOAT_RAMP_ID" : 79,
				"DESCRIPTION" : "Budgewoi Bridge - East (Slade Reserve)",
				"CONTACT_NUMBER" : "02 4306 7900",
				"STREET" : "Central Coast Highway",
				"SUBURB" : "Budgewoi",
				"WATERWAY" : "Budgewoi Creek",
				"STATE" : "NSW",
				"POSTCODE" : 2262,
				"NO_OF_RAMP_LANE" : "1",
				"CAR_TRAILER_SPACE" : "Unconfirmed",
				"WATERWAY_ACCESS" : "All Times",
				"CONDITION" : "Fair",
				"CONSTRUCTION_MATERIAL" : "Unsealed",
				"BBQ" : "Yes",
				"FEE_PAYABLE" : "No",
				"FISH_CLEAN_TABLE" : "No",
				"FUEL" : "No",
				"KIOSK" : "No",
				"LIGHTING" : "No",
				"TOILET" : "Yes",
				"WASTE_BIN" : "No",
				"RAMP_PONTOON" : "Yes",
				"PONTOON_JETTY_NEARBY" : "No"
			}
		},
		{
			"type" : "Feature",
			"geometry" : {
				"type" : "Point",
				"coordinates" : [ 151.5620604299, -33.2378642361 ]
			},
			"properties" : {
				"ASSET_OWNER" : "Central Coast Council",
				"BOAT_RAMP_ID" : 80,
				"DESCRIPTION" : "Budgewoi Bridge - West (Diamond Drive)",
				"CONTACT_NUMBER" : "02 4306 7900",
				"STREET" : "Diamond Head Drive",
				"SUBURB" : "Budgewoi",
				"WATERWAY" : "Budgewoi Creek",
				"STATE" : "NSW",
				"POSTCODE" : 2262,
				"NO_OF_RAMP_LANE" : "1",
				"CAR_TRAILER_SPACE" : "Unconfirmed",
				"WATERWAY_ACCESS" : "All Times",
				"CONDITION" : "Good",
				"CONSTRUCTION_MATERIAL" : "Concrete",
				"BBQ" : "No",
				"FEE_PAYABLE" : "No",
				"FISH_CLEAN_TABLE" : "No",
				"FUEL" : "No",
				"KIOSK" : "No",
				"LIGHTING" : "Yes",
				"TOILET" : "No",
				"WASTE_BIN" : "No",
				"RAMP_PONTOON" : "No",
				"PONTOON_JETTY_NEARBY" : "Yes"
			}
		},
		{
			"type" : "Feature",
			"geometry" : {
				"type" : "Point",
				"coordinates" : [ 151.5299535848, -33.2295460699 ]
			},
			"properties" : {
				"ASSET_OWNER" : "Central Coast Council",
				"BOAT_RAMP_ID" : 81,
				"DESCRIPTION" : "Buff Point Boat Ramp",
				"CONTACT_NUMBER" : "02 4306 7900",
				"STREET" : "Narambi Road",
				"SUBURB" : "Buff Point",
				"WATERWAY" : "Lake Budgewoi",
				"STATE" : "NSW",
				"POSTCODE" : 2262,
				"NO_OF_RAMP_LANE" : "1",
				"CAR_TRAILER_SPACE" : "Unconfirmed",
				"WATERWAY_ACCESS" : "Shallow At Times",
				"CONDITION" : "Good",
				"CONSTRUCTION_MATERIAL" : "Concrete",
				"BBQ" : "Yes",
				"FEE_PAYABLE" : "No",
				"FISH_CLEAN_TABLE" : "No",
				"FUEL" : "No",
				"KIOSK" : "No",
				"LIGHTING" : "No",
				"TOILET" : "Yes",
				"WASTE_BIN" : "No",
				"RAMP_PONTOON" : "No",
				"PONTOON_JETTY_NEARBY" : "No"
			}
		},
		{
			"type" : "Feature",
			"geometry" : {
				"type" : "Point",
				"coordinates" : [ 151.5860699949, -33.2073647858 ]
			},
			"properties" : {
				"ASSET_OWNER" : "Central Coast Council",
				"BOAT_RAMP_ID" : 299,
				"DESCRIPTION" : "Elizabeth Bay Boat Ramp, Lake Munmorah ",
				"CONTACT_NUMBER" : "02 4306 7900",
				"STREET" : "Elizabeth Bay Drive",
				"SUBURB" : "Lake Munmorah",
				"WATERWAY" : "Lake Munmorah",
				"STATE" : "NSW",
				"POSTCODE" : 2259,
				"NO_OF_RAMP_LANE" : "1",
				"CAR_TRAILER_SPACE" : "Unconfirmed",
				"WATERWAY_ACCESS" : "Shallow At Times",
				"CONDITION" : "Fair",
				"CONSTRUCTION_MATERIAL" : "Concrete",
				"BBQ" : "No",
				"FEE_PAYABLE" : "No",
				"FISH_CLEAN_TABLE" : "No",
				"FUEL" : "No",
				"KIOSK" : "Yes",
				"LIGHTING" : "No",
				"TOILET" : "Yes",
				"WASTE_BIN" : "No",
				"RAMP_PONTOON" : "No",
				"PONTOON_JETTY_NEARBY" : "No"
			}
		},
		{
			"type" : "Feature",
			"geometry" : {
				"type" : "Point",
				"coordinates" : [ 151.5646104748, -33.19484438 ]
			},
			"properties" : {
				"ASSET_OWNER" : "Central Coast Council",
				"BOAT_RAMP_ID" : 298,
				"DESCRIPTION" : "Lake Munmorah Reserve Boat Ramp",
				"CONTACT_NUMBER" : "02 4306 7900",
				"STREET" : "Colongra Bay Road",
				"SUBURB" : "Lake Munmorah",
				"WATERWAY" : "Lake Munmorah",
				"STATE" : "NSW",
				"POSTCODE" : 2259,
				"NO_OF_RAMP_LANE" : "1",
				"CAR_TRAILER_SPACE" : "5",
				"WATERWAY_ACCESS" : "Shallow At Times",
				"CONDITION" : "Good",
				"CONSTRUCTION_MATERIAL" : "Concrete",
				"BBQ" : "No",
				"FEE_PAYABLE" : "No",
				"FISH_CLEAN_TABLE" : "No",
				"FUEL" : "No",
				"KIOSK" : "No",
				"LIGHTING" : "No",
				"TOILET" : "Yes",
				"WASTE_BIN" : "No",
				"RAMP_PONTOON" : "Yes",
				"PONTOON_JETTY_NEARBY" : "Yes"
			}
		},
		{
			"type" : "Feature",
			"geometry" : {
				"type" : "Point",
				"coordinates" : [ 151.568608556, -33.2792200539 ]
			},
			"properties" : {
				"ASSET_OWNER" : "Central Coast Council",
				"BOAT_RAMP_ID" : 387,
				"DESCRIPTION" : "Norah Head Boat Ramp - Cabbage Tree Harbour",
				"CONTACT_NUMBER" : "02 4306 7900",
				"STREET" : "Bald Street",
				"SUBURB" : "Norah Head",
				"WATERWAY" : "Ocean",
				"STATE" : "NSW",
				"POSTCODE" : 2263,
				"NO_OF_RAMP_LANE" : "2",
				"CAR_TRAILER_SPACE" : "0-10",
				"WATERWAY_ACCESS" : "Shallow At Times",
				"CONDITION" : "Good",
				"CONSTRUCTION_MATERIAL" : "Concrete",
				"BBQ" : "No",
				"FEE_PAYABLE" : "No",
				"FISH_CLEAN_TABLE" : "Yes",
				"FUEL" : "No",
				"KIOSK" : "No",
				"LIGHTING" : "Yes",
				"TOILET" : "Yes",
				"WASTE_BIN" : "No",
				"RAMP_PONTOON" : "No",
				"PONTOON_JETTY_NEARBY" : "No"
			}
		},
		{
			"type" : "Feature",
			"geometry" : {
				"type" : "Point",
				"coordinates" : [ 151.5421702748, -33.2595420375 ]
			},
			"properties" : {
				"ASSET_OWNER" : "Central Coast Council",
				"BOAT_RAMP_ID" : 401,
				"DESCRIPTION" : "Peel Street Boat Ramp, Toukley",
				"CONTACT_NUMBER" : "02 4306 7900",
				"STREET" : "Peel Street",
				"SUBURB" : "Toukley",
				"WATERWAY" : "Lake Budgewoi ",
				"STATE" : "NSW",
				"POSTCODE" : 2263,
				"NO_OF_RAMP_LANE" : "1",
				"CAR_TRAILER_SPACE" : "Unconfirmed",
				"WATERWAY_ACCESS" : "Shallow At Times",
				"CONDITION" : "Fair",
				"CONSTRUCTION_MATERIAL" : "Concrete",
				"BBQ" : "No",
				"FEE_PAYABLE" : "No",
				"FISH_CLEAN_TABLE" : "No",
				"FUEL" : "No",
				"KIOSK" : "No",
				"LIGHTING" : "No",
				"TOILET" : "No",
				"WASTE_BIN" : "No",
				"RAMP_PONTOON" : "No",
				"PONTOON_JETTY_NEARBY" : "Yes"
			}
		},
		{
			"type" : "Feature",
			"geometry" : {
				"type" : "Point",
				"coordinates" : [ 151.4753991927, -33.3645631894 ]
			},
			"properties" : {
				"ASSET_OWNER" : "Central Coast Council",
				"BOAT_RAMP_ID" : 327,
				"DESCRIPTION" : "Saltwater Creek Reserve Boat Ramp, Long Jetty (The Entrance Aquatic Centre)",
				"CONTACT_NUMBER" : "02 4306 7900",
				"STREET" : "Tuggerah Parade",
				"SUBURB" : "Long Jetty",
				"WATERWAY" : "Tuggerah Lake",
				"STATE" : "NSW",
				"POSTCODE" : 2261,
				"NO_OF_RAMP_LANE" : "1",
				"CAR_TRAILER_SPACE" : "Unconfirmed",
				"WATERWAY_ACCESS" : "Shallow At Times",
				"CONDITION" : "Fair",
				"CONSTRUCTION_MATERIAL" : "Concrete",
				"BBQ" : "No",
				"FEE_PAYABLE" : "No",
				"FISH_CLEAN_TABLE" : "No",
				"FUEL" : "No",
				"KIOSK" : "No",
				"LIGHTING" : "Yes",
				"TOILET" : "Yes",
				"WASTE_BIN" : "No",
				"RAMP_PONTOON" : "No",
				"PONTOON_JETTY_NEARBY" : "No"
			}
		},
		{
			"type" : "Feature",
			"geometry" : {
				"type" : "Point",
				"coordinates" : [ 151.5148064101, -33.2204142715 ]
			},
			"properties" : {
				"ASSET_OWNER" : "Central Coast Council",
				"BOAT_RAMP_ID" : 400,
				"DESCRIPTION" : "San Remo Boat Ramp (Northlakes Oval)",
				"CONTACT_NUMBER" : "02 4306 7900",
				"STREET" : "Emu Drive",
				"SUBURB" : "San Remo",
				"WATERWAY" : "Lake Budgewoi ",
				"STATE" : "NSW",
				"POSTCODE" : 2262,
				"NO_OF_RAMP_LANE" : "2",
				"CAR_TRAILER_SPACE" : "Unconfirmed",
				"WATERWAY_ACCESS" : "Shallow At Times",
				"CONDITION" : "Fair",
				"CONSTRUCTION_MATERIAL" : "Concrete",
				"BBQ" : "No",
				"FEE_PAYABLE" : "No",
				"FISH_CLEAN_TABLE" : "No",
				"FUEL" : "No",
				"KIOSK" : "No",
				"LIGHTING" : "No",
				"TOILET" : "No",
				"WASTE_BIN" : "No",
				"RAMP_PONTOON" : "No",
				"PONTOON_JETTY_NEARBY" : "No"
			}
		},
		{
			"type" : "Feature",
			"geometry" : {
				"type" : "Point",
				"coordinates" : [ 151.4415697778, -33.3247125228 ]
			},
			"properties" : {
				"ASSET_OWNER" : "Central Coast Council",
				"BOAT_RAMP_ID" : 663,
				"DESCRIPTION" : "Sunshine Reserve Boat Ramp",
				"CONTACT_NUMBER" : "02 4306 7900",
				"STREET" : "Sunshine Avenue",
				"SUBURB" : "Chittaway Point",
				"WATERWAY" : "Ourimbah Creek / Tuggerah Lake",
				"STATE" : "NSW",
				"POSTCODE" : 2261,
				"NO_OF_RAMP_LANE" : "1",
				"CAR_TRAILER_SPACE" : "Unconfirmed",
				"WATERWAY_ACCESS" : "All Times",
				"CONDITION" : "Fair",
				"CONSTRUCTION_MATERIAL" : "Concrete",
				"BBQ" : "No",
				"FEE_PAYABLE" : "No",
				"FISH_CLEAN_TABLE" : "No",
				"FUEL" : "No",
				"KIOSK" : "No",
				"LIGHTING" : "Yes",
				"TOILET" : "No",
				"WASTE_BIN" : "No",
				"RAMP_PONTOON" : "No",
				"PONTOON_JETTY_NEARBY" : "Yes"
			}
		},
		{
			"type" : "Feature",
			"geometry" : {
				"type" : "Point",
				"coordinates" : [ 151.4603145442, -33.2918313427 ]
			},
			"properties" : {
				"ASSET_OWNER" : "Central Coast Council",
				"BOAT_RAMP_ID" : 514,
				"DESCRIPTION" : "Tacoma - Wyong River",
				"CONTACT_NUMBER" : "02 4306 7900",
				"STREET" : "Wolseley Avenue",
				"SUBURB" : "Tacoma",
				"WATERWAY" : "Wyong River",
				"STATE" : "NSW",
				"POSTCODE" : 2259,
				"NO_OF_RAMP_LANE" : "1",
				"CAR_TRAILER_SPACE" : "Unconfirmed",
				"WATERWAY_ACCESS" : "All Times",
				"CONDITION" : "Good",
				"CONSTRUCTION_MATERIAL" : "Concrete",
				"BBQ" : "No",
				"FEE_PAYABLE" : "No",
				"FISH_CLEAN_TABLE" : "No",
				"FUEL" : "No",
				"KIOSK" : "No",
				"LIGHTING" : "No",
				"TOILET" : "No",
				"WASTE_BIN" : "No",
				"RAMP_PONTOON" : "Yes",
				"PONTOON_JETTY_NEARBY" : "Yes"
			}
		},
		{
			"type" : "Feature",
			"geometry" : {
				"type" : "Point",
				"coordinates" : [ 151.4933786554, -33.3368253648 ]
			},
			"properties" : {
				"ASSET_OWNER" : "Central Coast Council",
				"BOAT_RAMP_ID" : 535,
				"DESCRIPTION" : "The Entrance - Picnic Point Boat Ramp",
				"CONTACT_NUMBER" : "02 4306 7900",
				"STREET" : "Tuggerah Parade",
				"SUBURB" : "The Entrance",
				"WATERWAY" : "Tuggerah Lake",
				"STATE" : "NSW",
				"POSTCODE" : 2261,
				"NO_OF_RAMP_LANE" : "4",
				"CAR_TRAILER_SPACE" : "Unconfirmed",
				"WATERWAY_ACCESS" : "All Times",
				"CONDITION" : "Good",
				"CONSTRUCTION_MATERIAL" : "Concrete",
				"BBQ" : "No",
				"FEE_PAYABLE" : "No",
				"FISH_CLEAN_TABLE" : "Yes",
				"FUEL" : "No",
				"KIOSK" : "No",
				"LIGHTING" : "Yes",
				"TOILET" : "Yes",
				"WASTE_BIN" : "Yes",
				"RAMP_PONTOON" : "Yes",
				"PONTOON_JETTY_NEARBY" : "No"
			}
		},
		{
			"type" : "Feature",
			"geometry" : {
				"type" : "Point",
				"coordinates" : [ 151.5037837358, -33.3265932466 ]
			},
			"properties" : {
				"ASSET_OWNER" : "Central Coast Council",
				"BOAT_RAMP_ID" : 534,
				"DESCRIPTION" : "The Entrance North",
				"CONTACT_NUMBER" : "02 4306 7900",
				"STREET" : "Wilfred Barrett Drive",
				"SUBURB" : "The Entrance North",
				"WATERWAY" : "Tuggerah Lake",
				"STATE" : "NSW",
				"POSTCODE" : 2261,
				"NO_OF_RAMP_LANE" : "1",
				"CAR_TRAILER_SPACE" : "15+",
				"WATERWAY_ACCESS" : "All Times",
				"CONDITION" : "Good",
				"CONSTRUCTION_MATERIAL" : "Concrete",
				"BBQ" : "No",
				"FEE_PAYABLE" : "No",
				"FISH_CLEAN_TABLE" : "No",
				"FUEL" : "No",
				"KIOSK" : "Yes",
				"LIGHTING" : "No",
				"TOILET" : "Yes",
				"WASTE_BIN" : "No",
				"RAMP_PONTOON" : "No",
				"PONTOON_JETTY_NEARBY" : "Yes"
			}
		},
		{
			"type" : "Feature",
			"geometry" : {
				"type" : "Point",
				"coordinates" : [ 151.4998935568, -33.3612713585 ]
			},
			"properties" : {
				"ASSET_OWNER" : "Central Coast Council",
				"BOAT_RAMP_ID" : 536,
				"DESCRIPTION" : "Tooowoon Bay (Surf Club)",
				"CONTACT_NUMBER" : "02 4306 7900",
				"STREET" : "Bay Road",
				"SUBURB" : "Toowoon Bay",
				"WATERWAY" : "Tuggerah Lake",
				"STATE" : "NSW",
				"POSTCODE" : 2261,
				"NO_OF_RAMP_LANE" : "1",
				"CAR_TRAILER_SPACE" : "Unconfirmed",
				"WATERWAY_ACCESS" : "Shallow At Times",
				"CONDITION" : "Good",
				"CONSTRUCTION_MATERIAL" : "Sand",
				"BBQ" : "No",
				"FEE_PAYABLE" : "No",
				"FISH_CLEAN_TABLE" : "No",
				"FUEL" : "No",
				"KIOSK" : "Yes",
				"LIGHTING" : "Yes",
				"TOILET" : "Yes",
				"WASTE_BIN" : "No",
				"RAMP_PONTOON" : "No",
				"PONTOON_JETTY_NEARBY" : "No"
			}
		},
		{
			"type" : "Feature",
			"geometry" : {
				"type" : "Point",
				"coordinates" : [ 151.5185883533, -33.2610472493 ]
			},
			"properties" : {
				"ASSET_OWNER" : "Central Coast Council",
				"BOAT_RAMP_ID" : 210,
				"DESCRIPTION" : "Wallarah Point Park, Gorokan \n(Fishermans Co Op)",
				"CONTACT_NUMBER" : "02 4306 7900",
				"STREET" : "Wallarah Road",
				"SUBURB" : "Gorokan",
				"WATERWAY" : "Lake Budgewoi ",
				"STATE" : "NSW",
				"POSTCODE" : 2263,
				"NO_OF_RAMP_LANE" : "2",
				"CAR_TRAILER_SPACE" : "Unconfirmed",
				"WATERWAY_ACCESS" : "Shallow At Times",
				"CONDITION" : "Good",
				"CONSTRUCTION_MATERIAL" : "Concrete",
				"BBQ" : "Yes",
				"FEE_PAYABLE" : "No",
				"FISH_CLEAN_TABLE" : "No",
				"FUEL" : "No",
				"KIOSK" : "No",
				"LIGHTING" : "Yes",
				"TOILET" : "Yes",
				"WASTE_BIN" : "No",
				"RAMP_PONTOON" : "No",
				"PONTOON_JETTY_NEARBY" : "Yes"
			}
		},
		{
			"type" : "Feature",
			"geometry" : {
				"type" : "Point",
				"coordinates" : [ 151.4913261959, -33.2726841001 ]
			},
			"properties" : {
				"ASSET_OWNER" : "Central Coast Council",
				"BOAT_RAMP_ID" : 622,
				"DESCRIPTION" : "Wyongah (behind fire station)",
				"CONTACT_NUMBER" : "02 4306 7900",
				"STREET" : "Oakland Street",
				"SUBURB" : "Wyongah",
				"WATERWAY" : "Tuggerah Lake",
				"STATE" : "NSW",
				"POSTCODE" : 2259,
				"NO_OF_RAMP_LANE" : "1",
				"CAR_TRAILER_SPACE" : "Unconfirmed",
				"WATERWAY_ACCESS" : "Shallow At Times",
				"CONDITION" : "Fair",
				"CONSTRUCTION_MATERIAL" : "Concrete",
				"BBQ" : "No",
				"FEE_PAYABLE" : "No",
				"FISH_CLEAN_TABLE" : "No",
				"FUEL" : "No",
				"KIOSK" : "No",
				"LIGHTING" : "No",
				"TOILET" : "No",
				"WASTE_BIN" : "No",
				"RAMP_PONTOON" : "No",
				"PONTOON_JETTY_NEARBY" : "No"
			}
		},
		{
			"type" : "Feature",
			"geometry" : {
				"type" : "Point",
				"coordinates" : [ 149.5183460331, -30.3694467164 ]
			},
			"properties" : {
				"ASSET_OWNER" : "Yarria Lake Flora And Fauna Trust",
				"BOAT_RAMP_ID" : 629,
				"DESCRIPTION" : "Yarrie Lake Boat Ramp",
				"CONTACT_NUMBER" : "02 6799 6760",
				"STREET" : "Yarrie Lake Road",
				"SUBURB" : "Yarrie Lake",
				"WATERWAY" : "Yarrie Lake",
				"STATE" : "NSW",
				"POSTCODE" : 2388,
				"NO_OF_RAMP_LANE" : "1",
				"CAR_TRAILER_SPACE" : "Unconfirmed",
				"WATERWAY_ACCESS" : "All Times",
				"CONDITION" : "Good",
				"CONSTRUCTION_MATERIAL" : "Concrete",
				"BBQ" : "No",
				"FEE_PAYABLE" : "No",
				"FISH_CLEAN_TABLE" : "No",
				"FUEL" : "No",
				"KIOSK" : "No",
				"LIGHTING" : "No",
				"TOILET" : "Yes",
				"WASTE_BIN" : "No",
				"RAMP_PONTOON" : "No",
				"PONTOON_JETTY_NEARBY" : "No"
			}
		},
		{
			"type" : "Feature",
			"geometry" : {
				"type" : "Point",
				"coordinates" : [ 153.2583823406, -29.9472452999 ]
			},
			"properties" : {
				"ASSET_OWNER" : "Yuraygir National Park",
				"BOAT_RAMP_ID" : 497,
				"DESCRIPTION" : "Station Creek Camping Ground - Boat Ramp",
				"CONTACT_NUMBER" : "02 6641 1500",
				"STREET" : "Station Creek Road",
				"SUBURB" : "Barcoongere ",
				"WATERWAY" : "Station Creek",
				"STATE" : "NSW",
				"POSTCODE" : 2460,
				"NO_OF_RAMP_LANE" : "2",
				"CAR_TRAILER_SPACE" : "Unconfirmed",
				"WATERWAY_ACCESS" : "All Times",
				"CONDITION" : "Fair",
				"CONSTRUCTION_MATERIAL" : "Sand",
				"BBQ" : "No",
				"FEE_PAYABLE" : "Yes",
				"FISH_CLEAN_TABLE" : "No",
				"FUEL" : "No",
				"KIOSK" : "No",
				"LIGHTING" : "No",
				"TOILET" : "Yes",
				"WASTE_BIN" : "No",
				"RAMP_PONTOON" : "No",
				"PONTOON_JETTY_NEARBY" : "No"
			}
		},
		{
			"type" : "Feature",
			"geometry" : {
				"type" : "Point",
				"coordinates" : [ 151.5958912031, -32.6198522445 ]
			},
			"properties" : {
				"ASSET_OWNER" : "Dungog Shire Council",
				"BOAT_RAMP_ID" : 785,
				"DESCRIPTION" : "Tocal Boat Ramp",
				"CONTACT_NUMBER" : "02 4995 7777",
				"STREET" : "Tocal Road",
				"SUBURB" : "Tocal",
				"WATERWAY" : "Paterson River",
				"STATE" : "NSW",
				"POSTCODE" : 2421,
				"NO_OF_RAMP_LANE" : "1",
				"CAR_TRAILER_SPACE" : "Unknown",
				"WATERWAY_ACCESS" : "All Times",
				"CONDITION" : "Fair",
				"CONSTRUCTION_MATERIAL" : "Concrete",
				"BBQ" : "No",
				"FEE_PAYABLE" : "No",
				"FISH_CLEAN_TABLE" : "No",
				"FUEL" : "No",
				"KIOSK" : "No",
				"LIGHTING" : "No",
				"TOILET" : "No",
				"WASTE_BIN" : "No",
				"RAMP_PONTOON" : "No",
				"PONTOON_JETTY_NEARBY" : "No"
			}
		},
		{
			"type" : "Feature",
			"geometry" : {
				"type" : "Point",
				"coordinates" : [ 147.9773989259, -35.8112137296 ]
			},
			"properties" : {
				"ASSET_OWNER" : "Snowy Valleys Council",
				"BOAT_RAMP_ID" : 783,
				"DESCRIPTION" : "Mannus Lake Boat Ramp, Tumbarumba",
				"CONTACT_NUMBER" : "1300 275 782",
				"STREET" : "Mannus Lake Rd",
				"SUBURB" : "Tumbarumba",
				"WATERWAY" : "Murray - Riverina",
				"STATE" : "NSW",
				"POSTCODE" : 2653,
				"NO_OF_RAMP_LANE" : "1",
				"CAR_TRAILER_SPACE" : "0-10",
				"WATERWAY_ACCESS" : "All Times",
				"CONDITION" : "Poor",
				"CONSTRUCTION_MATERIAL" : "Unsealed",
				"BBQ" : "No",
				"FEE_PAYABLE" : "No",
				"FISH_CLEAN_TABLE" : "No",
				"FUEL" : "No",
				"KIOSK" : "No",
				"LIGHTING" : "No",
				"TOILET" : "No",
				"WASTE_BIN" : "No",
				"RAMP_PONTOON" : "No",
				"PONTOON_JETTY_NEARBY" : "Yes"
			}
		},
		{
			"type" : "Feature",
			"geometry" : {
				"type" : "Point",
				"coordinates" : [ 152.7817299621, -28.6064219361 ]
			},
			"properties" : {
				"ASSET_OWNER" : "Kyogle Council",
				"BOAT_RAMP_ID" : 786,
				"DESCRIPTION" : "Bells Bay Boat Ramp",
				"CONTACT_NUMBER" : "02 6632 1611",
				"STREET" : "Bells Bay Road",
				"SUBURB" : "Ghinni Ghi",
				"WATERWAY" : "Toonumbar Dam",
				"STATE" : "NSW",
				"POSTCODE" : 2474,
				"NO_OF_RAMP_LANE" : "1",
				"CAR_TRAILER_SPACE" : "10-20 Informal",
				"WATERWAY_ACCESS" : "High Dam Level",
				"CONDITION" : "Fair",
				"CONSTRUCTION_MATERIAL" : "Concrete",
				"BBQ" : "No",
				"FEE_PAYABLE" : "No",
				"FISH_CLEAN_TABLE" : "No",
				"FUEL" : "No",
				"KIOSK" : "No",
				"LIGHTING" : "No",
				"TOILET" : "No",
				"WASTE_BIN" : "No",
				"RAMP_PONTOON" : "Yes",
				"PONTOON_JETTY_NEARBY" : "No"
			}
		},
		{
			"type" : "Feature",
			"geometry" : {
				"type" : "Point",
				"coordinates" : [ 151.5269921267, -33.2200877861 ]
			},
			"properties" : {
				"ASSET_OWNER" : "Central Coast Council",
				"BOAT_RAMP_ID" : 784,
				"DESCRIPTION" : "Hot Water Outlet Boat Ramp",
				"CONTACT_NUMBER" : "02 4306 7900",
				"STREET" : "Highview Ave",
				"SUBURB" : "San Remo",
				"WATERWAY" : "Budgewoi Lake",
				"STATE" : "NSW",
				"POSTCODE" : 2262,
				"NO_OF_RAMP_LANE" : "1",
				"CAR_TRAILER_SPACE" : "10",
				"WATERWAY_ACCESS" : "All Times",
				"CONDITION" : "Good",
				"CONSTRUCTION_MATERIAL" : "Concrete",
				"BBQ" : "No",
				"FEE_PAYABLE" : "No",
				"FISH_CLEAN_TABLE" : "No",
				"FUEL" : "No",
				"KIOSK" : "No",
				"LIGHTING" : "No",
				"TOILET" : "Yes",
				"WASTE_BIN" : "Yes",
				"RAMP_PONTOON" : "No",
				"PONTOON_JETTY_NEARBY" : "Yes"
			}
		},
		{
			"type" : "Feature",
			"geometry" : {
				"type" : "Point",
				"coordinates" : [ 150.4345334865, -35.3676455695 ]
			},
			"properties" : {
				"ASSET_OWNER" : "Shoalhaven City Council",
				"BOAT_RAMP_ID" : 789,
				"DESCRIPTION" : "Natural Boat Launching Ramp - James Crescent Kings Point",
				"CONTACT_NUMBER" : "1300 293 111",
				"STREET" : "James Street",
				"SUBURB" : "Kings Point",
				"WATERWAY" : "Burrill Lake",
				"STATE" : "NSW",
				"POSTCODE" : 2535,
				"NO_OF_RAMP_LANE" : "1",
				"CAR_TRAILER_SPACE" : "0-10",
				"WATERWAY_ACCESS" : "All Times",
				"CONDITION" : "Fair",
				"CONSTRUCTION_MATERIAL" : "Unsealed",
				"BBQ" : "No",
				"FEE_PAYABLE" : "No",
				"FISH_CLEAN_TABLE" : "No",
				"FUEL" : "No",
				"KIOSK" : "No",
				"LIGHTING" : "No",
				"TOILET" : "No",
				"WASTE_BIN" : "No",
				"RAMP_PONTOON" : "No",
				"PONTOON_JETTY_NEARBY" : "No"
			}
		},
		{
			"type" : "Feature",
			"geometry" : {
				"type" : "Point",
				"coordinates" : [ 150.444969145, -35.2615139885 ]
			},
			"properties" : {
				"ASSET_OWNER" : "Shoalhaven City Council",
				"BOAT_RAMP_ID" : 790,
				"DESCRIPTION" : "Boat launching ramp - Havilland Street - Conjola Park",
				"CONTACT_NUMBER" : "1300 293 111",
				"STREET" : "Havilland Street",
				"SUBURB" : "Conjola Park",
				"WATERWAY" : "Lake Conjola",
				"STATE" : "NSW",
				"POSTCODE" : 2539,
				"NO_OF_RAMP_LANE" : "2",
				"CAR_TRAILER_SPACE" : "20 - 50",
				"WATERWAY_ACCESS" : "All Times",
				"CONDITION" : "Good",
				"CONSTRUCTION_MATERIAL" : "Concrete",
				"BBQ" : "No",
				"FEE_PAYABLE" : "No",
				"FISH_CLEAN_TABLE" : "No",
				"FUEL" : "No",
				"KIOSK" : "No",
				"LIGHTING" : "No",
				"TOILET" : "No",
				"WASTE_BIN" : "No",
				"RAMP_PONTOON" : "Yes",
				"PONTOON_JETTY_NEARBY" : "No"
			}
		},
		{
			"type" : "Feature",
			"geometry" : {
				"type" : "Point",
				"coordinates" : [ 151.9296702365, -32.7788587814 ]
			},
			"properties" : {
				"ASSET_OWNER" : "Port Stephens Council",
				"BOAT_RAMP_ID" : 791,
				"DESCRIPTION" : "Old Warf Park Boat Ramp",
				"CONTACT_NUMBER" : "02 4988 0255",
				"STREET" : "Lemon Tree Passage Road",
				"SUBURB" : "Salt Ash",
				"WATERWAY" : "Port Stephens",
				"STATE" : "NSW",
				"POSTCODE" : 2318,
				"NO_OF_RAMP_LANE" : "1",
				"CAR_TRAILER_SPACE" : "0-10",
				"WATERWAY_ACCESS" : "Shallow At Times",
				"CONDITION" : "Good",
				"CONSTRUCTION_MATERIAL" : "Concrete",
				"BBQ" : "No",
				"FEE_PAYABLE" : "No",
				"FISH_CLEAN_TABLE" : "No",
				"FUEL" : "No",
				"KIOSK" : "No",
				"LIGHTING" : "No",
				"TOILET" : "No",
				"WASTE_BIN" : "No",
				"RAMP_PONTOON" : "No",
				"PONTOON_JETTY_NEARBY" : "No"
			}
		},
		{
			"type" : "Feature",
			"geometry" : {
				"type" : "Point",
				"coordinates" : [ 151.9783121525, -32.699866155 ]
			},
			"properties" : {
				"ASSET_OWNER" : "Port Stephens Council",
				"BOAT_RAMP_ID" : 792,
				"DESCRIPTION" : "Swan Bay Boat Ramp",
				"CONTACT_NUMBER" : "02 4988 0255",
				"STREET" : "Waterfront Road",
				"SUBURB" : "Swan Bay",
				"WATERWAY" : "Port Stephens",
				"STATE" : "NSW",
				"POSTCODE" : 2324,
				"NO_OF_RAMP_LANE" : "1",
				"CAR_TRAILER_SPACE" : "0-10",
				"WATERWAY_ACCESS" : "Shallow At Times",
				"CONDITION" : "Good",
				"CONSTRUCTION_MATERIAL" : "Concrete",
				"BBQ" : "No",
				"FEE_PAYABLE" : "No",
				"FISH_CLEAN_TABLE" : "No",
				"FUEL" : "No",
				"KIOSK" : "No",
				"LIGHTING" : "No",
				"TOILET" : "No",
				"WASTE_BIN" : "No",
				"RAMP_PONTOON" : "No",
				"PONTOON_JETTY_NEARBY" : "No"
			}
		},
		{
			"type" : "Feature",
			"geometry" : {
				"type" : "Point",
				"coordinates" : [ 152.000070891, -32.727923064 ]
			},
			"properties" : {
				"ASSET_OWNER" : "Port Stephens Council",
				"BOAT_RAMP_ID" : 793,
				"DESCRIPTION" : "Peace Park Boat Ramp",
				"CONTACT_NUMBER" : "02 4988 0255",
				"STREET" : "Peace Parade",
				"SUBURB" : "Taniba Bay",
				"WATERWAY" : "Port Stephens",
				"STATE" : "NSW",
				"POSTCODE" : 2319,
				"NO_OF_RAMP_LANE" : "1",
				"CAR_TRAILER_SPACE" : "51+",
				"WATERWAY_ACCESS" : "Shallow At Times",
				"CONDITION" : "Poor",
				"CONSTRUCTION_MATERIAL" : "Concrete",
				"BBQ" : "Yes",
				"FEE_PAYABLE" : "No",
				"FISH_CLEAN_TABLE" : "No",
				"FUEL" : "No",
				"KIOSK" : "No",
				"LIGHTING" : "No",
				"TOILET" : "Yes",
				"WASTE_BIN" : "Yes",
				"RAMP_PONTOON" : "No",
				"PONTOON_JETTY_NEARBY" : "No"
			}
		},
		{
			"type" : "Feature",
			"geometry" : {
				"type" : "Point",
				"coordinates" : [ 150.6610014109, -33.7640799974 ]
			},
			"properties" : {
				"ASSET_OWNER" : "Penrith City Council",
				"BOAT_RAMP_ID" : 715,
				"DESCRIPTION" : "Tench Reserve Boat Ramp",
				"CONTACT_NUMBER" : "02 4732 7777",
				"STREET" : "Tench Avenue",
				"SUBURB" : "Penrith",
				"WATERWAY" : "Nepean River",
				"STATE" : "NSW",
				"POSTCODE" : 2750,
				"NO_OF_RAMP_LANE" : "3",
				"CAR_TRAILER_SPACE" : "21-50",
				"WATERWAY_ACCESS" : "All Times",
				"CONDITION" : "Good",
				"CONSTRUCTION_MATERIAL" : "Concrete",
				"BBQ" : "No",
				"FEE_PAYABLE" : "No",
				"FISH_CLEAN_TABLE" : "No",
				"FUEL" : "No",
				"KIOSK" : "No",
				"LIGHTING" : "Yes",
				"TOILET" : "No",
				"WASTE_BIN" : "Yes",
				"RAMP_PONTOON" : "Yes",
				"PONTOON_JETTY_NEARBY" : "Yes"
			}
		},
		{
			"type" : "Feature",
			"geometry" : {
				"type" : "Point",
				"coordinates" : [ 144.1479306204, -35.6853512483 ]
			},
			"properties" : {
				"ASSET_OWNER" : "Victorian Government",
				"BOAT_RAMP_ID" : 794,
				"DESCRIPTION" : "Koondrook All abilities Canoe Trail & Kayak Launcher",
				"CONTACT_NUMBER" : null,
				"STREET" : "Koondrook Track",
				"SUBURB" : "Gannawarra",
				"WATERWAY" : "Gunbower Creek",
				"STATE" : "Victoria",
				"POSTCODE" : 3580,
				"NO_OF_RAMP_LANE" : null,
				"CAR_TRAILER_SPACE" : null,
				"WATERWAY_ACCESS" : "Passive Craft Only",
				"CONDITION" : "Good",
				"CONSTRUCTION_MATERIAL" : "Timber",
				"BBQ" : "Yes",
				"FEE_PAYABLE" : "No",
				"FISH_CLEAN_TABLE" : null,
				"FUEL" : "No",
				"KIOSK" : "No",
				"LIGHTING" : "No",
				"TOILET" : null,
				"WASTE_BIN" : null,
				"RAMP_PONTOON" : "No",
				"PONTOON_JETTY_NEARBY" : "No"
			}
		},
		{
			"type" : "Feature",
			"geometry" : {
				"type" : "Point",
				"coordinates" : [ 143.5923316685, -35.3498391665 ]
			},
			"properties" : {
				"ASSET_OWNER" : "Murray River Council",
				"BOAT_RAMP_ID" : 794,
				"DESCRIPTION" : "Murray Downs Boat Ramp",
				"CONTACT_NUMBER" : "1300087004",
				"STREET" : "Murray Down Drive",
				"SUBURB" : "Murrary Downs",
				"WATERWAY" : "Murray River",
				"STATE" : "NSW",
				"POSTCODE" : 2734,
				"NO_OF_RAMP_LANE" : "1",
				"CAR_TRAILER_SPACE" : "unformed car & trail",
				"WATERWAY_ACCESS" : "All Times",
				"CONDITION" : "Good",
				"CONSTRUCTION_MATERIAL" : "Concrete",
				"BBQ" : "No",
				"FEE_PAYABLE" : "No",
				"FISH_CLEAN_TABLE" : "No",
				"FUEL" : "No",
				"KIOSK" : "No",
				"LIGHTING" : "No",
				"TOILET" : "No",
				"WASTE_BIN" : "No",
				"RAMP_PONTOON" : "No",
				"PONTOON_JETTY_NEARBY" : "No"
			}
		},
		{
			"type" : "Feature",
			"geometry" : {
				"type" : "Point",
				"coordinates" : [ 150.927620875, -33.9280923508 ]
			},
			"properties" : {
				"ASSET_OWNER" : "Liverpool City Council",
				"BOAT_RAMP_ID" : 796,
				"DESCRIPTION" : "Lighthorse Park Canoe/Kayak Launch Site",
				"CONTACT_NUMBER" : "1300 362 170",
				"STREET" : "Riverpark Drive",
				"SUBURB" : "Liverpool",
				"WATERWAY" : "Georges River",
				"STATE" : "NSW",
				"POSTCODE" : 2170,
				"NO_OF_RAMP_LANE" : null,
				"CAR_TRAILER_SPACE" : null,
				"WATERWAY_ACCESS" : "Passive Craft Only",
				"CONDITION" : "Good",
				"CONSTRUCTION_MATERIAL" : null,
				"BBQ" : null,
				"FEE_PAYABLE" : null,
				"FISH_CLEAN_TABLE" : null,
				"FUEL" : null,
				"KIOSK" : null,
				"LIGHTING" : null,
				"TOILET" : null,
				"WASTE_BIN" : null,
				"RAMP_PONTOON" : null,
				"PONTOON_JETTY_NEARBY" : null
			}
		},
		{
			"type" : "Feature",
			"geometry" : {
				"type" : "Point",
				"coordinates" : [ 150.6562558658, -33.7658170755 ]
			},
			"properties" : {
				"ASSET_OWNER" : "Penrith City Council",
				"BOAT_RAMP_ID" : 797,
				"DESCRIPTION" : "Leonay Canoe/Kayak Launch Site",
				"CONTACT_NUMBER" : "(02) 4732 7777",
				"STREET" : "150 River Road ",
				"SUBURB" : "Leonay",
				"WATERWAY" : "Nepean River",
				"STATE" : "NSW",
				"POSTCODE" : 2750,
				"NO_OF_RAMP_LANE" : null,
				"CAR_TRAILER_SPACE" : null,
				"WATERWAY_ACCESS" : "Passive Craft Only",
				"CONDITION" : "Good",
				"CONSTRUCTION_MATERIAL" : null,
				"BBQ" : null,
				"FEE_PAYABLE" : null,
				"FISH_CLEAN_TABLE" : null,
				"FUEL" : null,
				"KIOSK" : null,
				"LIGHTING" : null,
				"TOILET" : null,
				"WASTE_BIN" : null,
				"RAMP_PONTOON" : null,
				"PONTOON_JETTY_NEARBY" : null
			}
		},
		{
			"type" : "Feature",
			"geometry" : {
				"type" : "Point",
				"coordinates" : [ 150.9666214461, -33.9029523587 ]
			},
			"properties" : {
				"ASSET_OWNER" : "Fairfield City Council",
				"BOAT_RAMP_ID" : 795,
				"DESCRIPTION" : "Lansvale Canoe/Kayak Launch Site - Off Strong \nPark",
				"CONTACT_NUMBER" : "(02) 9725 0222",
				"STREET" : "Wharf Road",
				"SUBURB" : "Lansvale",
				"WATERWAY" : "Georges River",
				"STATE" : "NSW",
				"POSTCODE" : 2166,
				"NO_OF_RAMP_LANE" : null,
				"CAR_TRAILER_SPACE" : null,
				"WATERWAY_ACCESS" : "Passive Craft Only",
				"CONDITION" : null,
				"CONSTRUCTION_MATERIAL" : null,
				"BBQ" : null,
				"FEE_PAYABLE" : null,
				"FISH_CLEAN_TABLE" : null,
				"FUEL" : null,
				"KIOSK" : null,
				"LIGHTING" : null,
				"TOILET" : null,
				"WASTE_BIN" : null,
				"RAMP_PONTOON" : null,
				"PONTOON_JETTY_NEARBY" : null
			}
		},
		{
			"type" : "Feature",
			"geometry" : {
				"type" : "Point",
				"coordinates" : [ 151.1341634002, -33.9135885164 ]
			},
			"properties" : {
				"ASSET_OWNER" : "Bankstown City Council",
				"BOAT_RAMP_ID" : 800,
				"DESCRIPTION" : "Ewen Park kayak launch pontoon",
				"CONTACT_NUMBER" : "02 9707 9000",
				"STREET" : "Tennent Parade",
				"SUBURB" : "Hurlstone Park",
				"WATERWAY" : "Cooks River",
				"STATE" : "NSW",
				"POSTCODE" : 2193,
				"NO_OF_RAMP_LANE" : null,
				"CAR_TRAILER_SPACE" : null,
				"WATERWAY_ACCESS" : "Passive Craft Only",
				"CONDITION" : "Good",
				"CONSTRUCTION_MATERIAL" : "Concrete",
				"BBQ" : null,
				"FEE_PAYABLE" : "No",
				"FISH_CLEAN_TABLE" : null,
				"FUEL" : null,
				"KIOSK" : null,
				"LIGHTING" : "No",
				"TOILET" : "Yes",
				"WASTE_BIN" : "Yes",
				"RAMP_PONTOON" : "No",
				"PONTOON_JETTY_NEARBY" : null
			}
		},
		{
			"type" : "Feature",
			"geometry" : {
				"type" : "Point",
				"coordinates" : [ 151.1758398961, -33.8725458612 ]
			},
			"properties" : {
				"ASSET_OWNER" : "City of Sydney",
				"BOAT_RAMP_ID" : 803,
				"DESCRIPTION" : "Rozelle Public Pontoon",
				"CONTACT_NUMBER" : "02 9265 9333",
				"STREET" : "Chapman Road",
				"SUBURB" : "Glebe",
				"WATERWAY" : "Rozelle Bay, Sydney Harbour",
				"STATE" : "NSW",
				"POSTCODE" : 2037,
				"NO_OF_RAMP_LANE" : null,
				"CAR_TRAILER_SPACE" : null,
				"WATERWAY_ACCESS" : "All Times",
				"CONDITION" : "Good",
				"CONSTRUCTION_MATERIAL" : null,
				"BBQ" : "No",
				"FEE_PAYABLE" : "No",
				"FISH_CLEAN_TABLE" : "No",
				"FUEL" : "No",
				"KIOSK" : "No",
				"LIGHTING" : null,
				"TOILET" : null,
				"WASTE_BIN" : "Yes",
				"RAMP_PONTOON" : "No",
				"PONTOON_JETTY_NEARBY" : null
			}
		},
		{
			"type" : "Feature",
			"geometry" : {
				"type" : "Point",
				"coordinates" : [ 153.0429695901, -30.4675125091 ]
			},
			"properties" : {
				"ASSET_OWNER" : "Bellingen Shire Council",
				"BOAT_RAMP_ID" : 799,
				"DESCRIPTION" : "Landing Facility at Mylestrom Tidal Pool ",
				"CONTACT_NUMBER" : "02 6655 7300",
				"STREET" : "River Streeet",
				"SUBURB" : "Mylestom",
				"WATERWAY" : "Bellingen River",
				"STATE" : "NSW",
				"POSTCODE" : 2454,
				"NO_OF_RAMP_LANE" : null,
				"CAR_TRAILER_SPACE" : null,
				"WATERWAY_ACCESS" : "All Times",
				"CONDITION" : null,
				"CONSTRUCTION_MATERIAL" : "Timber",
				"BBQ" : null,
				"FEE_PAYABLE" : "No",
				"FISH_CLEAN_TABLE" : null,
				"FUEL" : null,
				"KIOSK" : null,
				"LIGHTING" : null,
				"TOILET" : null,
				"WASTE_BIN" : "Yes",
				"RAMP_PONTOON" : null,
				"PONTOON_JETTY_NEARBY" : null
			}
		},
		{
			"type" : "Feature",
			"geometry" : {
				"type" : "Point",
				"coordinates" : [ 151.1269035421, -33.8451266136 ]
			},
			"properties" : {
				"ASSET_OWNER" : "City of Canada Bay Council",
				"BOAT_RAMP_ID" : 802,
				"DESCRIPTION" : "Battersea Park Passive Watercraft Access",
				"CONTACT_NUMBER" : "02 9911 6555",
				"STREET" : "Battersea Street",
				"SUBURB" : "Abbotsford",
				"WATERWAY" : "Parramatta  River",
				"STATE" : "NSW",
				"POSTCODE" : 2046,
				"NO_OF_RAMP_LANE" : null,
				"CAR_TRAILER_SPACE" : null,
				"WATERWAY_ACCESS" : "Passive Craft Only",
				"CONDITION" : "Good",
				"CONSTRUCTION_MATERIAL" : null,
				"BBQ" : "No",
				"FEE_PAYABLE" : "No",
				"FISH_CLEAN_TABLE" : "No",
				"FUEL" : "No",
				"KIOSK" : "No",
				"LIGHTING" : null,
				"TOILET" : null,
				"WASTE_BIN" : null,
				"RAMP_PONTOON" : "No",
				"PONTOON_JETTY_NEARBY" : "No"
			}
		},
		{
			"type" : "Feature",
			"geometry" : {
				"type" : "Point",
				"coordinates" : [ 151.0931903945, -33.8241791202 ]
			},
			"properties" : {
				"ASSET_OWNER" : "City of Canada Bay Council",
				"BOAT_RAMP_ID" : 801,
				"DESCRIPTION" : "Uhrs Point Reserve Passive Craft Launch Facility",
				"CONTACT_NUMBER" : "02 9911 6555",
				"STREET" : "Llewellyn Street",
				"SUBURB" : "Rhodes",
				"WATERWAY" : "Parramatta River",
				"STATE" : "NSW",
				"POSTCODE" : 2138,
				"NO_OF_RAMP_LANE" : null,
				"CAR_TRAILER_SPACE" : null,
				"WATERWAY_ACCESS" : "Passive Craft Only",
				"CONDITION" : "Good",
				"CONSTRUCTION_MATERIAL" : "Timber",
				"BBQ" : "No",
				"FEE_PAYABLE" : "No",
				"FISH_CLEAN_TABLE" : "No",
				"FUEL" : null,
				"KIOSK" : null,
				"LIGHTING" : null,
				"TOILET" : null,
				"WASTE_BIN" : null,
				"RAMP_PONTOON" : "Yes",
				"PONTOON_JETTY_NEARBY" : "No"
			}
		},
		{
			"type" : "Feature",
			"geometry" : {
				"type" : "Point",
				"coordinates" : [ 150.8284595854, -33.4325534147 ]
			},
			"properties" : {
				"ASSET_OWNER" : "Hawkesbury City Council",
				"BOAT_RAMP_ID" : 813,
				"DESCRIPTION" : "Colo River Park Jetty",
				"CONTACT_NUMBER" : "02 4560 4444",
				"STREET" : "Lower Colo River",
				"SUBURB" : "Wheeney Creek",
				"WATERWAY" : "Colo River",
				"STATE" : "NSW",
				"POSTCODE" : 2758,
				"NO_OF_RAMP_LANE" : null,
				"CAR_TRAILER_SPACE" : null,
				"WATERWAY_ACCESS" : null,
				"CONDITION" : "Good",
				"CONSTRUCTION_MATERIAL" : null,
				"BBQ" : null,
				"FEE_PAYABLE" : null,
				"FISH_CLEAN_TABLE" : null,
				"FUEL" : null,
				"KIOSK" : null,
				"LIGHTING" : null,
				"TOILET" : null,
				"WASTE_BIN" : null,
				"RAMP_PONTOON" : null,
				"PONTOON_JETTY_NEARBY" : null
			}
		},
		{
			"type" : "Feature",
			"geometry" : {
				"type" : "Point",
				"coordinates" : [ 151.9522475156, -32.0060929814 ]
			},
			"properties" : {
				"ASSET_OWNER" : "Mid-Coast Council",
				"BOAT_RAMP_ID" : 805,
				"DESCRIPTION" : "Gloucester District Park Kayak Launch facility",
				"CONTACT_NUMBER" : "02 7955 7777",
				"STREET" : "Denison Street",
				"SUBURB" : "Gloucester",
				"WATERWAY" : "Gloucester River",
				"STATE" : "NSW",
				"POSTCODE" : 2422,
				"NO_OF_RAMP_LANE" : null,
				"CAR_TRAILER_SPACE" : null,
				"WATERWAY_ACCESS" : "Passive Craft Only",
				"CONDITION" : null,
				"CONSTRUCTION_MATERIAL" : null,
				"BBQ" : null,
				"FEE_PAYABLE" : null,
				"FISH_CLEAN_TABLE" : null,
				"FUEL" : null,
				"KIOSK" : null,
				"LIGHTING" : null,
				"TOILET" : null,
				"WASTE_BIN" : null,
				"RAMP_PONTOON" : null,
				"PONTOON_JETTY_NEARBY" : null
			}
		},
		{
			"type" : "Feature",
			"geometry" : {
				"type" : "Point",
				"coordinates" : [ 150.8188700505, -33.6039435265 ]
			},
			"properties" : {
				"ASSET_OWNER" : "Hawkesbury City Council",
				"BOAT_RAMP_ID" : 804,
				"DESCRIPTION" : "Macquarie Park Non-powered Boating Access",
				"CONTACT_NUMBER" : "02 4560 4444",
				"STREET" : "Wilberforce Road",
				"SUBURB" : "Freemans Reach",
				"WATERWAY" : "Hawkesbury River",
				"STATE" : "NSW",
				"POSTCODE" : 2756,
				"NO_OF_RAMP_LANE" : null,
				"CAR_TRAILER_SPACE" : "50",
				"WATERWAY_ACCESS" : "Passive Craft Only",
				"CONDITION" : null,
				"CONSTRUCTION_MATERIAL" : null,
				"BBQ" : null,
				"FEE_PAYABLE" : null,
				"FISH_CLEAN_TABLE" : null,
				"FUEL" : null,
				"KIOSK" : null,
				"LIGHTING" : null,
				"TOILET" : null,
				"WASTE_BIN" : null,
				"RAMP_PONTOON" : null,
				"PONTOON_JETTY_NEARBY" : "Yes"
			}
		},
		{
			"type" : "Feature",
			"geometry" : {
				"type" : "Point",
				"coordinates" : [ 151.9572163283, -31.9808233664 ]
			},
			"properties" : {
				"ASSET_OWNER" : "Mid-Coast Council",
				"BOAT_RAMP_ID" : 798,
				"DESCRIPTION" : "Relfs Road Kayak Launch/retrieval Facility",
				"CONTACT_NUMBER" : "02 7955 7777",
				"STREET" : "Relfs Road",
				"SUBURB" : "Gloucester",
				"WATERWAY" : "Barrington River",
				"STATE" : "NSW",
				"POSTCODE" : 2422,
				"NO_OF_RAMP_LANE" : null,
				"CAR_TRAILER_SPACE" : null,
				"WATERWAY_ACCESS" : "Passive Craft Only",
				"CONDITION" : null,
				"CONSTRUCTION_MATERIAL" : null,
				"BBQ" : null,
				"FEE_PAYABLE" : "No",
				"FISH_CLEAN_TABLE" : null,
				"FUEL" : null,
				"KIOSK" : null,
				"LIGHTING" : null,
				"TOILET" : null,
				"WASTE_BIN" : null,
				"RAMP_PONTOON" : "No",
				"PONTOON_JETTY_NEARBY" : null
			}
		},
		{
			"type" : "Feature",
			"geometry" : {
				"type" : "Point",
				"coordinates" : [ 144.9613309097, -35.8119179395 ]
			},
			"properties" : {
				"ASSET_OWNER" : "National Parks & Wildlife Service",
				"BOAT_RAMP_ID" : 811,
				"DESCRIPTION" : "Non-powered Boating Access Edward River Bridge, Mathoura",
				"CONTACT_NUMBER" : "1300 072 757",
				"STREET" : "Duggans Road",
				"SUBURB" : "Mathoura",
				"WATERWAY" : "Edward River",
				"STATE" : "NSW",
				"POSTCODE" : 2710,
				"NO_OF_RAMP_LANE" : null,
				"CAR_TRAILER_SPACE" : null,
				"WATERWAY_ACCESS" : "Passive Craft Only",
				"CONDITION" : null,
				"CONSTRUCTION_MATERIAL" : null,
				"BBQ" : "Yes",
				"FEE_PAYABLE" : "Yes",
				"FISH_CLEAN_TABLE" : null,
				"FUEL" : null,
				"KIOSK" : null,
				"LIGHTING" : null,
				"TOILET" : null,
				"WASTE_BIN" : null,
				"RAMP_PONTOON" : null,
				"PONTOON_JETTY_NEARBY" : null
			}
		},
		{
			"type" : "Feature",
			"geometry" : {
				"type" : "Point",
				"coordinates" : [ 153.3610731137, -28.3546022015 ]
			},
			"properties" : {
				"ASSET_OWNER" : "Tweed Shire Council",
				"BOAT_RAMP_ID" : 806,
				"DESCRIPTION" : "Tweed River Canoe Launch Facility, Byangum",
				"CONTACT_NUMBER" : "02 6670 2400",
				"STREET" : "Kyogle Road",
				"SUBURB" : "Byangum",
				"WATERWAY" : "Tweed River",
				"STATE" : "NSW",
				"POSTCODE" : 2484,
				"NO_OF_RAMP_LANE" : null,
				"CAR_TRAILER_SPACE" : null,
				"WATERWAY_ACCESS" : "Passive Craft Only",
				"CONDITION" : "Good",
				"CONSTRUCTION_MATERIAL" : null,
				"BBQ" : null,
				"FEE_PAYABLE" : "No",
				"FISH_CLEAN_TABLE" : null,
				"FUEL" : null,
				"KIOSK" : null,
				"LIGHTING" : null,
				"TOILET" : null,
				"WASTE_BIN" : null,
				"RAMP_PONTOON" : null,
				"PONTOON_JETTY_NEARBY" : null
			}
		},
		{
			"type" : "Feature",
			"geometry" : {
				"type" : "Point",
				"coordinates" : [ 153.5036491054, -28.2741924991 ]
			},
			"properties" : {
				"ASSET_OWNER" : "Tweed Shire Council",
				"BOAT_RAMP_ID" : 807,
				"DESCRIPTION" : "Bruce Chick Park Kayak and Canoe Launch, Stotts Channel",
				"CONTACT_NUMBER" : "02 6670 2400",
				"STREET" : "Tweed Valley Way",
				"SUBURB" : "Stotts Creek",
				"WATERWAY" : "Stotts Channel",
				"STATE" : "NSW",
				"POSTCODE" : 2487,
				"NO_OF_RAMP_LANE" : null,
				"CAR_TRAILER_SPACE" : null,
				"WATERWAY_ACCESS" : "Passive Craft Only",
				"CONDITION" : "Good",
				"CONSTRUCTION_MATERIAL" : null,
				"BBQ" : null,
				"FEE_PAYABLE" : null,
				"FISH_CLEAN_TABLE" : null,
				"FUEL" : null,
				"KIOSK" : null,
				"LIGHTING" : null,
				"TOILET" : null,
				"WASTE_BIN" : null,
				"RAMP_PONTOON" : null,
				"PONTOON_JETTY_NEARBY" : null
			}
		},
		{
			"type" : "Feature",
			"geometry" : {
				"type" : "Point",
				"coordinates" : [ 150.8727371672, -34.5899668221 ]
			},
			"properties" : {
				"ASSET_OWNER" : "Shellharbour City Council",
				"BOAT_RAMP_ID" : 810,
				"DESCRIPTION" : "Shell Cove Kayak Launching Ramp",
				"CONTACT_NUMBER" : "02 4221 6111",
				"STREET" : "Maritime Drive",
				"SUBURB" : "Shell Cove",
				"WATERWAY" : "Shell Cove Harbour",
				"STATE" : "NSW",
				"POSTCODE" : 2529,
				"NO_OF_RAMP_LANE" : null,
				"CAR_TRAILER_SPACE" : "10+",
				"WATERWAY_ACCESS" : "Passive Craft Only",
				"CONDITION" : "Good",
				"CONSTRUCTION_MATERIAL" : "Concrete",
				"BBQ" : null,
				"FEE_PAYABLE" : "No",
				"FISH_CLEAN_TABLE" : null,
				"FUEL" : null,
				"KIOSK" : null,
				"LIGHTING" : null,
				"TOILET" : "Yes",
				"WASTE_BIN" : "Yes",
				"RAMP_PONTOON" : null,
				"PONTOON_JETTY_NEARBY" : "Yes"
			}
		},
		{
			"type" : "Feature",
			"geometry" : {
				"type" : "Point",
				"coordinates" : [ 149.7568561506, -30.3371956529 ]
			},
			"properties" : {
				"ASSET_OWNER" : "Narrabri Shire Council",
				"BOAT_RAMP_ID" : 812,
				"DESCRIPTION" : "Narrabri Lake Jetty",
				"CONTACT_NUMBER" : "02 6799 6866",
				"STREET" : "Walowa Street",
				"SUBURB" : "Narabri",
				"WATERWAY" : "Narrabri Lake",
				"STATE" : "NSW",
				"POSTCODE" : 2390,
				"NO_OF_RAMP_LANE" : null,
				"CAR_TRAILER_SPACE" : null,
				"WATERWAY_ACCESS" : "All Times",
				"CONDITION" : null,
				"CONSTRUCTION_MATERIAL" : null,
				"BBQ" : null,
				"FEE_PAYABLE" : null,
				"FISH_CLEAN_TABLE" : null,
				"FUEL" : null,
				"KIOSK" : null,
				"LIGHTING" : null,
				"TOILET" : "Yes",
				"WASTE_BIN" : null,
				"RAMP_PONTOON" : null,
				"PONTOON_JETTY_NEARBY" : "Yes"
			}
		},
		{
			"type" : "Feature",
			"geometry" : {
				"type" : "Point",
				"coordinates" : [ 151.1409684849, -34.0671042596 ]
			},
			"properties" : {
				"ASSET_OWNER" : "Sutherland Shire Council",
				"BOAT_RAMP_ID" : 808,
				"DESCRIPTION" : "Gunnamatta Bay small craft launching facility",
				"CONTACT_NUMBER" : "02 9710 0333",
				"STREET" : "Lugano Avenue",
				"SUBURB" : "Burraneer",
				"WATERWAY" : "Port Hacking",
				"STATE" : "NSW",
				"POSTCODE" : 2230,
				"NO_OF_RAMP_LANE" : null,
				"CAR_TRAILER_SPACE" : "3+",
				"WATERWAY_ACCESS" : "Passive Craft Only",
				"CONDITION" : "Good",
				"CONSTRUCTION_MATERIAL" : "Concrete",
				"BBQ" : "No",
				"FEE_PAYABLE" : "No",
				"FISH_CLEAN_TABLE" : "No",
				"FUEL" : "No",
				"KIOSK" : "No",
				"LIGHTING" : "No",
				"TOILET" : "No",
				"WASTE_BIN" : "No",
				"RAMP_PONTOON" : "No",
				"PONTOON_JETTY_NEARBY" : "No"
			}
		},
		{
			"type" : "Feature",
			"geometry" : {
				"type" : "Point",
				"coordinates" : [ 150.6687107614, -35.0341379214 ]
			},
			"properties" : {
				"ASSET_OWNER" : "Shoalhaven City Council",
				"BOAT_RAMP_ID" : 809,
				"DESCRIPTION" : "Huskisson Non-powered Boating Access",
				"CONTACT_NUMBER" : "1300 293 111",
				"STREET" : "Dent Street",
				"SUBURB" : "Huskisson",
				"WATERWAY" : "Currambene Creek",
				"STATE" : "NSW",
				"POSTCODE" : 2540,
				"NO_OF_RAMP_LANE" : null,
				"CAR_TRAILER_SPACE" : null,
				"WATERWAY_ACCESS" : "Passive Craft Only",
				"CONDITION" : "Good",
				"CONSTRUCTION_MATERIAL" : null,
				"BBQ" : "No",
				"FEE_PAYABLE" : "No",
				"FISH_CLEAN_TABLE" : "No",
				"FUEL" : "No",
				"KIOSK" : null,
				"LIGHTING" : null,
				"TOILET" : null,
				"WASTE_BIN" : null,
				"RAMP_PONTOON" : null,
				"PONTOON_JETTY_NEARBY" : null
			}
		},
		{
			"type" : "Feature",
			"geometry" : {
				"type" : "Point",
				"coordinates" : [ 153.0250801429, -28.8580065447 ]
			},
			"properties" : {
				"ASSET_OWNER" : "Richmond Valley Council",
				"BOAT_RAMP_ID" : 815,
				"DESCRIPTION" : "McDonald Park Boat Ramp",
				"CONTACT_NUMBER" : "02 6660 0300",
				"STREET" : "Fergusson Street",
				"SUBURB" : "Casino",
				"WATERWAY" : "Richmond River ",
				"STATE" : "NSW",
				"POSTCODE" : 2470,
				"NO_OF_RAMP_LANE" : "1",
				"CAR_TRAILER_SPACE" : "10+",
				"WATERWAY_ACCESS" : "All Times",
				"CONDITION" : "Good",
				"CONSTRUCTION_MATERIAL" : "Concrete",
				"BBQ" : "Yes",
				"FEE_PAYABLE" : "Yes",
				"FISH_CLEAN_TABLE" : "Yes",
				"FUEL" : "Yes",
				"KIOSK" : "Yes",
				"LIGHTING" : "Yes",
				"TOILET" : "Yes",
				"WASTE_BIN" : "Yes",
				"RAMP_PONTOON" : "Yes",
				"PONTOON_JETTY_NEARBY" : "Yes"
			}
		}
	]
}